transaction_id,customer_id,amount,payment_method,status,location,device,hour_of_day,risk_score,failed_attempts,is_fraud
TXN000001,CUST01127,228096.95,Mobile Money,Failed,Mbarara,iPhone,18,24,2,0
TXN000002,CUST01460,241267.66,Mobile Money,Successful,Jinja,Web,14,0,0,0
TXN000003,CUST00861,379009.39,Bank Transfer,Successful,Gulu,Web,22,12,1,0
TXN000004,CUST01295,141318.22,Bank Transfer,Successful,Gulu,Web,0,0,0,0
TXN000005,CUST01131,159360.79,Mobile Money,Successful,Jinja,Web,16,0,0,0
TXN000006,CUST01096,462358.57,Mobile Money,Successful,Gulu,iPhone,19,0,0,0
TXN000007,CUST01725,28584.04,Bank Transfer,Failed,Gulu,Web,3,24,2,0
TXN000008,CUST01045,243074.33,Mobile Money,Successful,Gulu,Android,19,12,1,0
TXN000009,CUST01639,456444.0,Mobile Money,Successful,Mbale,Web,8,12,1,0
TXN000010,CUST00122,305376.32,Bank Transfer,Successful,Kampala,Web,5,12,1,0
TXN000011,CUST00467,273430.33,Bank Transfer,Successful,Mbale,iPhone,2,0,0,0
TXN000012,CUST01239,125247.22,Card,Successful,Jinja,Android,21,12,1,0
TXN000013,CUST00331,171966.11,Bank Transfer,Successful,Mbale,Android,1,12,1,0
TXN000014,CUST01483,426098.18,Bank Transfer,Successful,Mbale,iPhone,17,0,0,0
TXN000015,CUST00088,279829.46,Bank Transfer,Successful,Mbarara,iPhone,22,12,1,0
TXN000016,CUST01397,257613.73,Card,Successful,Jinja,Android,18,0,0,0
TXN000017,CUST01124,50240.07,Mobile Money,Successful,Jinja,Android,6,0,0,0
TXN000018,CUST00872,8506.06,Bank Transfer,Successful,Jinja,Web,2,0,0,0
TXN000019,CUST01688,481860.75,Bank Transfer,Successful,Mbale,iPhone,17,0,0,0
TXN000020,CUST00131,188804.59,Card,Successful,Jinja,Android,19,0,0,0
TXN000021,CUST01686,301804.92,Card,Successful,Mbarara,Android,19,12,1,0
TXN000022,CUST01333,40317.68,Card,Failed,Gulu,iPhone,18,24,2,0
TXN000023,CUST00770,341715.59,Mobile Money,Successful,Mbale,iPhone,8,0,0,0
TXN000024,CUST00344,466317.07,Card,Successful,Gulu,Android,15,0,0,0
TXN000025,CUST01516,288044.79,Mobile Money,Successful,Gulu,iPhone,5,0,0,0
TXN000026,CUST01438,63494.6,Bank Transfer,Successful,Mbale,Android,20,0,0,0
TXN000027,CUST00806,291069.9,Bank Transfer,Failed,Mbale,Android,11,24,2,0
TXN000028,CUST00386,383290.43,Bank Transfer,Successful,Jinja,Web,5,0,0,0
TXN000029,CUST01216,203505.06,Card,Successful,Mbarara,Web,12,0,0,0
TXN000030,CUST00956,439978.96,Bank Transfer,Successful,Mbale,iPhone,23,12,1,0
TXN000031,CUST00277,324517.14,Card,Successful,Gulu,iPhone,4,12,1,0
TXN000032,CUST01185,449674.83,Mobile Money,Successful,Mbale,Android,12,12,1,0
TXN000033,CUST00460,311940.9,Bank Transfer,Successful,Mbarara,Web,19,0,0,0
TXN000034,CUST01338,66078.34,Mobile Money,Successful,Kampala,iPhone,6,0,0,0
TXN000035,CUST00022,155191.01,Card,Successful,Gulu,Android,11,12,1,0
TXN000036,CUST00253,101296.58,Card,Successful,Kampala,Web,20,12,1,0
TXN000037,CUST00748,454458.84,Bank Transfer,Suspicious,Kampala,Android,3,40,0,1
TXN000038,CUST00857,380319.83,Bank Transfer,Successful,Mbarara,Web,4,0,0,0
TXN000039,CUST01585,338360.99,Card,Successful,Mbale,Android,15,0,0,0
TXN000040,CUST00475,150832.68,Bank Transfer,Successful,Kampala,Web,3,0,0,0
TXN000041,CUST01083,92430.36,Bank Transfer,Failed,Jinja,Android,7,36,3,0
TXN000042,CUST00511,378347.32,Mobile Money,Successful,Mbale,Android,15,0,0,0
TXN000043,CUST01706,237341.89,Card,Successful,Gulu,iPhone,7,0,0,0
TXN000044,CUST01500,113281.88,Mobile Money,Successful,Mbale,Web,16,0,0,0
TXN000045,CUST00700,308502.68,Bank Transfer,Successful,Mbarara,Web,13,0,0,0
TXN000046,CUST00976,20646.76,Mobile Money,Successful,Mbarara,iPhone,11,12,1,0
TXN000047,CUST01807,163422.04,Card,Successful,Gulu,iPhone,2,0,0,0
TXN000048,CUST00190,234544.22,Mobile Money,Successful,Gulu,Android,19,0,0,0
TXN000049,CUST00958,74405.19,Mobile Money,Successful,Gulu,Web,1,0,0,0
TXN000050,CUST00687,492334.91,Bank Transfer,Failed,Mbarara,Android,12,24,2,0
TXN000051,CUST00958,104944.13,Card,Successful,Mbale,Android,20,12,1,0
TXN000052,CUST00563,65611.39,Bank Transfer,Successful,Kampala,Android,10,0,0,0
TXN000053,CUST01900,102165.67,Bank Transfer,Successful,Kampala,iPhone,23,0,0,0
TXN000054,CUST01591,384646.04,Card,Successful,Jinja,Web,11,12,1,0
TXN000055,CUST01268,213040.08,Mobile Money,Successful,Mbarara,iPhone,17,0,0,0
TXN000056,CUST00832,282925.26,Bank Transfer,Successful,Gulu,iPhone,8,0,0,0
TXN000057,CUST01529,10994.07,Mobile Money,Successful,Mbale,Web,6,0,0,0
TXN000058,CUST01155,17698.44,Card,Successful,Mbarara,Web,5,12,1,0
TXN000059,CUST01509,223189.86,Bank Transfer,Failed,Jinja,iPhone,23,24,2,0
TXN000060,CUST01843,408419.29,Mobile Money,Successful,Kampala,iPhone,13,0,0,0
TXN000061,CUST00647,442676.82,Mobile Money,Successful,Mbale,iPhone,17,0,0,0
TXN000062,CUST00021,43809.93,Bank Transfer,Successful,Kampala,Web,13,0,0,0
TXN000063,CUST00841,269412.37,Card,Successful,Mbale,Web,4,0,0,0
TXN000064,CUST00167,456658.23,Mobile Money,Successful,Gulu,Android,19,0,0,0
TXN000065,CUST01298,194292.39,Card,Successful,Mbale,Web,23,12,1,0
TXN000066,CUST00388,414868.13,Bank Transfer,Successful,Gulu,iPhone,12,12,1,0
TXN000067,CUST00601,67280.98,Mobile Money,Successful,Mbarara,Web,0,0,0,0
TXN000068,CUST00316,467729.55,Mobile Money,Successful,Kampala,Web,11,0,0,0
TXN000069,CUST00014,375835.95,Mobile Money,Successful,Mbale,Web,18,0,0,0
TXN000070,CUST00242,470696.53,Card,Successful,Mbale,iPhone,9,0,0,0
TXN000071,CUST00777,338470.31,Mobile Money,Successful,Jinja,Android,23,0,0,0
TXN000072,CUST01370,182020.26,Mobile Money,Successful,Kampala,Android,4,0,0,0
TXN000073,CUST00565,469121.5,Bank Transfer,Successful,Mbarara,iPhone,19,0,0,0
TXN000074,CUST00898,138145.6,Mobile Money,Successful,Gulu,iPhone,5,12,1,0
TXN000075,CUST01364,166420.17,Card,Successful,Mbarara,Android,11,12,1,0
TXN000076,CUST00092,350553.8,Bank Transfer,Successful,Jinja,iPhone,20,0,0,0
TXN000077,CUST01391,382775.49,Bank Transfer,Failed,Mbarara,Web,2,24,2,0
TXN000078,CUST00956,464737.04,Mobile Money,Successful,Gulu,Web,13,0,0,0
TXN000079,CUST01479,102798.8,Bank Transfer,Successful,Kampala,Android,20,0,0,0
TXN000080,CUST01452,399100.02,Mobile Money,Successful,Jinja,Web,3,0,0,0
TXN000081,CUST00509,369403.75,Bank Transfer,Successful,Mbale,Android,16,0,0,0
TXN000082,CUST00776,32365.38,Card,Successful,Mbale,iPhone,16,12,1,0
TXN000083,CUST01967,193917.96,Mobile Money,Successful,Kampala,Android,13,0,0,0
TXN000084,CUST00035,141741.35,Card,Successful,Mbarara,Android,14,0,0,0
TXN000085,CUST00206,152592.97,Mobile Money,Successful,Mbale,Web,6,12,1,0
TXN000086,CUST01105,491481.97,Card,Suspicious,Jinja,Android,3,52,1,1
TXN000087,CUST01956,321567.32,Card,Successful,Gulu,Android,16,12,1,0
TXN000088,CUST01586,358979.24,Bank Transfer,Successful,Mbarara,Android,5,12,1,0
TXN000089,CUST01896,488320.51,Mobile Money,Successful,Gulu,iPhone,10,12,1,0
TXN000090,CUST01412,188912.29,Bank Transfer,Successful,Mbarara,Web,11,0,0,0
TXN000091,CUST01026,401019.16,Card,Successful,Jinja,Web,14,0,0,0
TXN000092,CUST01022,217548.22,Mobile Money,Successful,Gulu,Android,11,12,1,0
TXN000093,CUST01414,434832.07,Card,Successful,Jinja,Android,10,0,0,0
TXN000094,CUST00566,90738.44,Card,Successful,Gulu,iPhone,16,0,0,0
TXN000095,CUST01130,473869.25,Card,Successful,Mbarara,Web,7,0,0,0
TXN000096,CUST01796,109776.47,Card,Successful,Jinja,Web,11,12,1,0
TXN000097,CUST01846,163447.14,Bank Transfer,Successful,Mbarara,Android,8,0,0,0
TXN000098,CUST01501,378218.02,Card,Successful,Mbarara,iPhone,10,0,0,0
TXN000099,CUST00703,197180.69,Bank Transfer,Successful,Gulu,iPhone,2,0,0,0
TXN000100,CUST00402,304301.58,Card,Successful,Gulu,Android,6,0,0,0
TXN000101,CUST00730,222564.46,Mobile Money,Successful,Jinja,Android,20,0,0,0
TXN000102,CUST01580,371313.78,Card,Successful,Mbale,Android,2,0,0,0
TXN000103,CUST00162,114551.46,Card,Successful,Kampala,Android,20,0,0,0
TXN000104,CUST00202,29699.76,Mobile Money,Successful,Gulu,Android,15,12,1,0
TXN000105,CUST01982,150314.73,Mobile Money,Successful,Mbarara,iPhone,9,12,1,0
TXN000106,CUST00996,237417.18,Card,Successful,Kampala,iPhone,22,12,1,0
TXN000107,CUST00270,84426.02,Card,Successful,Jinja,Android,6,0,0,0
TXN000108,CUST01887,177721.25,Bank Transfer,Successful,Kampala,Android,23,12,1,0
TXN000109,CUST00816,200291.52,Mobile Money,Successful,Kampala,Web,19,0,0,0
TXN000110,CUST01295,29167.23,Mobile Money,Successful,Mbale,iPhone,14,0,0,0
TXN000111,CUST00456,291861.97,Bank Transfer,Successful,Mbale,iPhone,20,0,0,0
TXN000112,CUST01486,442229.54,Card,Failed,Kampala,Android,20,24,2,0
TXN000113,CUST01751,76295.59,Card,Successful,Mbale,iPhone,9,12,1,0
TXN000114,CUST01276,299105.1,Mobile Money,Successful,Mbale,iPhone,11,12,1,0
TXN000115,CUST01017,332537.23,Bank Transfer,Successful,Kampala,iPhone,17,0,0,0
TXN000116,CUST01726,209957.67,Card,Successful,Gulu,Web,22,0,0,0
TXN000117,CUST00296,350698.24,Mobile Money,Failed,Mbale,iPhone,22,36,3,0
TXN000118,CUST01749,205660.41,Card,Successful,Kampala,Android,8,0,0,0
TXN000119,CUST00720,252566.33,Card,Successful,Gulu,iPhone,8,0,0,0
TXN000120,CUST01773,4172.85,Card,Failed,Mbale,iPhone,3,24,2,0
TXN000121,CUST00338,346014.2,Mobile Money,Successful,Kampala,Web,4,12,1,0
TXN000122,CUST00879,330840.67,Bank Transfer,Successful,Mbale,iPhone,6,0,0,0
TXN000123,CUST01077,19681.24,Bank Transfer,Successful,Gulu,Web,6,0,0,0
TXN000124,CUST00792,184440.93,Card,Successful,Kampala,Web,10,0,0,0
TXN000125,CUST01946,489526.4,Bank Transfer,Successful,Gulu,Web,9,12,1,0
TXN000126,CUST00217,210657.91,Card,Successful,Mbarara,iPhone,10,12,1,0
TXN000127,CUST00764,251221.73,Mobile Money,Successful,Jinja,Android,23,0,0,0
TXN000128,CUST00188,455010.11,Mobile Money,Successful,Mbarara,Android,23,12,1,0
TXN000129,CUST00380,358772.31,Mobile Money,Successful,Mbale,iPhone,17,12,1,0
TXN000130,CUST00493,291244.03,Card,Suspicious,Gulu,Web,11,88,4,1
TXN000131,CUST01065,399003.44,Bank Transfer,Successful,Kampala,Android,15,12,1,0
TXN000132,CUST01181,432250.95,Mobile Money,Suspicious,Gulu,iPhone,3,40,0,1
TXN000133,CUST00015,228715.59,Card,Successful,Mbale,Android,16,12,1,0
TXN000134,CUST01837,237816.63,Bank Transfer,Successful,Kampala,iPhone,16,0,0,0
TXN000135,CUST00065,193332.44,Bank Transfer,Successful,Mbarara,Web,20,12,1,0
TXN000136,CUST01881,483369.72,Bank Transfer,Successful,Gulu,Android,22,12,1,0
TXN000137,CUST01863,348734.54,Card,Successful,Jinja,iPhone,4,0,0,0
TXN000138,CUST00521,42069.92,Card,Successful,Mbale,iPhone,12,0,0,0
TXN000139,CUST01368,431548.33,Card,Suspicious,Mbale,Android,2,52,1,1
TXN000140,CUST01153,240539.69,Mobile Money,Failed,Gulu,iPhone,22,24,2,0
TXN000141,CUST00648,34842.58,Card,Successful,Mbarara,Android,16,0,0,0
TXN000142,CUST01496,275083.77,Mobile Money,Successful,Mbarara,iPhone,10,0,0,0
TXN000143,CUST01087,208873.56,Mobile Money,Successful,Jinja,Android,0,12,1,0
TXN000144,CUST01163,438935.83,Mobile Money,Successful,Jinja,Web,17,0,0,0
TXN000145,CUST01523,102395.3,Card,Successful,Gulu,Android,16,0,0,0
TXN000146,CUST00593,413319.07,Mobile Money,Successful,Kampala,iPhone,8,12,1,0
TXN000147,CUST00392,279065.5,Card,Successful,Mbarara,Web,19,0,0,0
TXN000148,CUST01699,27777.85,Card,Failed,Kampala,Web,6,24,2,0
TXN000149,CUST00419,485936.73,Mobile Money,Suspicious,Kampala,Android,4,40,0,1
TXN000150,CUST00289,256551.31,Mobile Money,Successful,Gulu,Android,15,0,0,0
TXN000151,CUST00379,145792.99,Mobile Money,Successful,Jinja,Android,6,0,0,0
TXN000152,CUST01797,234968.72,Card,Successful,Kampala,Web,12,0,0,0
TXN000153,CUST01514,428999.96,Card,Successful,Gulu,Web,12,0,0,0
TXN000154,CUST00231,152799.11,Mobile Money,Successful,Jinja,Android,14,0,0,0
TXN000155,CUST01018,96741.86,Mobile Money,Successful,Kampala,iPhone,22,0,0,0
TXN000156,CUST00041,64971.09,Bank Transfer,Successful,Kampala,Web,16,0,0,0
TXN000157,CUST01052,149280.77,Mobile Money,Successful,Jinja,Android,16,12,1,0
TXN000158,CUST00135,390134.02,Bank Transfer,Successful,Jinja,iPhone,18,0,0,0
TXN000159,CUST00201,236077.37,Bank Transfer,Successful,Mbale,Android,9,0,0,0
TXN000160,CUST01864,114127.06,Card,Successful,Mbale,Web,1,0,0,0
TXN000161,CUST00780,83509.41,Card,Successful,Gulu,Web,13,12,1,0
TXN000162,CUST00930,166698.37,Bank Transfer,Successful,Gulu,Android,22,0,0,0
TXN000163,CUST01057,469992.22,Bank Transfer,Suspicious,Mbarara,iPhone,2,64,2,1
TXN000164,CUST01072,171841.84,Mobile Money,Successful,Mbale,Web,6,0,0,0
TXN000165,CUST00503,494067.98,Bank Transfer,Failed,Jinja,Android,10,24,2,0
TXN000166,CUST00407,242872.61,Mobile Money,Successful,Mbale,Android,16,0,0,0
TXN000167,CUST01598,89992.38,Card,Successful,Gulu,iPhone,14,12,1,0
TXN000168,CUST01752,445624.48,Mobile Money,Successful,Gulu,iPhone,18,12,1,0
TXN000169,CUST00805,230447.51,Card,Successful,Gulu,Web,10,0,0,0
TXN000170,CUST00099,354980.84,Bank Transfer,Successful,Jinja,iPhone,14,0,0,0
TXN000171,CUST00684,491863.94,Bank Transfer,Successful,Kampala,iPhone,14,12,1,0
TXN000172,CUST01896,25562.59,Bank Transfer,Successful,Gulu,Web,5,12,1,0
TXN000173,CUST00726,48798.93,Mobile Money,Successful,Mbale,Android,14,0,0,0
TXN000174,CUST01571,360368.14,Card,Successful,Kampala,Web,8,0,0,0
TXN000175,CUST00961,141271.59,Card,Successful,Mbale,Web,4,12,1,0
TXN000176,CUST01763,92558.55,Card,Successful,Gulu,iPhone,18,0,0,0
TXN000177,CUST00613,20161.26,Card,Successful,Jinja,iPhone,23,0,0,0
TXN000178,CUST01967,11412.43,Card,Successful,Kampala,Android,4,12,1,0
TXN000179,CUST01486,387355.56,Mobile Money,Successful,Kampala,iPhone,21,0,0,0
TXN000180,CUST00643,67649.5,Card,Successful,Gulu,Android,12,0,0,0
TXN000181,CUST01793,234126.45,Bank Transfer,Failed,Gulu,Android,17,24,2,0
TXN000182,CUST01029,303145.46,Card,Successful,Gulu,Android,19,0,0,0
TXN000183,CUST01242,214461.72,Bank Transfer,Successful,Mbarara,Web,16,12,1,0
TXN000184,CUST00503,14039.77,Mobile Money,Successful,Jinja,iPhone,14,0,0,0
TXN000185,CUST00767,391859.0,Mobile Money,Successful,Jinja,iPhone,13,0,0,0
TXN000186,CUST00398,5751.36,Bank Transfer,Successful,Gulu,Android,15,0,0,0
TXN000187,CUST00871,381064.0,Card,Successful,Mbarara,iPhone,3,12,1,0
TXN000188,CUST00795,446705.59,Mobile Money,Successful,Gulu,Android,16,0,0,0
TXN000189,CUST00393,216703.54,Mobile Money,Successful,Gulu,iPhone,19,0,0,0
TXN000190,CUST00207,268003.47,Mobile Money,Failed,Jinja,Web,13,24,2,0
TXN000191,CUST01039,238753.2,Card,Successful,Mbarara,iPhone,17,12,1,0
TXN000192,CUST01882,194909.71,Bank Transfer,Successful,Jinja,Android,5,12,1,0
TXN000193,CUST01578,443768.56,Bank Transfer,Successful,Gulu,Web,21,0,0,0
TXN000194,CUST00892,447019.79,Card,Successful,Mbale,iPhone,7,0,0,0
TXN000195,CUST01485,168240.27,Mobile Money,Successful,Kampala,Web,8,0,0,0
TXN000196,CUST01715,307727.34,Card,Failed,Gulu,Android,23,24,2,0
TXN000197,CUST01599,463490.33,Card,Suspicious,Mbarara,Android,0,40,0,1
TXN000198,CUST00864,481048.22,Bank Transfer,Successful,Mbale,iPhone,12,12,1,0
TXN000199,CUST00743,254725.04,Card,Successful,Mbarara,Android,2,12,1,0
TXN000200,CUST01265,226685.99,Card,Successful,Gulu,iPhone,5,0,0,0
TXN000201,CUST00564,139707.81,Mobile Money,Successful,Gulu,Android,16,12,1,0
TXN000202,CUST01021,479456.5,Mobile Money,Successful,Kampala,Android,7,0,0,0
TXN000203,CUST00096,71835.75,Bank Transfer,Successful,Mbarara,Android,5,12,1,0
TXN000204,CUST01924,290124.87,Mobile Money,Successful,Mbale,iPhone,15,0,0,0
TXN000205,CUST01758,141633.86,Card,Successful,Kampala,iPhone,0,0,0,0
TXN000206,CUST00485,139864.64,Card,Successful,Mbarara,iPhone,9,0,0,0
TXN000207,CUST01431,202781.81,Card,Successful,Gulu,iPhone,17,0,0,0
TXN000208,CUST00231,499397.07,Bank Transfer,Successful,Kampala,Android,21,12,1,0
TXN000209,CUST00749,27955.67,Mobile Money,Successful,Gulu,Web,13,12,1,0
TXN000210,CUST01679,289481.64,Card,Successful,Jinja,iPhone,23,0,0,0
TXN000211,CUST01195,41744.79,Mobile Money,Successful,Jinja,Android,4,12,1,0
TXN000212,CUST00541,77683.15,Mobile Money,Successful,Kampala,Android,16,0,0,0
TXN000213,CUST01060,220061.69,Mobile Money,Successful,Kampala,iPhone,13,0,0,0
TXN000214,CUST00525,255474.84,Mobile Money,Successful,Mbarara,iPhone,17,0,0,0
TXN000215,CUST01184,129766.81,Bank Transfer,Successful,Mbale,Android,3,12,1,0
TXN000216,CUST01863,158570.34,Bank Transfer,Successful,Mbale,iPhone,19,12,1,0
TXN000217,CUST01723,43940.03,Bank Transfer,Successful,Jinja,iPhone,22,0,0,0
TXN000218,CUST01267,151958.28,Card,Failed,Jinja,Web,1,36,3,0
TXN000219,CUST01110,483295.94,Card,Successful,Jinja,Web,6,0,0,0
TXN000220,CUST01820,472381.34,Card,Successful,Gulu,iPhone,6,0,0,0
TXN000221,CUST00578,167771.71,Bank Transfer,Successful,Mbale,Web,6,12,1,0
TXN000222,CUST00682,285641.54,Mobile Money,Successful,Kampala,Web,12,12,1,0
TXN000223,CUST00557,454842.9,Bank Transfer,Successful,Jinja,iPhone,18,0,0,0
TXN000224,CUST01598,3588.82,Card,Successful,Mbarara,Android,21,0,0,0
TXN000225,CUST01977,405436.44,Card,Successful,Kampala,Android,5,12,1,0
TXN000226,CUST01013,474210.59,Mobile Money,Successful,Kampala,Android,19,0,0,0
TXN000227,CUST00646,46117.2,Bank Transfer,Successful,Kampala,Android,16,0,0,0
TXN000228,CUST00796,81143.12,Mobile Money,Successful,Mbale,Web,17,0,0,0
TXN000229,CUST01052,480392.78,Bank Transfer,Successful,Jinja,Web,23,0,0,0
TXN000230,CUST01644,269001.3,Card,Successful,Mbarara,iPhone,0,0,0,0
TXN000231,CUST01580,7591.22,Mobile Money,Successful,Gulu,iPhone,22,0,0,0
TXN000232,CUST01364,129187.18,Mobile Money,Successful,Mbarara,Android,12,0,0,0
TXN000233,CUST01822,225246.87,Bank Transfer,Successful,Mbarara,Android,18,0,0,0
TXN000234,CUST01982,346608.0,Bank Transfer,Successful,Mbarara,iPhone,15,0,0,0
TXN000235,CUST01355,366713.61,Bank Transfer,Successful,Gulu,iPhone,9,12,1,0
TXN000236,CUST01664,497713.05,Card,Successful,Mbarara,Android,12,0,0,0
TXN000237,CUST01530,144111.84,Bank Transfer,Successful,Mbarara,Web,9,12,1,0
TXN000238,CUST01372,269340.94,Card,Successful,Jinja,Web,13,0,0,0
TXN000239,CUST01497,266895.11,Bank Transfer,Successful,Jinja,Web,8,12,1,0
TXN000240,CUST01255,203119.81,Bank Transfer,Failed,Jinja,Web,20,24,2,0
TXN000241,CUST00190,84996.37,Card,Successful,Kampala,Web,10,0,0,0
TXN000242,CUST01249,488739.55,Bank Transfer,Suspicious,Mbarara,iPhone,2,40,0,1
TXN000243,CUST01409,426731.93,Card,Successful,Mbale,iPhone,7,0,0,0
TXN000244,CUST01401,249417.35,Card,Successful,Mbale,Android,11,12,1,0
TXN000245,CUST01307,301821.09,Bank Transfer,Successful,Mbale,iPhone,2,0,0,0
TXN000246,CUST01982,114016.9,Bank Transfer,Successful,Gulu,iPhone,6,0,0,0
TXN000247,CUST00633,272121.64,Mobile Money,Successful,Jinja,iPhone,13,0,0,0
TXN000248,CUST00628,347637.58,Bank Transfer,Successful,Jinja,iPhone,6,0,0,0
TXN000249,CUST00973,257825.93,Mobile Money,Successful,Jinja,Android,6,0,0,0
TXN000250,CUST01769,495147.44,Bank Transfer,Successful,Gulu,iPhone,13,12,1,0
TXN000251,CUST01283,305865.16,Card,Successful,Mbarara,iPhone,11,0,0,0
TXN000252,CUST01383,185801.37,Card,Successful,Kampala,Android,0,0,0,0
TXN000253,CUST00710,386189.94,Mobile Money,Successful,Jinja,iPhone,4,0,0,0
TXN000254,CUST01480,85646.02,Bank Transfer,Successful,Mbarara,Android,10,0,0,0
TXN000255,CUST01435,192565.65,Mobile Money,Successful,Mbale,Web,0,0,0,0
TXN000256,CUST00649,173806.0,Bank Transfer,Successful,Kampala,Web,22,0,0,0
TXN000257,CUST00318,216187.64,Bank Transfer,Successful,Mbale,iPhone,12,0,0,0
TXN000258,CUST01701,390999.02,Card,Successful,Mbarara,iPhone,23,0,0,0
TXN000259,CUST01249,242344.43,Mobile Money,Successful,Mbarara,iPhone,22,12,1,0
TXN000260,CUST01843,397110.22,Card,Successful,Mbale,iPhone,16,12,1,0
TXN000261,CUST01258,288456.21,Card,Successful,Kampala,Web,2,12,1,0
TXN000262,CUST00684,171363.68,Card,Successful,Mbale,Web,9,0,0,0
TXN000263,CUST00664,405084.38,Mobile Money,Failed,Mbale,iPhone,18,36,3,0
TXN000264,CUST01999,119525.69,Bank Transfer,Successful,Mbale,Android,6,0,0,0
TXN000265,CUST01851,112579.3,Bank Transfer,Successful,Kampala,Android,19,0,0,0
TXN000266,CUST01398,252499.21,Mobile Money,Failed,Gulu,Web,2,24,2,0
TXN000267,CUST01696,130794.2,Bank Transfer,Successful,Kampala,Android,21,12,1,0
TXN000268,CUST01632,5038.97,Mobile Money,Successful,Mbale,iPhone,11,0,0,0
TXN000269,CUST01496,324324.61,Mobile Money,Successful,Jinja,iPhone,21,0,0,0
TXN000270,CUST01257,255791.36,Bank Transfer,Successful,Jinja,iPhone,9,0,0,0
TXN000271,CUST01716,223036.15,Card,Successful,Mbarara,iPhone,20,0,0,0
TXN000272,CUST01137,483500.77,Mobile Money,Successful,Gulu,iPhone,11,0,0,0
TXN000273,CUST01854,285813.99,Mobile Money,Successful,Mbarara,Android,14,0,0,0
TXN000274,CUST01521,431784.07,Mobile Money,Successful,Mbarara,Android,5,0,0,0
TXN000275,CUST00442,70155.39,Mobile Money,Successful,Jinja,Web,18,12,1,0
TXN000276,CUST00564,284818.63,Bank Transfer,Successful,Kampala,Web,4,0,0,0
TXN000277,CUST01292,434055.82,Bank Transfer,Successful,Mbarara,Android,19,0,0,0
TXN000278,CUST01534,291761.33,Mobile Money,Successful,Mbarara,Android,1,12,1,0
TXN000279,CUST01831,359148.08,Card,Successful,Gulu,Web,20,12,1,0
TXN000280,CUST01410,186335.76,Bank Transfer,Successful,Jinja,iPhone,18,0,0,0
TXN000281,CUST01411,46678.53,Card,Successful,Kampala,Web,18,0,0,0
TXN000282,CUST01137,229221.2,Card,Successful,Gulu,Web,3,0,0,0
TXN000283,CUST01637,197542.46,Mobile Money,Successful,Kampala,Android,19,0,0,0
TXN000284,CUST01649,433596.56,Bank Transfer,Suspicious,Kampala,Web,4,40,0,1
TXN000285,CUST00952,122375.65,Mobile Money,Successful,Mbarara,Web,6,0,0,0
TXN000286,CUST01105,483383.75,Mobile Money,Suspicious,Gulu,Android,3,40,0,1
TXN000287,CUST00699,479089.99,Card,Successful,Mbarara,iPhone,10,12,1,0
TXN000288,CUST00113,124192.01,Card,Successful,Mbale,iPhone,22,0,0,0
TXN000289,CUST00002,174351.95,Card,Successful,Kampala,iPhone,2,0,0,0
TXN000290,CUST00642,447830.09,Mobile Money,Suspicious,Gulu,Android,4,40,0,1
TXN000291,CUST00220,483327.8,Mobile Money,Successful,Jinja,Web,19,0,0,0
TXN000292,CUST01590,221997.83,Mobile Money,Successful,Mbarara,iPhone,14,12,1,0
TXN000293,CUST00855,160838.02,Mobile Money,Successful,Mbale,Web,20,0,0,0
TXN000294,CUST01760,263283.96,Mobile Money,Successful,Mbale,Android,17,0,0,0
TXN000295,CUST01249,344040.72,Mobile Money,Successful,Mbale,iPhone,15,0,0,0
TXN000296,CUST00385,137100.52,Mobile Money,Successful,Mbarara,iPhone,15,12,1,0
TXN000297,CUST01427,368368.35,Mobile Money,Failed,Jinja,Web,9,36,3,0
TXN000298,CUST01662,26302.85,Bank Transfer,Successful,Gulu,iPhone,0,0,0,0
TXN000299,CUST01154,25122.6,Bank Transfer,Successful,Kampala,Android,22,0,0,0
TXN000300,CUST01077,193450.71,Bank Transfer,Successful,Jinja,Web,10,12,1,0
TXN000301,CUST01708,177059.86,Bank Transfer,Failed,Mbarara,Web,16,24,2,0
TXN000302,CUST00730,158158.79,Mobile Money,Successful,Gulu,iPhone,23,0,0,0
TXN000303,CUST01696,245764.37,Mobile Money,Successful,Kampala,iPhone,14,0,0,0
TXN000304,CUST01734,160706.42,Card,Successful,Gulu,iPhone,6,0,0,0
TXN000305,CUST01440,96532.83,Card,Successful,Kampala,iPhone,5,0,0,0
TXN000306,CUST00247,155080.04,Bank Transfer,Failed,Kampala,Web,14,24,2,0
TXN000307,CUST00836,487464.68,Card,Successful,Mbale,Web,14,0,0,0
TXN000308,CUST01463,205851.15,Bank Transfer,Successful,Mbarara,iPhone,6,0,0,0
TXN000309,CUST00203,222634.03,Mobile Money,Successful,Jinja,Web,2,0,0,0
TXN000310,CUST01208,288484.22,Mobile Money,Successful,Mbale,Android,13,0,0,0
TXN000311,CUST00123,491678.71,Card,Successful,Mbale,Web,8,0,0,0
TXN000312,CUST00401,121179.84,Mobile Money,Failed,Gulu,Android,2,24,2,0
TXN000313,CUST00767,340800.41,Mobile Money,Successful,Kampala,Android,5,12,1,0
TXN000314,CUST00294,358134.35,Bank Transfer,Successful,Kampala,Android,19,12,1,0
TXN000315,CUST00280,303858.55,Card,Successful,Gulu,iPhone,8,0,0,0
TXN000316,CUST01861,44744.88,Mobile Money,Successful,Mbarara,Web,0,0,0,0
TXN000317,CUST00884,338597.7,Card,Successful,Kampala,Android,8,0,0,0
TXN000318,CUST01634,32515.31,Mobile Money,Failed,Mbale,iPhone,11,24,2,0
TXN000319,CUST00198,298273.25,Bank Transfer,Successful,Mbale,Web,3,12,1,0
TXN000320,CUST00982,369920.8,Mobile Money,Successful,Kampala,Web,15,0,0,0
TXN000321,CUST01931,105879.46,Card,Successful,Kampala,iPhone,4,12,1,0
TXN000322,CUST01535,420890.19,Card,Successful,Mbarara,Web,16,0,0,0
TXN000323,CUST00752,15661.73,Bank Transfer,Successful,Kampala,iPhone,16,12,1,0
TXN000324,CUST00144,421984.53,Mobile Money,Successful,Mbarara,iPhone,5,0,0,0
TXN000325,CUST00609,230434.36,Bank Transfer,Successful,Mbale,iPhone,14,0,0,0
TXN000326,CUST01225,109185.18,Card,Successful,Mbarara,Web,0,0,0,0
TXN000327,CUST01148,67322.18,Bank Transfer,Successful,Kampala,iPhone,12,12,1,0
TXN000328,CUST00187,476676.93,Mobile Money,Successful,Jinja,iPhone,15,0,0,0
TXN000329,CUST01350,36796.46,Mobile Money,Failed,Kampala,Web,1,24,2,0
TXN000330,CUST00464,99947.16,Bank Transfer,Successful,Jinja,Android,18,12,1,0
TXN000331,CUST01373,174237.26,Card,Successful,Mbale,iPhone,22,12,1,0
TXN000332,CUST01795,310307.31,Card,Successful,Gulu,iPhone,1,0,0,0
TXN000333,CUST00660,272628.14,Bank Transfer,Successful,Mbale,Android,20,12,1,0
TXN000334,CUST00764,63258.92,Mobile Money,Successful,Mbale,Web,11,0,0,0
TXN000335,CUST00955,145219.13,Mobile Money,Successful,Mbale,Web,11,0,0,0
TXN000336,CUST01956,119756.51,Mobile Money,Successful,Mbarara,Web,7,0,0,0
TXN000337,CUST00403,107164.66,Mobile Money,Successful,Mbale,iPhone,11,0,0,0
TXN000338,CUST01370,205866.6,Card,Successful,Gulu,Android,23,0,0,0
TXN000339,CUST01987,352163.71,Mobile Money,Successful,Kampala,Web,10,0,0,0
TXN000340,CUST01535,109117.74,Bank Transfer,Successful,Jinja,Android,1,0,0,0
TXN000341,CUST00147,183656.1,Bank Transfer,Successful,Mbale,Web,0,0,0,0
TXN000342,CUST01172,195763.25,Bank Transfer,Failed,Jinja,iPhone,3,24,2,0
TXN000343,CUST00864,488240.04,Bank Transfer,Successful,Mbale,Web,8,0,0,0
TXN000344,CUST01735,477355.85,Mobile Money,Failed,Mbarara,Android,6,36,3,0
TXN000345,CUST01844,400168.72,Card,Successful,Jinja,Android,21,12,1,0
TXN000346,CUST00489,121208.63,Mobile Money,Successful,Mbale,Android,9,0,0,0
TXN000347,CUST00929,34484.64,Card,Successful,Mbale,iPhone,19,0,0,0
TXN000348,CUST01960,158793.62,Mobile Money,Successful,Gulu,Web,13,0,0,0
TXN000349,CUST01664,133763.88,Card,Successful,Gulu,iPhone,0,12,1,0
TXN000350,CUST00551,253209.94,Bank Transfer,Failed,Gulu,iPhone,4,24,2,0
TXN000351,CUST00338,388975.09,Bank Transfer,Successful,Mbarara,Android,12,0,0,0
TXN000352,CUST00872,429232.31,Card,Successful,Jinja,Android,5,0,0,0
TXN000353,CUST00641,422509.61,Card,Successful,Mbarara,iPhone,21,12,1,0
TXN000354,CUST01803,180157.94,Card,Successful,Kampala,iPhone,16,12,1,0
TXN000355,CUST01977,343773.55,Bank Transfer,Successful,Mbale,Web,14,0,0,0
TXN000356,CUST00473,156760.68,Bank Transfer,Successful,Mbale,Android,6,0,0,0
TXN000357,CUST01970,30922.32,Mobile Money,Successful,Mbale,Android,7,0,0,0
TXN000358,CUST00151,350931.85,Card,Successful,Gulu,Android,20,12,1,0
TXN000359,CUST01439,5408.86,Card,Successful,Mbale,Web,1,0,0,0
TXN000360,CUST01322,204886.7,Card,Successful,Gulu,Web,17,0,0,0
TXN000361,CUST01635,165024.95,Bank Transfer,Successful,Kampala,Android,20,0,0,0
TXN000362,CUST00263,346842.08,Card,Successful,Mbarara,Android,22,12,1,0
TXN000363,CUST01788,383239.61,Card,Successful,Mbarara,iPhone,6,0,0,0
TXN000364,CUST00144,152395.27,Bank Transfer,Successful,Mbarara,iPhone,19,12,1,0
TXN000365,CUST00346,405907.69,Card,Failed,Gulu,Web,15,24,2,0
TXN000366,CUST00624,147311.42,Mobile Money,Successful,Jinja,Android,18,0,0,0
TXN000367,CUST01017,223440.02,Bank Transfer,Successful,Jinja,iPhone,8,12,1,0
TXN000368,CUST01596,363645.75,Bank Transfer,Successful,Kampala,iPhone,11,0,0,0
TXN000369,CUST00881,346613.65,Bank Transfer,Successful,Jinja,Android,13,12,1,0
TXN000370,CUST00002,493690.55,Mobile Money,Successful,Kampala,Android,6,12,1,0
TXN000371,CUST00897,112967.93,Bank Transfer,Successful,Mbale,iPhone,1,12,1,0
TXN000372,CUST01328,331327.8,Bank Transfer,Successful,Mbarara,Android,16,0,0,0
TXN000373,CUST00254,305036.11,Bank Transfer,Successful,Gulu,Android,10,0,0,0
TXN000374,CUST01676,457591.68,Bank Transfer,Successful,Kampala,Web,17,0,0,0
TXN000375,CUST00453,78602.89,Mobile Money,Successful,Gulu,iPhone,11,0,0,0
TXN000376,CUST01061,376023.18,Card,Successful,Gulu,iPhone,2,0,0,0
TXN000377,CUST01184,284350.17,Card,Successful,Mbarara,Web,20,0,0,0
TXN000378,CUST01015,137695.6,Bank Transfer,Successful,Mbale,Web,13,0,0,0
TXN000379,CUST00009,237480.24,Mobile Money,Successful,Mbale,iPhone,14,0,0,0
TXN000380,CUST01257,167221.41,Bank Transfer,Successful,Jinja,iPhone,18,0,0,0
TXN000381,CUST01123,289867.04,Card,Successful,Mbale,Android,9,0,0,0
TXN000382,CUST01683,444555.81,Card,Successful,Mbarara,Android,8,0,0,0
TXN000383,CUST00816,284867.84,Mobile Money,Successful,Gulu,iPhone,9,0,0,0
TXN000384,CUST00208,316045.35,Card,Successful,Kampala,Android,19,0,0,0
TXN000385,CUST01155,259614.55,Bank Transfer,Successful,Kampala,Android,22,0,0,0
TXN000386,CUST00404,26057.17,Mobile Money,Successful,Mbale,Android,3,0,0,0
TXN000387,CUST00152,116812.85,Card,Successful,Jinja,Web,18,0,0,0
TXN000388,CUST00054,246254.86,Bank Transfer,Successful,Kampala,iPhone,9,0,0,0
TXN000389,CUST01144,155462.52,Mobile Money,Successful,Jinja,iPhone,16,0,0,0
TXN000390,CUST01697,91290.92,Bank Transfer,Successful,Kampala,iPhone,11,0,0,0
TXN000391,CUST01944,252314.35,Card,Successful,Jinja,Android,0,0,0,0
TXN000392,CUST00628,161743.49,Bank Transfer,Failed,Jinja,Android,10,36,3,0
TXN000393,CUST00587,129424.77,Mobile Money,Successful,Gulu,Web,12,0,0,0
TXN000394,CUST01649,232260.72,Bank Transfer,Successful,Mbarara,Web,0,12,1,0
TXN000395,CUST01992,67075.49,Card,Successful,Kampala,iPhone,0,0,0,0
TXN000396,CUST01444,463908.99,Mobile Money,Successful,Mbale,Web,20,0,0,0
TXN000397,CUST01446,433917.2,Mobile Money,Successful,Mbarara,Web,15,0,0,0
TXN000398,CUST00104,353956.48,Card,Successful,Gulu,Android,6,0,0,0
TXN000399,CUST01876,53553.81,Bank Transfer,Failed,Gulu,iPhone,22,24,2,0
TXN000400,CUST00254,388050.69,Bank Transfer,Successful,Gulu,iPhone,9,12,1,0
TXN000401,CUST01251,404074.69,Card,Successful,Mbale,Web,15,0,0,0
TXN000402,CUST01136,383998.43,Mobile Money,Successful,Kampala,Android,0,12,1,0
TXN000403,CUST00510,57425.96,Card,Successful,Kampala,Web,21,0,0,0
TXN000404,CUST01497,322132.02,Mobile Money,Successful,Jinja,Web,8,0,0,0
TXN000405,CUST00099,417245.24,Mobile Money,Successful,Jinja,iPhone,5,0,0,0
TXN000406,CUST00153,288888.02,Bank Transfer,Successful,Jinja,Android,14,0,0,0
TXN000407,CUST01885,323380.48,Card,Failed,Mbale,Web,3,24,2,0
TXN000408,CUST00914,229452.56,Mobile Money,Successful,Mbarara,Web,14,0,0,0
TXN000409,CUST01920,264589.31,Bank Transfer,Failed,Kampala,Android,9,24,2,0
TXN000410,CUST00878,17671.24,Card,Successful,Jinja,Web,15,0,0,0
TXN000411,CUST00338,319662.03,Card,Successful,Mbale,iPhone,12,0,0,0
TXN000412,CUST01730,41182.88,Mobile Money,Successful,Mbale,Web,18,0,0,0
TXN000413,CUST00822,217789.79,Mobile Money,Successful,Jinja,iPhone,19,12,1,0
TXN000414,CUST01187,146681.22,Mobile Money,Successful,Gulu,iPhone,3,12,1,0
TXN000415,CUST01744,272941.26,Card,Successful,Gulu,iPhone,19,0,0,0
TXN000416,CUST00957,67141.46,Mobile Money,Successful,Gulu,iPhone,21,0,0,0
TXN000417,CUST01705,345975.88,Card,Successful,Jinja,iPhone,15,0,0,0
TXN000418,CUST00161,397608.26,Bank Transfer,Successful,Mbale,iPhone,10,0,0,0
TXN000419,CUST01604,82095.55,Card,Successful,Mbale,Web,14,0,0,0
TXN000420,CUST00801,52604.39,Mobile Money,Successful,Kampala,Android,10,12,1,0
TXN000421,CUST00398,73184.98,Card,Successful,Gulu,Web,22,0,0,0
TXN000422,CUST01301,438625.22,Mobile Money,Successful,Jinja,Android,10,0,0,0
TXN000423,CUST00816,264330.54,Bank Transfer,Successful,Kampala,Web,2,0,0,0
TXN000424,CUST01940,233896.87,Mobile Money,Successful,Mbale,Android,23,0,0,0
TXN000425,CUST01528,53802.55,Mobile Money,Successful,Kampala,Web,23,0,0,0
TXN000426,CUST01920,324953.23,Mobile Money,Successful,Gulu,iPhone,16,0,0,0
TXN000427,CUST01416,434065.8,Mobile Money,Suspicious,Mbarara,Android,4,52,1,1
TXN000428,CUST01159,414178.84,Mobile Money,Successful,Gulu,Web,12,12,1,0
TXN000429,CUST01219,313214.33,Mobile Money,Successful,Gulu,iPhone,9,0,0,0
TXN000430,CUST00401,38101.72,Bank Transfer,Successful,Jinja,Web,4,0,0,0
TXN000431,CUST00640,56642.32,Bank Transfer,Successful,Mbarara,Android,11,0,0,0
TXN000432,CUST01057,25129.84,Card,Successful,Mbarara,Web,7,0,0,0
TXN000433,CUST00688,129110.87,Mobile Money,Successful,Mbarara,Web,23,0,0,0
TXN000434,CUST00460,68262.9,Card,Failed,Mbale,iPhone,11,24,2,0
TXN000435,CUST00955,130394.0,Bank Transfer,Successful,Kampala,iPhone,15,0,0,0
TXN000436,CUST01907,192836.5,Bank Transfer,Successful,Mbale,iPhone,1,0,0,0
TXN000437,CUST00470,471519.9,Mobile Money,Suspicious,Mbarara,Android,2,40,0,1
TXN000438,CUST01399,305382.84,Mobile Money,Successful,Jinja,iPhone,17,12,1,0
TXN000439,CUST01046,417569.41,Card,Successful,Gulu,Android,16,0,0,0
TXN000440,CUST00750,355320.57,Bank Transfer,Successful,Gulu,iPhone,1,0,0,0
TXN000441,CUST01694,56695.31,Card,Successful,Mbale,iPhone,21,0,0,0
TXN000442,CUST00038,368092.24,Card,Successful,Mbale,iPhone,11,12,1,0
TXN000443,CUST00230,137911.89,Card,Failed,Jinja,iPhone,16,36,3,0
TXN000444,CUST01389,319734.37,Mobile Money,Successful,Gulu,Android,5,0,0,0
TXN000445,CUST00563,170810.51,Bank Transfer,Successful,Mbale,Android,16,12,1,0
TXN000446,CUST00438,498837.3,Card,Suspicious,Kampala,Android,1,40,0,1
TXN000447,CUST01800,132143.96,Bank Transfer,Failed,Mbale,iPhone,7,24,2,0
TXN000448,CUST01307,139925.67,Bank Transfer,Successful,Mbale,iPhone,13,0,0,0
TXN000449,CUST00027,465370.79,Card,Successful,Mbarara,iPhone,5,0,0,0
TXN000450,CUST00226,12809.88,Card,Failed,Kampala,Android,8,24,2,0
TXN000451,CUST01301,348496.15,Mobile Money,Successful,Kampala,Web,0,0,0,0
TXN000452,CUST00798,362800.53,Bank Transfer,Successful,Jinja,Web,4,0,0,0
TXN000453,CUST01633,418271.1,Card,Successful,Mbarara,Web,6,0,0,0
TXN000454,CUST00284,487232.44,Card,Successful,Kampala,Android,8,0,0,0
TXN000455,CUST00879,487813.16,Bank Transfer,Successful,Mbarara,Web,13,12,1,0
TXN000456,CUST00960,33105.74,Card,Successful,Mbarara,Android,8,0,0,0
TXN000457,CUST01505,411008.74,Bank Transfer,Suspicious,Gulu,Android,3,40,0,1
TXN000458,CUST00453,323331.81,Card,Successful,Kampala,iPhone,19,0,0,0
TXN000459,CUST01020,323847.4,Bank Transfer,Successful,Gulu,iPhone,14,0,0,0
TXN000460,CUST01853,64610.79,Card,Successful,Mbale,Android,3,12,1,0
TXN000461,CUST00816,325268.49,Card,Successful,Mbale,Web,2,0,0,0
TXN000462,CUST00659,491250.05,Mobile Money,Successful,Gulu,Android,23,0,0,0
TXN000463,CUST01540,455953.38,Bank Transfer,Successful,Mbale,Android,20,0,0,0
TXN000464,CUST00547,219845.77,Mobile Money,Successful,Gulu,Web,22,12,1,0
TXN000465,CUST01216,20454.01,Card,Successful,Jinja,iPhone,21,0,0,0
TXN000466,CUST01073,181465.6,Bank Transfer,Successful,Mbarara,Android,13,12,1,0
TXN000467,CUST01536,413281.96,Bank Transfer,Successful,Jinja,iPhone,8,0,0,0
TXN000468,CUST00017,350898.8,Card,Successful,Kampala,iPhone,18,0,0,0
TXN000469,CUST01196,229942.16,Card,Failed,Jinja,iPhone,5,24,2,0
TXN000470,CUST01244,28023.22,Card,Successful,Jinja,Android,2,12,1,0
TXN000471,CUST00158,213733.92,Card,Successful,Mbale,Web,17,0,0,0
TXN000472,CUST00477,234777.96,Bank Transfer,Successful,Gulu,Web,15,12,1,0
TXN000473,CUST01070,464313.49,Mobile Money,Suspicious,Kampala,iPhone,2,52,1,1
TXN000474,CUST01397,320722.51,Bank Transfer,Successful,Mbale,iPhone,1,0,0,0
TXN000475,CUST00518,156170.63,Bank Transfer,Successful,Kampala,Web,1,0,0,0
TXN000476,CUST00099,262896.47,Bank Transfer,Successful,Mbarara,iPhone,22,0,0,0
TXN000477,CUST01916,33494.63,Bank Transfer,Successful,Gulu,Web,9,0,0,0
TXN000478,CUST01769,486297.83,Card,Successful,Mbale,Web,14,0,0,0
TXN000479,CUST01061,180349.92,Mobile Money,Successful,Jinja,Android,2,12,1,0
TXN000480,CUST00280,239194.74,Bank Transfer,Successful,Mbarara,iPhone,7,0,0,0
TXN000481,CUST01373,177964.35,Bank Transfer,Successful,Jinja,iPhone,17,0,0,0
TXN000482,CUST00497,341414.61,Mobile Money,Successful,Kampala,Android,10,0,0,0
TXN000483,CUST00302,331284.96,Card,Successful,Mbarara,Web,6,12,1,0
TXN000484,CUST00181,357803.49,Bank Transfer,Failed,Mbale,iPhone,18,24,2,0
TXN000485,CUST00607,134437.54,Card,Failed,Jinja,Android,6,24,2,0
TXN000486,CUST01123,158176.41,Bank Transfer,Successful,Jinja,Web,1,0,0,0
TXN000487,CUST00700,63062.99,Bank Transfer,Successful,Kampala,Android,5,0,0,0
TXN000488,CUST00993,327927.23,Mobile Money,Successful,Kampala,Android,4,0,0,0
TXN000489,CUST01140,20378.67,Mobile Money,Successful,Gulu,Android,13,0,0,0
TXN000490,CUST00191,299042.33,Card,Failed,Gulu,Android,17,24,2,0
TXN000491,CUST00253,434913.09,Bank Transfer,Suspicious,Kampala,Web,3,64,2,1
TXN000492,CUST00981,445470.66,Card,Suspicious,Gulu,Android,3,52,1,1
TXN000493,CUST00928,224794.36,Mobile Money,Successful,Jinja,Web,23,0,0,0
TXN000494,CUST01185,229922.19,Mobile Money,Failed,Kampala,Android,12,24,2,0
TXN000495,CUST01280,38946.11,Mobile Money,Successful,Mbarara,Android,22,0,0,0
TXN000496,CUST01347,335547.13,Mobile Money,Successful,Kampala,iPhone,20,12,1,0
TXN000497,CUST00128,410719.08,Mobile Money,Suspicious,Mbale,iPhone,0,40,0,1
TXN000498,CUST00018,122705.2,Card,Successful,Mbale,iPhone,19,0,0,0
TXN000499,CUST01817,210939.79,Card,Successful,Kampala,iPhone,4,0,0,0
TXN000500,CUST01759,419500.25,Mobile Money,Successful,Mbarara,Android,23,0,0,0
TXN000501,CUST00566,438621.67,Bank Transfer,Suspicious,Kampala,Android,2,52,1,1
TXN000502,CUST00570,121968.4,Bank Transfer,Successful,Mbarara,Web,20,12,1,0
TXN000503,CUST01347,275510.03,Bank Transfer,Successful,Jinja,Android,18,0,0,0
TXN000504,CUST01896,96650.33,Bank Transfer,Successful,Jinja,Web,12,0,0,0
TXN000505,CUST00686,51388.44,Bank Transfer,Successful,Mbarara,Android,6,12,1,0
TXN000506,CUST01816,455604.69,Mobile Money,Successful,Gulu,Android,9,0,0,0
TXN000507,CUST00626,410343.5,Card,Suspicious,Jinja,Web,2,40,0,1
TXN000508,CUST01312,380137.43,Mobile Money,Successful,Mbale,iPhone,22,12,1,0
TXN000509,CUST01967,24858.78,Bank Transfer,Successful,Kampala,Android,1,0,0,0
TXN000510,CUST00854,421942.53,Bank Transfer,Successful,Gulu,iPhone,6,0,0,0
TXN000511,CUST01687,219303.02,Card,Successful,Mbale,Web,8,0,0,0
TXN000512,CUST00962,171526.36,Mobile Money,Successful,Kampala,Android,20,0,0,0
TXN000513,CUST01663,273464.94,Card,Successful,Mbale,Web,11,0,0,0
TXN000514,CUST00155,46130.94,Bank Transfer,Successful,Gulu,Android,21,0,0,0
TXN000515,CUST00490,378444.95,Bank Transfer,Successful,Mbarara,Web,9,0,0,0
TXN000516,CUST01410,291426.32,Card,Successful,Kampala,Web,18,0,0,0
TXN000517,CUST00785,93701.75,Bank Transfer,Successful,Mbale,iPhone,12,12,1,0
TXN000518,CUST01128,94521.98,Mobile Money,Successful,Mbale,iPhone,9,0,0,0
TXN000519,CUST01953,92532.2,Bank Transfer,Successful,Gulu,iPhone,4,0,0,0
TXN000520,CUST01417,28972.69,Bank Transfer,Successful,Gulu,Android,14,0,0,0
TXN000521,CUST01835,294105.33,Mobile Money,Successful,Gulu,Web,20,0,0,0
TXN000522,CUST00246,420253.91,Bank Transfer,Suspicious,Mbarara,iPhone,2,40,0,1
TXN000523,CUST01200,9240.36,Card,Failed,Jinja,Android,7,24,2,0
TXN000524,CUST01063,24977.82,Card,Successful,Mbale,iPhone,5,0,0,0
TXN000525,CUST01501,286598.75,Bank Transfer,Successful,Mbarara,Android,18,0,0,0
TXN000526,CUST01706,409838.09,Mobile Money,Successful,Mbale,Web,16,0,0,0
TXN000527,CUST00759,163706.08,Mobile Money,Successful,Mbarara,Web,9,12,1,0
TXN000528,CUST00538,175132.39,Card,Successful,Kampala,Web,0,12,1,0
TXN000529,CUST01891,298375.08,Bank Transfer,Successful,Jinja,Android,12,0,0,0
TXN000530,CUST01842,137469.34,Mobile Money,Successful,Mbale,Web,9,0,0,0
TXN000531,CUST00921,13790.88,Mobile Money,Successful,Gulu,Android,11,0,0,0
TXN000532,CUST00408,367746.64,Card,Successful,Jinja,Android,1,0,0,0
TXN000533,CUST00525,313012.13,Card,Successful,Mbale,Android,9,0,0,0
TXN000534,CUST00828,290587.62,Mobile Money,Successful,Kampala,Web,20,0,0,0
TXN000535,CUST01530,370971.22,Card,Successful,Mbale,Web,22,12,1,0
TXN000536,CUST00903,337777.8,Mobile Money,Successful,Mbale,Web,0,0,0,0
TXN000537,CUST01849,103338.05,Bank Transfer,Successful,Mbale,Android,0,0,0,0
TXN000538,CUST00036,176564.28,Card,Successful,Jinja,Web,19,12,1,0
TXN000539,CUST00685,63492.02,Card,Successful,Mbale,Android,14,12,1,0
TXN000540,CUST00020,65363.58,Bank Transfer,Successful,Gulu,Web,21,12,1,0
TXN000541,CUST00321,338259.78,Mobile Money,Successful,Mbarara,Android,0,0,0,0
TXN000542,CUST01800,429370.75,Mobile Money,Failed,Gulu,iPhone,20,24,2,0
TXN000543,CUST00512,481384.93,Card,Successful,Kampala,Web,8,0,0,0
TXN000544,CUST00400,314359.39,Mobile Money,Successful,Jinja,Web,23,0,0,0
TXN000545,CUST00654,92458.61,Mobile Money,Successful,Mbarara,Android,6,0,0,0
TXN000546,CUST00972,53272.35,Bank Transfer,Successful,Jinja,Android,15,0,0,0
TXN000547,CUST01907,406519.06,Bank Transfer,Successful,Jinja,Android,15,0,0,0
TXN000548,CUST00471,289588.86,Bank Transfer,Successful,Mbale,iPhone,12,0,0,0
TXN000549,CUST01167,309333.37,Card,Successful,Gulu,Web,9,0,0,0
TXN000550,CUST01116,390840.31,Bank Transfer,Successful,Mbarara,Android,17,12,1,0
TXN000551,CUST01378,351786.98,Bank Transfer,Successful,Mbale,iPhone,8,0,0,0
TXN000552,CUST00834,417311.9,Mobile Money,Successful,Mbarara,iPhone,11,0,0,0
TXN000553,CUST01824,28578.85,Bank Transfer,Successful,Gulu,Android,23,0,0,0
TXN000554,CUST00727,373886.56,Card,Successful,Mbale,Web,12,0,0,0
TXN000555,CUST01983,425500.95,Bank Transfer,Successful,Mbarara,Android,10,0,0,0
TXN000556,CUST00854,143424.45,Card,Successful,Mbale,Android,14,12,1,0
TXN000557,CUST00051,320403.41,Mobile Money,Successful,Jinja,Android,9,0,0,0
TXN000558,CUST01689,157423.95,Mobile Money,Successful,Kampala,iPhone,9,0,0,0
TXN000559,CUST01722,479006.55,Bank Transfer,Successful,Mbarara,iPhone,8,0,0,0
TXN000560,CUST00575,17195.07,Mobile Money,Successful,Gulu,Web,2,0,0,0
TXN000561,CUST01214,290106.53,Bank Transfer,Successful,Mbarara,iPhone,22,0,0,0
TXN000562,CUST01149,83668.52,Mobile Money,Successful,Kampala,Android,15,0,0,0
TXN000563,CUST00150,356253.99,Card,Successful,Mbarara,iPhone,11,12,1,0
TXN000564,CUST00314,88357.2,Mobile Money,Successful,Mbarara,Web,16,0,0,0
TXN000565,CUST00570,118073.94,Bank Transfer,Successful,Mbarara,Android,14,12,1,0
TXN000566,CUST01366,247438.22,Bank Transfer,Successful,Gulu,Android,2,0,0,0
TXN000567,CUST00305,457460.06,Bank Transfer,Suspicious,Kampala,iPhone,4,40,0,1
TXN000568,CUST01716,106251.33,Card,Successful,Kampala,iPhone,12,0,0,0
TXN000569,CUST00682,72547.89,Mobile Money,Successful,Gulu,Web,23,0,0,0
TXN000570,CUST00838,379608.93,Bank Transfer,Successful,Mbarara,Android,5,12,1,0
TXN000571,CUST01807,250559.46,Card,Successful,Mbarara,Web,8,12,1,0
TXN000572,CUST01078,455936.66,Card,Successful,Kampala,iPhone,18,0,0,0
TXN000573,CUST01003,73733.97,Card,Successful,Mbarara,Android,6,0,0,0
TXN000574,CUST00444,323140.98,Mobile Money,Failed,Jinja,iPhone,12,24,2,0
TXN000575,CUST00613,116823.13,Mobile Money,Successful,Mbarara,Android,21,0,0,0
TXN000576,CUST00993,78801.83,Mobile Money,Successful,Mbarara,Web,4,0,0,0
TXN000577,CUST00264,341872.99,Card,Successful,Mbale,Android,15,0,0,0
TXN000578,CUST01077,297045.47,Mobile Money,Failed,Kampala,iPhone,3,24,2,0
TXN000579,CUST01596,377536.32,Bank Transfer,Successful,Kampala,Android,4,0,0,0
TXN000580,CUST01004,155076.56,Card,Successful,Jinja,Web,19,12,1,0
TXN000581,CUST01644,224261.84,Mobile Money,Successful,Jinja,iPhone,18,12,1,0
TXN000582,CUST00005,203033.1,Card,Successful,Jinja,Web,22,0,0,0
TXN000583,CUST01127,492052.69,Card,Successful,Kampala,Android,5,12,1,0
TXN000584,CUST01220,146478.35,Mobile Money,Successful,Mbale,Android,3,0,0,0
TXN000585,CUST00774,147761.21,Card,Failed,Mbale,Android,0,24,2,0
TXN000586,CUST00877,177596.83,Mobile Money,Successful,Gulu,Android,16,0,0,0
TXN000587,CUST00992,282514.74,Mobile Money,Successful,Kampala,iPhone,8,0,0,0
TXN000588,CUST00884,126535.21,Mobile Money,Successful,Gulu,Android,15,0,0,0
TXN000589,CUST01374,457687.33,Card,Successful,Mbarara,iPhone,22,12,1,0
TXN000590,CUST00047,133209.94,Card,Successful,Jinja,iPhone,1,0,0,0
TXN000591,CUST00867,447959.96,Mobile Money,Successful,Gulu,iPhone,10,12,1,0
TXN000592,CUST00823,52185.79,Card,Successful,Gulu,Android,4,12,1,0
TXN000593,CUST00936,328453.07,Mobile Money,Suspicious,Kampala,Android,12,88,4,1
TXN000594,CUST01844,453539.27,Bank Transfer,Successful,Jinja,Web,19,0,0,0
TXN000595,CUST00656,84790.34,Card,Successful,Jinja,Android,16,12,1,0
TXN000596,CUST00269,484179.32,Card,Successful,Mbale,Android,14,0,0,0
TXN000597,CUST00370,226715.24,Bank Transfer,Successful,Gulu,Android,21,12,1,0
TXN000598,CUST00636,472884.7,Bank Transfer,Successful,Mbale,iPhone,11,12,1,0
TXN000599,CUST01130,338571.61,Bank Transfer,Successful,Gulu,Web,5,0,0,0
TXN000600,CUST01694,151142.64,Mobile Money,Successful,Kampala,Android,19,0,0,0
TXN000601,CUST01683,94557.11,Mobile Money,Successful,Kampala,Web,12,0,0,0
TXN000602,CUST00657,152215.66,Bank Transfer,Successful,Mbarara,iPhone,17,0,0,0
TXN000603,CUST00120,46962.2,Mobile Money,Successful,Gulu,Web,23,0,0,0
TXN000604,CUST00831,72362.05,Card,Successful,Gulu,Web,14,0,0,0
TXN000605,CUST01811,52777.89,Bank Transfer,Successful,Jinja,Web,14,12,1,0
TXN000606,CUST01628,211760.3,Card,Successful,Jinja,Web,7,0,0,0
TXN000607,CUST01082,397891.4,Mobile Money,Failed,Mbale,Web,18,24,2,0
TXN000608,CUST01975,71121.09,Bank Transfer,Suspicious,Mbarara,iPhone,22,88,4,1
TXN000609,CUST01370,65595.06,Mobile Money,Successful,Kampala,Android,13,0,0,0
TXN000610,CUST00741,321892.76,Card,Successful,Gulu,Web,6,12,1,0
TXN000611,CUST01498,98992.9,Mobile Money,Successful,Mbale,iPhone,13,0,0,0
TXN000612,CUST00117,49256.21,Card,Successful,Mbarara,iPhone,4,0,0,0
TXN000613,CUST01854,83840.86,Mobile Money,Successful,Jinja,Android,14,0,0,0
TXN000614,CUST00791,461903.83,Card,Successful,Mbarara,iPhone,20,12,1,0
TXN000615,CUST01151,410824.89,Mobile Money,Successful,Mbale,Android,14,0,0,0
TXN000616,CUST01417,177355.25,Bank Transfer,Successful,Kampala,Web,23,12,1,0
TXN000617,CUST01932,328082.47,Bank Transfer,Successful,Jinja,iPhone,3,12,1,0
TXN000618,CUST01013,268869.2,Mobile Money,Successful,Jinja,iPhone,0,0,0,0
TXN000619,CUST01665,338723.57,Card,Successful,Kampala,iPhone,16,0,0,0
TXN000620,CUST01082,341494.24,Mobile Money,Successful,Jinja,Web,19,0,0,0
TXN000621,CUST00634,314552.64,Bank Transfer,Successful,Mbale,Android,0,0,0,0
TXN000622,CUST00513,133417.63,Card,Failed,Jinja,Android,15,24,2,0
TXN000623,CUST01775,19983.71,Mobile Money,Successful,Gulu,iPhone,12,0,0,0
TXN000624,CUST00802,228055.61,Mobile Money,Successful,Mbarara,iPhone,17,0,0,0
TXN000625,CUST01120,445541.46,Card,Successful,Mbale,Web,9,0,0,0
TXN000626,CUST01662,284963.88,Mobile Money,Successful,Kampala,Web,22,0,0,0
TXN000627,CUST01142,416279.33,Bank Transfer,Successful,Mbale,Android,17,12,1,0
TXN000628,CUST00560,495816.36,Bank Transfer,Successful,Gulu,iPhone,16,12,1,0
TXN000629,CUST01625,82226.29,Card,Successful,Jinja,iPhone,8,12,1,0
TXN000630,CUST00488,346042.93,Mobile Money,Successful,Jinja,iPhone,13,0,0,0
TXN000631,CUST01261,337309.64,Mobile Money,Successful,Mbale,iPhone,20,12,1,0
TXN000632,CUST01909,489987.75,Bank Transfer,Successful,Jinja,Web,12,0,0,0
TXN000633,CUST00897,492807.57,Card,Successful,Jinja,Web,19,0,0,0
TXN000634,CUST01296,343495.97,Card,Successful,Gulu,Android,19,0,0,0
TXN000635,CUST01213,122185.59,Card,Successful,Kampala,iPhone,13,0,0,0
TXN000636,CUST00704,399378.64,Bank Transfer,Successful,Mbarara,Web,10,0,0,0
TXN000637,CUST01471,53961.05,Bank Transfer,Successful,Mbale,iPhone,12,0,0,0
TXN000638,CUST00581,390459.3,Card,Successful,Kampala,Android,16,12,1,0
TXN000639,CUST00790,455142.96,Card,Suspicious,Mbarara,iPhone,2,40,0,1
TXN000640,CUST00861,191725.28,Mobile Money,Successful,Kampala,Web,0,0,0,0
TXN000641,CUST00247,315502.33,Mobile Money,Successful,Mbale,Web,20,12,1,0
TXN000642,CUST01987,215356.29,Card,Successful,Gulu,Android,4,0,0,0
TXN000643,CUST01100,219163.64,Bank Transfer,Successful,Gulu,Android,12,0,0,0
TXN000644,CUST00154,155530.26,Bank Transfer,Successful,Gulu,iPhone,23,12,1,0
TXN000645,CUST01680,381183.75,Mobile Money,Successful,Kampala,iPhone,4,0,0,0
TXN000646,CUST01459,468120.19,Card,Suspicious,Mbale,Web,4,40,0,1
TXN000647,CUST00997,470405.05,Bank Transfer,Successful,Jinja,Web,22,12,1,0
TXN000648,CUST01110,87803.25,Bank Transfer,Successful,Jinja,Web,11,12,1,0
TXN000649,CUST00697,437434.45,Bank Transfer,Suspicious,Gulu,Android,1,40,0,1
TXN000650,CUST01309,368847.0,Bank Transfer,Successful,Kampala,Android,22,0,0,0
TXN000651,CUST01998,126792.28,Mobile Money,Successful,Jinja,Android,15,12,1,0
TXN000652,CUST01244,34108.66,Bank Transfer,Successful,Kampala,iPhone,16,0,0,0
TXN000653,CUST01093,134364.63,Bank Transfer,Successful,Mbale,Android,4,12,1,0
TXN000654,CUST01071,456148.01,Card,Successful,Gulu,iPhone,11,0,0,0
TXN000655,CUST01009,316772.75,Card,Successful,Mbarara,iPhone,14,0,0,0
TXN000656,CUST00094,360666.8,Mobile Money,Failed,Gulu,iPhone,5,24,2,0
TXN000657,CUST01774,128947.6,Mobile Money,Successful,Mbarara,Android,12,0,0,0
TXN000658,CUST00958,359834.38,Mobile Money,Successful,Jinja,Web,10,0,0,0
TXN000659,CUST01012,14546.69,Mobile Money,Successful,Mbarara,Android,16,0,0,0
TXN000660,CUST00453,187973.01,Bank Transfer,Successful,Kampala,Android,8,0,0,0
TXN000661,CUST01228,313563.3,Card,Successful,Mbarara,Android,15,0,0,0
TXN000662,CUST00912,73475.23,Bank Transfer,Successful,Jinja,iPhone,16,12,1,0
TXN000663,CUST00218,411590.29,Bank Transfer,Successful,Jinja,Web,19,12,1,0
TXN000664,CUST00474,117898.13,Bank Transfer,Successful,Gulu,Android,23,12,1,0
TXN000665,CUST00432,326314.42,Card,Successful,Jinja,Android,17,0,0,0
TXN000666,CUST00341,202895.97,Mobile Money,Successful,Kampala,iPhone,12,0,0,0
TXN000667,CUST00551,298223.78,Mobile Money,Failed,Mbarara,Android,10,24,2,0
TXN000668,CUST01636,54171.55,Card,Successful,Mbale,Android,12,0,0,0
TXN000669,CUST01313,8947.94,Card,Successful,Jinja,iPhone,23,0,0,0
TXN000670,CUST01278,454827.43,Mobile Money,Successful,Mbarara,Android,12,0,0,0
TXN000671,CUST01758,135180.19,Bank Transfer,Successful,Gulu,Web,11,12,1,0
TXN000672,CUST00357,409928.66,Mobile Money,Successful,Mbale,iPhone,13,0,0,0
TXN000673,CUST00023,499675.48,Card,Successful,Gulu,Web,12,12,1,0
TXN000674,CUST01786,106109.91,Mobile Money,Successful,Kampala,Android,8,12,1,0
TXN000675,CUST00522,132952.79,Mobile Money,Successful,Gulu,iPhone,13,12,1,0
TXN000676,CUST01782,331598.46,Mobile Money,Successful,Mbarara,iPhone,0,0,0,0
TXN000677,CUST01861,482741.59,Card,Successful,Mbale,Android,8,12,1,0
TXN000678,CUST01124,457949.27,Card,Suspicious,Gulu,Web,3,64,2,1
TXN000679,CUST00802,251686.32,Mobile Money,Successful,Gulu,Android,11,0,0,0
TXN000680,CUST01204,397657.59,Mobile Money,Successful,Kampala,iPhone,23,0,0,0
TXN000681,CUST01247,68305.05,Bank Transfer,Failed,Mbarara,iPhone,13,24,2,0
TXN000682,CUST01930,488730.37,Bank Transfer,Successful,Gulu,iPhone,8,0,0,0
TXN000683,CUST00762,482194.44,Mobile Money,Suspicious,Mbarara,Android,2,52,1,1
TXN000684,CUST01683,82282.61,Card,Successful,Jinja,Android,5,12,1,0
TXN000685,CUST00442,150061.85,Bank Transfer,Successful,Kampala,Android,2,0,0,0
TXN000686,CUST01632,50527.42,Mobile Money,Successful,Kampala,Web,0,0,0,0
TXN000687,CUST00769,136222.94,Bank Transfer,Successful,Kampala,Web,21,12,1,0
TXN000688,CUST01016,408069.92,Bank Transfer,Successful,Mbarara,Web,20,12,1,0
TXN000689,CUST01349,189468.65,Bank Transfer,Successful,Gulu,iPhone,2,0,0,0
TXN000690,CUST00516,44654.29,Card,Successful,Gulu,Web,13,0,0,0
TXN000691,CUST01040,171441.65,Mobile Money,Successful,Mbarara,iPhone,19,0,0,0
TXN000692,CUST00792,490700.98,Card,Suspicious,Mbarara,Web,1,40,0,1
TXN000693,CUST00336,315026.96,Card,Successful,Jinja,Web,11,0,0,0
TXN000694,CUST01783,208372.39,Bank Transfer,Successful,Mbale,iPhone,9,0,0,0
TXN000695,CUST00258,83685.99,Mobile Money,Successful,Mbale,Android,12,0,0,0
TXN000696,CUST00497,493095.31,Bank Transfer,Successful,Kampala,Web,19,0,0,0
TXN000697,CUST00896,410514.08,Card,Suspicious,Gulu,iPhone,3,64,2,1
TXN000698,CUST00160,141097.91,Card,Successful,Kampala,Android,18,12,1,0
TXN000699,CUST01499,35499.31,Mobile Money,Successful,Gulu,Android,21,12,1,0
TXN000700,CUST00852,28784.47,Card,Successful,Gulu,Android,0,0,0,0
TXN000701,CUST01688,60628.89,Card,Successful,Jinja,iPhone,10,12,1,0
TXN000702,CUST01932,290593.91,Mobile Money,Successful,Mbarara,Web,15,0,0,0
TXN000703,CUST00690,464417.33,Bank Transfer,Successful,Mbarara,Web,18,12,1,0
TXN000704,CUST01699,248623.34,Mobile Money,Successful,Mbarara,Web,18,0,0,0
TXN000705,CUST00380,421551.27,Card,Successful,Mbale,Android,11,0,0,0
TXN000706,CUST01569,223220.37,Mobile Money,Successful,Mbarara,Web,2,0,0,0
TXN000707,CUST01953,354437.48,Bank Transfer,Successful,Mbale,iPhone,22,0,0,0
TXN000708,CUST00957,366070.43,Card,Failed,Kampala,Web,23,36,3,0
TXN000709,CUST00691,87394.87,Bank Transfer,Successful,Mbale,Web,17,0,0,0
TXN000710,CUST01451,180927.42,Bank Transfer,Successful,Gulu,Web,16,0,0,0
TXN000711,CUST01637,318832.43,Mobile Money,Successful,Jinja,Web,4,0,0,0
TXN000712,CUST01292,35812.96,Bank Transfer,Successful,Jinja,iPhone,15,0,0,0
TXN000713,CUST01859,181089.32,Mobile Money,Successful,Gulu,Web,23,0,0,0
TXN000714,CUST01601,267632.33,Mobile Money,Successful,Kampala,Android,13,0,0,0
TXN000715,CUST01441,498114.13,Bank Transfer,Successful,Jinja,Web,18,0,0,0
TXN000716,CUST01192,237529.51,Mobile Money,Successful,Gulu,Android,5,0,0,0
TXN000717,CUST01866,408120.35,Mobile Money,Suspicious,Jinja,Android,2,40,0,1
TXN000718,CUST01067,216317.61,Bank Transfer,Successful,Mbale,Android,5,12,1,0
TXN000719,CUST01580,398297.17,Card,Successful,Jinja,iPhone,11,12,1,0
TXN000720,CUST00285,297909.69,Mobile Money,Successful,Mbale,Android,19,12,1,0
TXN000721,CUST00397,443354.42,Mobile Money,Successful,Mbale,Android,10,0,0,0
TXN000722,CUST00012,205765.8,Bank Transfer,Successful,Jinja,Web,6,0,0,0
TXN000723,CUST01631,302350.06,Mobile Money,Failed,Jinja,iPhone,0,24,2,0
TXN000724,CUST01326,315194.33,Bank Transfer,Successful,Mbale,iPhone,15,0,0,0
TXN000725,CUST01922,208982.78,Card,Successful,Jinja,iPhone,15,0,0,0
TXN000726,CUST01277,72583.87,Card,Successful,Kampala,Android,16,0,0,0
TXN000727,CUST00499,47232.92,Bank Transfer,Successful,Mbarara,Android,14,12,1,0
TXN000728,CUST00754,8827.44,Card,Successful,Mbarara,Android,20,0,0,0
TXN000729,CUST00035,436830.36,Bank Transfer,Successful,Gulu,Web,8,0,0,0
TXN000730,CUST00727,118619.22,Mobile Money,Successful,Mbarara,Android,4,0,0,0
TXN000731,CUST00849,106147.62,Card,Successful,Kampala,iPhone,19,0,0,0
TXN000732,CUST00090,368149.68,Mobile Money,Successful,Mbarara,Web,7,0,0,0
TXN000733,CUST00776,160348.05,Mobile Money,Successful,Mbarara,Web,20,0,0,0
TXN000734,CUST00605,253269.32,Bank Transfer,Successful,Kampala,iPhone,0,12,1,0
TXN000735,CUST01946,81674.28,Card,Successful,Mbale,Android,6,0,0,0
TXN000736,CUST00970,479892.99,Card,Successful,Mbarara,Web,10,12,1,0
TXN000737,CUST01626,425864.91,Mobile Money,Successful,Gulu,iPhone,19,0,0,0
TXN000738,CUST01022,431962.92,Mobile Money,Successful,Mbarara,Android,20,0,0,0
TXN000739,CUST00418,203683.49,Bank Transfer,Successful,Mbarara,Web,12,0,0,0
TXN000740,CUST00115,381299.43,Card,Successful,Kampala,Web,21,0,0,0
TXN000741,CUST00617,72366.14,Bank Transfer,Successful,Kampala,Web,12,0,0,0
TXN000742,CUST01927,4805.19,Bank Transfer,Successful,Gulu,Web,6,0,0,0
TXN000743,CUST01220,10476.48,Bank Transfer,Successful,Jinja,Web,10,12,1,0
TXN000744,CUST00826,293507.57,Card,Failed,Kampala,Android,17,24,2,0
TXN000745,CUST01525,227969.76,Bank Transfer,Successful,Jinja,iPhone,0,12,1,0
TXN000746,CUST01650,259248.67,Card,Successful,Gulu,Web,11,0,0,0
TXN000747,CUST01517,4227.84,Bank Transfer,Successful,Mbarara,iPhone,2,12,1,0
TXN000748,CUST01099,211631.97,Mobile Money,Successful,Mbarara,iPhone,0,0,0,0
TXN000749,CUST00413,359175.05,Bank Transfer,Successful,Jinja,iPhone,3,0,0,0
TXN000750,CUST01400,221625.5,Bank Transfer,Successful,Gulu,Android,5,0,0,0
TXN000751,CUST01444,366243.49,Card,Successful,Gulu,iPhone,4,0,0,0
TXN000752,CUST00729,116892.97,Mobile Money,Successful,Kampala,iPhone,10,0,0,0
TXN000753,CUST01301,406664.43,Mobile Money,Successful,Jinja,iPhone,19,12,1,0
TXN000754,CUST01021,294421.4,Card,Successful,Kampala,Web,22,12,1,0
TXN000755,CUST00761,105776.17,Card,Successful,Jinja,Web,12,0,0,0
TXN000756,CUST00676,118741.88,Mobile Money,Successful,Kampala,iPhone,10,0,0,0
TXN000757,CUST01418,314201.22,Card,Failed,Kampala,Android,5,24,2,0
TXN000758,CUST01893,415054.83,Mobile Money,Successful,Gulu,Web,18,0,0,0
TXN000759,CUST00457,208106.08,Bank Transfer,Successful,Gulu,Web,14,12,1,0
TXN000760,CUST00920,129521.06,Bank Transfer,Successful,Mbarara,iPhone,20,0,0,0
TXN000761,CUST00192,433572.3,Mobile Money,Successful,Mbarara,iPhone,12,0,0,0
TXN000762,CUST00739,334799.51,Mobile Money,Successful,Gulu,Android,9,12,1,0
TXN000763,CUST01713,224318.7,Bank Transfer,Successful,Gulu,Web,0,0,0,0
TXN000764,CUST01123,244206.15,Bank Transfer,Successful,Kampala,iPhone,12,0,0,0
TXN000765,CUST01572,102526.11,Mobile Money,Successful,Mbarara,Web,5,12,1,0
TXN000766,CUST00978,313587.91,Card,Failed,Gulu,iPhone,20,24,2,0
TXN000767,CUST01009,179691.88,Card,Successful,Jinja,iPhone,23,0,0,0
TXN000768,CUST00096,497824.77,Mobile Money,Successful,Jinja,Android,19,12,1,0
TXN000769,CUST01688,240351.67,Card,Successful,Mbarara,Web,11,0,0,0
TXN000770,CUST00663,243199.86,Bank Transfer,Failed,Jinja,Web,16,24,2,0
TXN000771,CUST01214,283142.97,Bank Transfer,Successful,Kampala,iPhone,17,0,0,0
TXN000772,CUST01760,458419.62,Card,Successful,Mbarara,Android,23,0,0,0
TXN000773,CUST00037,400508.64,Mobile Money,Failed,Gulu,Android,7,24,2,0
TXN000774,CUST01804,225839.47,Bank Transfer,Successful,Jinja,Android,13,12,1,0
TXN000775,CUST01393,359490.28,Bank Transfer,Successful,Kampala,Web,4,0,0,0
TXN000776,CUST01719,293324.63,Bank Transfer,Successful,Gulu,iPhone,21,12,1,0
TXN000777,CUST01549,246437.34,Card,Successful,Mbale,iPhone,1,12,1,0
TXN000778,CUST00279,96561.73,Mobile Money,Successful,Kampala,Android,21,12,1,0
TXN000779,CUST00217,232236.16,Card,Successful,Jinja,Android,10,0,0,0
TXN000780,CUST00867,123286.38,Mobile Money,Successful,Kampala,Android,2,0,0,0
TXN000781,CUST00873,457463.65,Mobile Money,Successful,Mbale,Web,21,12,1,0
TXN000782,CUST01822,168035.7,Card,Successful,Mbale,iPhone,15,12,1,0
TXN000783,CUST01297,476155.88,Bank Transfer,Successful,Kampala,Android,20,12,1,0
TXN000784,CUST01905,266761.12,Mobile Money,Successful,Gulu,Android,15,0,0,0
TXN000785,CUST00062,315956.42,Card,Successful,Gulu,iPhone,8,0,0,0
TXN000786,CUST00596,271698.75,Bank Transfer,Successful,Mbale,Web,12,0,0,0
TXN000787,CUST01904,65125.62,Mobile Money,Successful,Mbarara,Web,9,12,1,0
TXN000788,CUST00729,188222.7,Mobile Money,Successful,Mbarara,Web,16,0,0,0
TXN000789,CUST01366,50023.48,Bank Transfer,Successful,Gulu,iPhone,20,12,1,0
TXN000790,CUST00397,311665.55,Mobile Money,Successful,Mbarara,Web,16,0,0,0
TXN000791,CUST00699,223713.66,Card,Successful,Gulu,Android,9,0,0,0
TXN000792,CUST01043,389103.49,Mobile Money,Successful,Jinja,Web,7,0,0,0
TXN000793,CUST00177,110625.01,Mobile Money,Failed,Gulu,iPhone,6,24,2,0
TXN000794,CUST01636,82700.75,Bank Transfer,Successful,Jinja,Web,13,0,0,0
TXN000795,CUST00396,203462.95,Card,Successful,Mbale,iPhone,21,12,1,0
TXN000796,CUST00445,463329.4,Bank Transfer,Successful,Mbarara,iPhone,17,0,0,0
TXN000797,CUST01257,355355.7,Card,Successful,Mbale,Web,20,0,0,0
TXN000798,CUST01939,209752.35,Bank Transfer,Successful,Kampala,Android,18,12,1,0
TXN000799,CUST00076,258877.45,Mobile Money,Successful,Kampala,iPhone,17,12,1,0
TXN000800,CUST00265,42564.4,Card,Successful,Mbale,Web,13,12,1,0
TXN000801,CUST00455,492295.66,Card,Successful,Gulu,iPhone,9,12,1,0
TXN000802,CUST01820,333370.45,Mobile Money,Successful,Gulu,Web,0,0,0,0
TXN000803,CUST00718,143059.33,Bank Transfer,Failed,Mbarara,Android,8,24,2,0
TXN000804,CUST00735,293111.29,Card,Successful,Mbale,iPhone,17,0,0,0
TXN000805,CUST01408,55186.44,Mobile Money,Successful,Kampala,Android,12,12,1,0
TXN000806,CUST01588,482935.42,Mobile Money,Failed,Mbale,Android,16,24,2,0
TXN000807,CUST00851,87805.1,Card,Successful,Mbale,Android,22,0,0,0
TXN000808,CUST01530,324191.14,Card,Successful,Mbarara,Android,21,12,1,0
TXN000809,CUST01391,123104.5,Card,Successful,Gulu,Android,15,0,0,0
TXN000810,CUST00144,358921.91,Mobile Money,Successful,Kampala,Web,23,0,0,0
TXN000811,CUST00885,388522.27,Bank Transfer,Successful,Mbarara,Android,10,0,0,0
TXN000812,CUST01093,336873.15,Bank Transfer,Successful,Kampala,Web,22,0,0,0
TXN000813,CUST01123,307442.48,Card,Successful,Kampala,Android,8,0,0,0
TXN000814,CUST00396,446288.31,Mobile Money,Successful,Gulu,Android,6,0,0,0
TXN000815,CUST01049,39774.04,Mobile Money,Successful,Gulu,iPhone,21,0,0,0
TXN000816,CUST00948,165791.93,Card,Successful,Mbarara,Web,0,0,0,0
TXN000817,CUST00891,124519.6,Mobile Money,Successful,Jinja,Android,8,0,0,0
TXN000818,CUST01493,494012.97,Mobile Money,Successful,Mbarara,Android,9,12,1,0
TXN000819,CUST01508,195000.19,Mobile Money,Successful,Mbarara,Android,15,12,1,0
TXN000820,CUST01589,366440.04,Card,Successful,Jinja,Web,20,0,0,0
TXN000821,CUST01175,342520.22,Card,Successful,Kampala,Web,17,0,0,0
TXN000822,CUST01168,106434.58,Card,Successful,Mbale,Web,13,12,1,0
TXN000823,CUST00569,119879.34,Bank Transfer,Successful,Jinja,iPhone,10,0,0,0
TXN000824,CUST01063,141001.64,Bank Transfer,Successful,Mbale,iPhone,23,0,0,0
TXN000825,CUST00109,205858.08,Card,Successful,Kampala,Android,3,0,0,0
TXN000826,CUST01717,117545.37,Mobile Money,Successful,Jinja,Web,18,0,0,0
TXN000827,CUST01066,10315.92,Mobile Money,Successful,Gulu,Web,12,0,0,0
TXN000828,CUST01210,439756.83,Card,Suspicious,Mbarara,iPhone,0,40,0,1
TXN000829,CUST00935,482822.11,Mobile Money,Failed,Jinja,Android,20,24,2,0
TXN000830,CUST00398,171114.41,Mobile Money,Successful,Jinja,Web,18,0,0,0
TXN000831,CUST01247,169584.19,Bank Transfer,Successful,Kampala,Web,14,12,1,0
TXN000832,CUST00634,4042.36,Mobile Money,Successful,Gulu,Android,19,0,0,0
TXN000833,CUST01157,340285.22,Mobile Money,Failed,Jinja,iPhone,14,24,2,0
TXN000834,CUST01187,412807.23,Card,Successful,Gulu,iPhone,10,0,0,0
TXN000835,CUST01239,73730.85,Bank Transfer,Successful,Mbale,Web,22,0,0,0
TXN000836,CUST00733,80253.34,Bank Transfer,Successful,Jinja,Android,4,0,0,0
TXN000837,CUST00235,395146.58,Mobile Money,Successful,Gulu,Android,23,0,0,0
TXN000838,CUST01867,308337.23,Card,Successful,Mbarara,Android,21,0,0,0
TXN000839,CUST00658,22907.85,Bank Transfer,Successful,Kampala,Web,9,0,0,0
TXN000840,CUST00751,311462.22,Bank Transfer,Successful,Gulu,iPhone,17,0,0,0
TXN000841,CUST00588,154804.4,Mobile Money,Successful,Kampala,iPhone,6,0,0,0
TXN000842,CUST01033,184678.22,Bank Transfer,Failed,Jinja,iPhone,0,36,3,0
TXN000843,CUST01098,384980.84,Card,Successful,Jinja,iPhone,2,0,0,0
TXN000844,CUST00954,405562.13,Card,Suspicious,Mbale,iPhone,0,52,1,1
TXN000845,CUST00492,200478.14,Bank Transfer,Successful,Kampala,Web,16,0,0,0
TXN000846,CUST00913,473602.89,Card,Successful,Mbarara,Web,14,0,0,0
TXN000847,CUST01277,203528.13,Card,Successful,Mbarara,iPhone,4,12,1,0
TXN000848,CUST01254,386032.1,Mobile Money,Successful,Gulu,iPhone,21,0,0,0
TXN000849,CUST01543,242196.69,Bank Transfer,Successful,Mbarara,Web,15,0,0,0
TXN000850,CUST01198,448817.4,Bank Transfer,Successful,Kampala,iPhone,11,0,0,0
TXN000851,CUST01677,453926.74,Mobile Money,Successful,Jinja,iPhone,18,12,1,0
TXN000852,CUST01192,44164.7,Mobile Money,Successful,Kampala,iPhone,13,12,1,0
TXN000853,CUST00170,468278.42,Mobile Money,Suspicious,Kampala,Android,2,52,1,1
TXN000854,CUST01417,412854.65,Mobile Money,Successful,Jinja,iPhone,18,0,0,0
TXN000855,CUST00946,395759.7,Card,Failed,Kampala,Android,0,36,3,0
TXN000856,CUST00795,100855.21,Card,Successful,Mbarara,iPhone,20,0,0,0
TXN000857,CUST00634,402657.04,Mobile Money,Suspicious,Gulu,iPhone,0,40,0,1
TXN000858,CUST01218,425141.3,Bank Transfer,Successful,Gulu,Web,9,0,0,0
TXN000859,CUST01541,144930.59,Bank Transfer,Successful,Kampala,Web,2,0,0,0
TXN000860,CUST00029,476153.91,Bank Transfer,Successful,Jinja,Web,12,0,0,0
TXN000861,CUST01189,25405.14,Mobile Money,Successful,Mbale,Android,5,12,1,0
TXN000862,CUST01446,75379.67,Card,Successful,Kampala,Android,10,12,1,0
TXN000863,CUST00339,269021.78,Card,Successful,Kampala,iPhone,5,0,0,0
TXN000864,CUST01672,288108.34,Card,Successful,Mbale,Android,2,12,1,0
TXN000865,CUST01520,322752.47,Card,Suspicious,Gulu,Web,15,88,4,1
TXN000866,CUST01389,8976.08,Bank Transfer,Successful,Gulu,Android,8,0,0,0
TXN000867,CUST01857,480203.2,Bank Transfer,Successful,Mbale,iPhone,7,0,0,0
TXN000868,CUST01366,22771.75,Card,Successful,Jinja,Android,2,0,0,0
TXN000869,CUST00500,71959.45,Mobile Money,Failed,Kampala,Web,4,24,2,0
TXN000870,CUST01681,7500.25,Card,Successful,Mbarara,iPhone,20,0,0,0
TXN000871,CUST00511,283645.79,Card,Successful,Gulu,Android,13,0,0,0
TXN000872,CUST01351,466167.31,Mobile Money,Suspicious,Gulu,iPhone,4,40,0,1
TXN000873,CUST00217,333140.61,Card,Successful,Gulu,iPhone,18,0,0,0
TXN000874,CUST01325,411417.41,Bank Transfer,Suspicious,Jinja,Android,4,52,1,1
TXN000875,CUST01156,7133.96,Mobile Money,Successful,Mbale,iPhone,20,0,0,0
TXN000876,CUST01828,271236.64,Mobile Money,Successful,Jinja,Android,19,0,0,0
TXN000877,CUST01094,230051.71,Card,Successful,Gulu,Web,19,12,1,0
TXN000878,CUST01276,249734.49,Bank Transfer,Successful,Kampala,Web,1,12,1,0
TXN000879,CUST01439,36570.49,Bank Transfer,Successful,Gulu,Android,6,0,0,0
TXN000880,CUST01811,342375.46,Bank Transfer,Successful,Kampala,Android,0,12,1,0
TXN000881,CUST00445,251858.6,Card,Successful,Kampala,iPhone,20,0,0,0
TXN000882,CUST00876,382691.85,Card,Successful,Gulu,Android,17,12,1,0
TXN000883,CUST01206,242902.67,Bank Transfer,Successful,Gulu,iPhone,9,0,0,0
TXN000884,CUST00167,75116.13,Card,Successful,Kampala,Web,5,0,0,0
TXN000885,CUST00091,324304.35,Bank Transfer,Successful,Jinja,Android,6,0,0,0
TXN000886,CUST00714,86606.99,Card,Successful,Jinja,Web,11,12,1,0
TXN000887,CUST01882,436261.08,Mobile Money,Successful,Jinja,Android,17,12,1,0
TXN000888,CUST01555,306751.56,Mobile Money,Successful,Mbarara,Web,10,0,0,0
TXN000889,CUST00039,79023.34,Card,Successful,Kampala,Android,21,0,0,0
TXN000890,CUST01150,481187.86,Card,Successful,Mbarara,Android,18,0,0,0
TXN000891,CUST01475,259423.55,Bank Transfer,Successful,Mbarara,iPhone,3,0,0,0
TXN000892,CUST00173,36912.78,Mobile Money,Successful,Kampala,iPhone,18,12,1,0
TXN000893,CUST00653,313603.04,Bank Transfer,Successful,Mbarara,Android,12,0,0,0
TXN000894,CUST00754,126972.85,Card,Successful,Kampala,iPhone,18,12,1,0
TXN000895,CUST01244,401944.88,Bank Transfer,Suspicious,Mbale,Android,1,40,0,1
TXN000896,CUST01662,409002.13,Bank Transfer,Successful,Mbale,Android,8,0,0,0
TXN000897,CUST01082,489484.2,Card,Successful,Kampala,Web,7,0,0,0
TXN000898,CUST01684,251183.83,Mobile Money,Successful,Kampala,iPhone,20,0,0,0
TXN000899,CUST00476,227750.96,Bank Transfer,Successful,Kampala,iPhone,13,12,1,0
TXN000900,CUST00456,376861.06,Card,Successful,Jinja,Web,8,12,1,0
TXN000901,CUST00829,66669.09,Bank Transfer,Successful,Kampala,Android,12,12,1,0
TXN000902,CUST00895,273684.3,Card,Successful,Gulu,iPhone,17,0,0,0
TXN000903,CUST01385,273350.68,Card,Successful,Mbale,Android,5,0,0,0
TXN000904,CUST01959,45191.82,Card,Successful,Mbale,iPhone,22,0,0,0
TXN000905,CUST01025,209283.05,Mobile Money,Failed,Kampala,iPhone,21,24,2,0
TXN000906,CUST00387,426715.76,Mobile Money,Suspicious,Mbale,Android,2,52,1,1
TXN000907,CUST01997,428148.73,Card,Successful,Kampala,Android,9,0,0,0
TXN000908,CUST00348,50069.21,Mobile Money,Successful,Kampala,iPhone,9,0,0,0
TXN000909,CUST00190,45815.08,Bank Transfer,Successful,Mbale,Web,9,0,0,0
TXN000910,CUST00505,131716.39,Mobile Money,Successful,Mbale,Web,8,12,1,0
TXN000911,CUST01215,437445.65,Mobile Money,Successful,Gulu,Web,11,12,1,0
TXN000912,CUST01532,64886.84,Bank Transfer,Successful,Mbarara,Web,23,0,0,0
TXN000913,CUST01393,360138.4,Bank Transfer,Successful,Gulu,Web,7,12,1,0
TXN000914,CUST01433,51032.23,Bank Transfer,Successful,Gulu,Android,23,0,0,0
TXN000915,CUST00824,311757.36,Card,Successful,Mbale,iPhone,8,0,0,0
TXN000916,CUST00929,178355.62,Bank Transfer,Successful,Gulu,Web,16,0,0,0
TXN000917,CUST00934,394562.52,Bank Transfer,Successful,Mbale,iPhone,7,12,1,0
TXN000918,CUST01141,117228.38,Bank Transfer,Failed,Jinja,Android,17,24,2,0
TXN000919,CUST00134,319781.31,Card,Successful,Kampala,iPhone,19,12,1,0
TXN000920,CUST00058,118223.43,Mobile Money,Successful,Mbarara,Android,16,0,0,0
TXN000921,CUST01580,356973.31,Card,Successful,Jinja,iPhone,5,12,1,0
TXN000922,CUST00685,436902.18,Mobile Money,Successful,Kampala,iPhone,9,0,0,0
TXN000923,CUST00672,63837.5,Bank Transfer,Successful,Kampala,Android,0,0,0,0
TXN000924,CUST00173,433364.55,Card,Successful,Mbarara,iPhone,20,0,0,0
TXN000925,CUST01853,296990.84,Card,Successful,Gulu,Android,0,0,0,0
TXN000926,CUST00815,63991.69,Mobile Money,Successful,Kampala,iPhone,8,0,0,0
TXN000927,CUST01173,214057.16,Card,Successful,Mbarara,iPhone,19,0,0,0
TXN000928,CUST00080,80849.72,Card,Successful,Mbale,Web,2,12,1,0
TXN000929,CUST00886,350323.77,Mobile Money,Successful,Kampala,iPhone,23,0,0,0
TXN000930,CUST01237,379554.63,Card,Successful,Kampala,Web,5,0,0,0
TXN000931,CUST00203,53345.36,Card,Successful,Gulu,Web,6,12,1,0
TXN000932,CUST00764,253316.86,Bank Transfer,Failed,Gulu,Android,8,24,2,0
TXN000933,CUST01253,407405.22,Bank Transfer,Suspicious,Mbale,Android,4,40,0,1
TXN000934,CUST01700,468113.44,Bank Transfer,Successful,Kampala,iPhone,15,0,0,0
TXN000935,CUST01251,257002.17,Bank Transfer,Successful,Gulu,Android,1,12,1,0
TXN000936,CUST01683,475164.47,Bank Transfer,Suspicious,Mbarara,Web,2,40,0,1
TXN000937,CUST01556,268076.64,Card,Failed,Kampala,iPhone,2,24,2,0
TXN000938,CUST01465,197398.15,Card,Successful,Mbarara,Android,19,12,1,0
TXN000939,CUST01426,424177.46,Bank Transfer,Successful,Jinja,Android,22,0,0,0
TXN000940,CUST00047,246744.86,Mobile Money,Successful,Mbale,Android,9,0,0,0
TXN000941,CUST01257,236215.3,Bank Transfer,Successful,Gulu,Web,21,0,0,0
TXN000942,CUST01329,245411.09,Card,Successful,Jinja,Android,2,12,1,0
TXN000943,CUST01550,423469.11,Mobile Money,Successful,Gulu,iPhone,14,12,1,0
TXN000944,CUST01167,416054.8,Bank Transfer,Successful,Jinja,iPhone,13,12,1,0
TXN000945,CUST01439,202058.24,Mobile Money,Successful,Gulu,iPhone,22,0,0,0
TXN000946,CUST01537,166983.28,Bank Transfer,Successful,Mbale,Web,3,0,0,0
TXN000947,CUST01397,246218.05,Card,Successful,Kampala,Android,9,12,1,0
TXN000948,CUST01590,286599.87,Bank Transfer,Successful,Mbarara,iPhone,10,0,0,0
TXN000949,CUST01910,119549.44,Mobile Money,Successful,Jinja,Android,10,0,0,0
TXN000950,CUST01283,397080.56,Card,Successful,Mbarara,Android,7,0,0,0
TXN000951,CUST00656,243498.14,Bank Transfer,Successful,Mbarara,iPhone,22,0,0,0
TXN000952,CUST00471,167355.75,Bank Transfer,Failed,Gulu,Web,22,36,3,0
TXN000953,CUST01977,53857.09,Bank Transfer,Successful,Kampala,iPhone,8,0,0,0
TXN000954,CUST00971,119803.16,Bank Transfer,Failed,Gulu,iPhone,7,24,2,0
TXN000955,CUST01036,474665.95,Card,Failed,Mbarara,Web,11,24,2,0
TXN000956,CUST01354,152897.29,Card,Successful,Mbale,Android,16,0,0,0
TXN000957,CUST00736,84845.22,Bank Transfer,Successful,Kampala,Android,22,0,0,0
TXN000958,CUST00784,230606.06,Card,Successful,Kampala,Web,14,12,1,0
TXN000959,CUST00968,153890.33,Mobile Money,Successful,Mbarara,iPhone,18,12,1,0
TXN000960,CUST00358,18062.05,Card,Successful,Gulu,Web,19,0,0,0
TXN000961,CUST00972,161911.04,Mobile Money,Successful,Mbale,iPhone,5,0,0,0
TXN000962,CUST01432,272282.26,Mobile Money,Successful,Jinja,Web,4,0,0,0
TXN000963,CUST00668,276080.33,Card,Failed,Gulu,Android,7,24,2,0
TXN000964,CUST00373,178601.18,Bank Transfer,Successful,Kampala,Web,17,0,0,0
TXN000965,CUST01032,223927.73,Card,Successful,Gulu,Web,20,0,0,0
TXN000966,CUST01146,482776.2,Mobile Money,Successful,Jinja,iPhone,20,12,1,0
TXN000967,CUST01372,188985.56,Mobile Money,Successful,Mbale,iPhone,14,0,0,0
TXN000968,CUST00676,129484.29,Card,Successful,Mbale,iPhone,2,0,0,0
TXN000969,CUST00090,122111.79,Mobile Money,Successful,Jinja,Web,13,0,0,0
TXN000970,CUST01672,229153.42,Card,Successful,Jinja,Web,14,0,0,0
TXN000971,CUST00698,379880.31,Card,Successful,Mbarara,iPhone,12,0,0,0
TXN000972,CUST01340,103391.1,Bank Transfer,Successful,Kampala,Android,20,12,1,0
TXN000973,CUST01202,354793.42,Mobile Money,Successful,Mbarara,iPhone,19,12,1,0
TXN000974,CUST00540,11064.34,Card,Successful,Gulu,Web,20,0,0,0
TXN000975,CUST00732,209757.02,Mobile Money,Successful,Jinja,Web,8,0,0,0
TXN000976,CUST00869,388044.6,Card,Failed,Mbarara,iPhone,22,24,2,0
TXN000977,CUST00041,169697.11,Card,Successful,Kampala,iPhone,16,0,0,0
TXN000978,CUST00740,282086.68,Bank Transfer,Successful,Kampala,Web,18,0,0,0
TXN000979,CUST01728,102887.13,Card,Successful,Jinja,Web,3,12,1,0
TXN000980,CUST01947,371126.7,Bank Transfer,Successful,Mbarara,Android,19,12,1,0
TXN000981,CUST00502,26613.41,Mobile Money,Successful,Mbale,iPhone,9,0,0,0
TXN000982,CUST00959,426345.05,Bank Transfer,Failed,Jinja,iPhone,21,24,2,0
TXN000983,CUST01169,99499.1,Bank Transfer,Successful,Gulu,Android,2,0,0,0
TXN000984,CUST01225,437261.82,Mobile Money,Successful,Mbarara,Web,18,12,1,0
TXN000985,CUST00929,176588.36,Bank Transfer,Successful,Mbarara,Web,8,0,0,0
TXN000986,CUST01748,361480.45,Bank Transfer,Successful,Jinja,Android,4,0,0,0
TXN000987,CUST00461,159953.04,Card,Successful,Mbarara,iPhone,13,0,0,0
TXN000988,CUST00732,453002.88,Bank Transfer,Successful,Mbarara,Web,6,0,0,0
TXN000989,CUST00752,63755.24,Card,Successful,Gulu,Android,20,12,1,0
TXN000990,CUST00925,89670.63,Bank Transfer,Successful,Gulu,Android,5,0,0,0
TXN000991,CUST00909,246768.55,Mobile Money,Failed,Mbale,Android,23,24,2,0
TXN000992,CUST01582,41428.25,Mobile Money,Suspicious,Gulu,Web,7,88,4,1
TXN000993,CUST01571,98392.1,Bank Transfer,Successful,Mbale,Web,1,12,1,0
TXN000994,CUST01277,471911.31,Card,Failed,Gulu,Android,13,24,2,0
TXN000995,CUST00390,488256.59,Bank Transfer,Successful,Mbale,Android,21,0,0,0
TXN000996,CUST01618,188441.54,Card,Successful,Gulu,Web,6,12,1,0
TXN000997,CUST00883,461681.37,Bank Transfer,Suspicious,Gulu,Web,2,40,0,1
TXN000998,CUST00256,272639.93,Mobile Money,Successful,Jinja,Web,19,12,1,0
TXN000999,CUST00709,135236.36,Mobile Money,Successful,Gulu,Web,21,0,0,0
TXN001000,CUST01839,351348.16,Card,Successful,Mbale,Web,22,0,0,0
TXN001001,CUST01945,329621.45,Bank Transfer,Successful,Jinja,Android,5,0,0,0
TXN001002,CUST00450,494568.1,Card,Successful,Mbale,Web,20,0,0,0
TXN001003,CUST00010,132891.12,Mobile Money,Successful,Gulu,Web,13,0,0,0
TXN001004,CUST00824,336193.72,Card,Successful,Gulu,Android,11,12,1,0
TXN001005,CUST00798,26485.87,Bank Transfer,Successful,Mbale,Android,17,12,1,0
TXN001006,CUST01266,57266.2,Card,Successful,Mbarara,iPhone,11,0,0,0
TXN001007,CUST01275,2457.23,Bank Transfer,Successful,Jinja,Web,6,12,1,0
TXN001008,CUST00877,499730.61,Bank Transfer,Suspicious,Jinja,iPhone,4,52,1,1
TXN001009,CUST01029,401235.71,Mobile Money,Successful,Gulu,iPhone,11,12,1,0
TXN001010,CUST01143,393468.15,Bank Transfer,Successful,Jinja,Android,8,0,0,0
TXN001011,CUST01016,255108.17,Bank Transfer,Successful,Mbale,Android,10,0,0,0
TXN001012,CUST01825,150383.51,Bank Transfer,Successful,Gulu,iPhone,3,0,0,0
TXN001013,CUST00374,76056.51,Card,Successful,Jinja,iPhone,13,0,0,0
TXN001014,CUST01089,142695.03,Mobile Money,Successful,Kampala,iPhone,11,0,0,0
TXN001015,CUST00146,188297.63,Card,Successful,Jinja,iPhone,17,0,0,0
TXN001016,CUST00224,378276.89,Card,Successful,Mbale,Web,6,0,0,0
TXN001017,CUST01263,270061.06,Mobile Money,Successful,Jinja,iPhone,22,12,1,0
TXN001018,CUST00177,39203.07,Card,Successful,Mbarara,Android,0,12,1,0
TXN001019,CUST01803,9505.49,Card,Successful,Mbarara,iPhone,12,0,0,0
TXN001020,CUST00853,51614.92,Bank Transfer,Successful,Gulu,iPhone,15,0,0,0
TXN001021,CUST01306,205544.11,Card,Successful,Mbarara,Android,4,12,1,0
TXN001022,CUST00063,466629.86,Mobile Money,Successful,Mbale,iPhone,18,0,0,0
TXN001023,CUST01241,318882.54,Card,Successful,Kampala,Android,8,12,1,0
TXN001024,CUST01878,401012.04,Bank Transfer,Successful,Kampala,Web,22,0,0,0
TXN001025,CUST00827,233454.11,Card,Successful,Gulu,Web,8,0,0,0
TXN001026,CUST00795,181152.21,Mobile Money,Successful,Gulu,Android,11,0,0,0
TXN001027,CUST00689,54645.99,Bank Transfer,Successful,Mbarara,Web,17,0,0,0
TXN001028,CUST01485,438028.54,Card,Successful,Mbale,Web,23,0,0,0
TXN001029,CUST01953,391688.43,Mobile Money,Successful,Mbarara,Web,9,12,1,0
TXN001030,CUST01634,84474.99,Mobile Money,Successful,Mbale,Android,16,0,0,0
TXN001031,CUST00105,256374.15,Card,Successful,Mbale,iPhone,18,0,0,0
TXN001032,CUST01123,243943.72,Card,Successful,Kampala,Web,23,0,0,0
TXN001033,CUST00511,312733.23,Bank Transfer,Successful,Mbale,iPhone,10,0,0,0
TXN001034,CUST00385,473120.35,Card,Successful,Jinja,iPhone,15,12,1,0
TXN001035,CUST00405,290095.84,Bank Transfer,Successful,Mbale,Web,7,12,1,0
TXN001036,CUST00823,270338.52,Card,Successful,Kampala,Web,23,12,1,0
TXN001037,CUST00518,25636.31,Mobile Money,Failed,Mbarara,iPhone,14,24,2,0
TXN001038,CUST00476,31922.28,Mobile Money,Successful,Mbale,Web,10,12,1,0
TXN001039,CUST00709,94079.72,Mobile Money,Successful,Jinja,Android,6,0,0,0
TXN001040,CUST01887,16719.15,Mobile Money,Successful,Gulu,Android,1,12,1,0
TXN001041,CUST01669,371804.77,Bank Transfer,Successful,Mbarara,Web,18,0,0,0
TXN001042,CUST01894,361803.49,Mobile Money,Successful,Gulu,iPhone,8,0,0,0
TXN001043,CUST00771,68460.09,Bank Transfer,Successful,Jinja,Web,17,0,0,0
TXN001044,CUST01461,418121.41,Bank Transfer,Successful,Kampala,Android,12,12,1,0
TXN001045,CUST01047,77815.62,Bank Transfer,Successful,Kampala,iPhone,22,0,0,0
TXN001046,CUST00997,150937.21,Card,Successful,Mbarara,Web,0,0,0,0
TXN001047,CUST01589,124863.96,Bank Transfer,Successful,Mbale,Android,18,0,0,0
TXN001048,CUST00677,186467.4,Card,Successful,Mbale,iPhone,12,0,0,0
TXN001049,CUST00714,127704.55,Bank Transfer,Successful,Gulu,Android,13,0,0,0
TXN001050,CUST01482,244730.99,Card,Successful,Kampala,Web,16,0,0,0
TXN001051,CUST00083,204000.24,Card,Successful,Mbale,Web,21,12,1,0
TXN001052,CUST01169,493291.46,Mobile Money,Successful,Mbale,Android,19,0,0,0
TXN001053,CUST01109,28435.21,Bank Transfer,Failed,Kampala,Android,0,24,2,0
TXN001054,CUST01102,71519.6,Card,Successful,Kampala,Android,4,0,0,0
TXN001055,CUST00457,26886.53,Mobile Money,Successful,Jinja,Android,19,0,0,0
TXN001056,CUST01902,313107.68,Bank Transfer,Successful,Gulu,Android,13,12,1,0
TXN001057,CUST00001,27727.38,Mobile Money,Successful,Kampala,iPhone,17,12,1,0
TXN001058,CUST00051,418301.65,Card,Failed,Jinja,Web,12,24,2,0
TXN001059,CUST00685,256213.35,Mobile Money,Successful,Kampala,iPhone,22,0,0,0
TXN001060,CUST00717,263740.31,Mobile Money,Successful,Mbarara,Android,11,0,0,0
TXN001061,CUST01796,281016.46,Bank Transfer,Successful,Mbarara,iPhone,14,12,1,0
TXN001062,CUST01470,85821.45,Card,Successful,Mbarara,Web,23,0,0,0
TXN001063,CUST00449,99246.31,Bank Transfer,Failed,Kampala,Android,3,36,3,0
TXN001064,CUST00881,159749.25,Bank Transfer,Failed,Mbale,Android,8,24,2,0
TXN001065,CUST00488,296951.46,Mobile Money,Successful,Mbale,Web,2,0,0,0
TXN001066,CUST01824,105453.83,Card,Failed,Mbarara,iPhone,21,24,2,0
TXN001067,CUST00034,58607.7,Bank Transfer,Successful,Gulu,Web,10,0,0,0
TXN001068,CUST01372,485073.38,Card,Successful,Jinja,Web,14,0,0,0
TXN001069,CUST00095,11479.92,Bank Transfer,Successful,Mbarara,iPhone,15,12,1,0
TXN001070,CUST01096,401447.35,Mobile Money,Successful,Jinja,iPhone,6,12,1,0
TXN001071,CUST01575,394123.56,Bank Transfer,Successful,Jinja,Android,6,0,0,0
TXN001072,CUST00154,148958.45,Bank Transfer,Successful,Mbarara,Android,21,0,0,0
TXN001073,CUST00250,68245.49,Bank Transfer,Successful,Mbale,Android,8,0,0,0
TXN001074,CUST00674,73241.51,Card,Successful,Gulu,Web,16,12,1,0
TXN001075,CUST00438,348867.09,Mobile Money,Successful,Mbarara,iPhone,12,12,1,0
TXN001076,CUST00118,321581.89,Card,Successful,Jinja,iPhone,8,0,0,0
TXN001077,CUST00771,391481.46,Bank Transfer,Failed,Kampala,Android,8,24,2,0
TXN001078,CUST01915,468771.85,Mobile Money,Successful,Kampala,Web,19,12,1,0
TXN001079,CUST01330,346117.72,Card,Successful,Jinja,Web,11,0,0,0
TXN001080,CUST00268,78347.84,Bank Transfer,Successful,Mbarara,iPhone,20,0,0,0
TXN001081,CUST01985,122099.59,Mobile Money,Successful,Mbale,iPhone,18,0,0,0
TXN001082,CUST01078,421175.77,Mobile Money,Successful,Mbarara,iPhone,22,0,0,0
TXN001083,CUST00236,105048.38,Bank Transfer,Successful,Gulu,iPhone,14,12,1,0
TXN001084,CUST00389,36724.9,Mobile Money,Successful,Kampala,Web,17,0,0,0
TXN001085,CUST00990,351788.39,Mobile Money,Successful,Jinja,Android,7,0,0,0
TXN001086,CUST01758,201561.91,Card,Successful,Mbale,iPhone,5,0,0,0
TXN001087,CUST00763,460060.01,Mobile Money,Successful,Mbarara,iPhone,5,12,1,0
TXN001088,CUST01849,325302.41,Card,Successful,Gulu,iPhone,2,0,0,0
TXN001089,CUST00401,45664.28,Card,Successful,Mbarara,Web,2,0,0,0
TXN001090,CUST00624,473954.36,Card,Suspicious,Gulu,Android,1,40,0,1
TXN001091,CUST00767,129649.35,Card,Failed,Mbarara,Web,4,24,2,0
TXN001092,CUST01327,168937.64,Mobile Money,Failed,Mbale,Android,19,24,2,0
TXN001093,CUST00919,201429.08,Mobile Money,Successful,Mbale,Web,11,12,1,0
TXN001094,CUST01231,26086.54,Card,Successful,Jinja,iPhone,5,12,1,0
TXN001095,CUST01253,248509.45,Mobile Money,Successful,Mbale,iPhone,15,0,0,0
TXN001096,CUST00853,62097.59,Card,Successful,Gulu,Android,4,12,1,0
TXN001097,CUST01934,200784.68,Card,Successful,Jinja,Web,5,12,1,0
TXN001098,CUST00578,175679.54,Card,Successful,Mbale,Android,3,12,1,0
TXN001099,CUST00075,386533.62,Bank Transfer,Successful,Kampala,Web,13,12,1,0
TXN001100,CUST00435,401683.67,Mobile Money,Suspicious,Gulu,iPhone,2,40,0,1
TXN001101,CUST00103,77129.73,Mobile Money,Failed,Jinja,Android,16,24,2,0
TXN001102,CUST01446,183592.32,Card,Successful,Gulu,Android,4,0,0,0
TXN001103,CUST01728,186989.9,Mobile Money,Successful,Jinja,iPhone,21,0,0,0
TXN001104,CUST00764,76129.52,Card,Successful,Gulu,iPhone,20,0,0,0
TXN001105,CUST00738,399327.53,Mobile Money,Successful,Kampala,iPhone,20,12,1,0
TXN001106,CUST00806,353760.55,Card,Successful,Mbale,iPhone,5,12,1,0
TXN001107,CUST01330,95595.7,Card,Successful,Mbarara,iPhone,19,0,0,0
TXN001108,CUST00098,183677.59,Bank Transfer,Successful,Mbarara,iPhone,3,0,0,0
TXN001109,CUST01874,53349.61,Card,Successful,Mbarara,Web,12,12,1,0
TXN001110,CUST00798,314289.2,Bank Transfer,Successful,Jinja,Web,7,0,0,0
TXN001111,CUST01359,61125.28,Mobile Money,Successful,Mbale,Android,10,0,0,0
TXN001112,CUST00859,492974.12,Mobile Money,Successful,Jinja,Web,23,12,1,0
TXN001113,CUST00435,390450.7,Bank Transfer,Successful,Jinja,Android,18,12,1,0
TXN001114,CUST00447,195424.16,Mobile Money,Successful,Jinja,Web,22,0,0,0
TXN001115,CUST01332,289492.68,Bank Transfer,Successful,Jinja,Web,4,0,0,0
TXN001116,CUST00249,455715.24,Mobile Money,Suspicious,Mbale,iPhone,4,40,0,1
TXN001117,CUST00166,277272.59,Bank Transfer,Successful,Mbarara,Web,2,12,1,0
TXN001118,CUST01505,87661.99,Bank Transfer,Successful,Gulu,Web,1,0,0,0
TXN001119,CUST00984,189662.33,Card,Successful,Jinja,Web,2,0,0,0
TXN001120,CUST01359,421650.86,Mobile Money,Successful,Mbale,iPhone,14,12,1,0
TXN001121,CUST01020,322284.4,Card,Successful,Kampala,iPhone,6,12,1,0
TXN001122,CUST00542,325536.83,Bank Transfer,Successful,Gulu,Web,2,0,0,0
TXN001123,CUST00759,433477.33,Card,Successful,Jinja,Android,14,0,0,0
TXN001124,CUST01130,447039.54,Bank Transfer,Failed,Jinja,Web,10,36,3,0
TXN001125,CUST01587,459936.39,Mobile Money,Successful,Gulu,iPhone,15,0,0,0
TXN001126,CUST00081,47877.17,Mobile Money,Successful,Gulu,iPhone,12,0,0,0
TXN001127,CUST00133,272290.94,Mobile Money,Successful,Jinja,Android,1,0,0,0
TXN001128,CUST00797,370384.51,Bank Transfer,Successful,Mbale,iPhone,19,0,0,0
TXN001129,CUST00900,378584.96,Card,Successful,Kampala,iPhone,11,0,0,0
TXN001130,CUST00138,303554.74,Mobile Money,Successful,Mbale,Web,20,0,0,0
TXN001131,CUST00184,83810.27,Bank Transfer,Successful,Mbarara,Android,6,0,0,0
TXN001132,CUST01425,398811.57,Card,Successful,Mbarara,iPhone,0,0,0,0
TXN001133,CUST01354,360195.61,Bank Transfer,Successful,Mbarara,iPhone,13,0,0,0
TXN001134,CUST00785,43524.82,Bank Transfer,Successful,Jinja,Web,23,12,1,0
TXN001135,CUST01532,232173.01,Mobile Money,Successful,Kampala,Web,9,12,1,0
TXN001136,CUST01876,87401.71,Bank Transfer,Successful,Kampala,Web,2,12,1,0
TXN001137,CUST00984,169069.78,Bank Transfer,Successful,Jinja,Web,10,0,0,0
TXN001138,CUST00069,9531.51,Card,Failed,Jinja,Android,21,24,2,0
TXN001139,CUST00546,200464.77,Mobile Money,Successful,Jinja,Web,19,0,0,0
TXN001140,CUST01798,275163.52,Bank Transfer,Successful,Kampala,Android,20,12,1,0
TXN001141,CUST00053,309981.51,Bank Transfer,Successful,Jinja,iPhone,14,0,0,0
TXN001142,CUST01474,331913.43,Card,Failed,Gulu,iPhone,5,24,2,0
TXN001143,CUST00205,418227.51,Bank Transfer,Successful,Gulu,Web,17,12,1,0
TXN001144,CUST00126,108123.72,Bank Transfer,Successful,Gulu,Web,12,0,0,0
TXN001145,CUST01771,60680.67,Bank Transfer,Successful,Jinja,Web,14,12,1,0
TXN001146,CUST00043,425842.82,Bank Transfer,Suspicious,Gulu,iPhone,2,40,0,1
TXN001147,CUST01776,78728.1,Bank Transfer,Successful,Jinja,iPhone,14,12,1,0
TXN001148,CUST01995,487392.66,Card,Successful,Gulu,iPhone,23,12,1,0
TXN001149,CUST01907,421347.85,Bank Transfer,Successful,Jinja,Android,23,0,0,0
TXN001150,CUST00111,250687.86,Bank Transfer,Successful,Mbale,iPhone,0,12,1,0
TXN001151,CUST00761,490720.0,Bank Transfer,Failed,Mbarara,Web,9,24,2,0
TXN001152,CUST01687,49139.68,Bank Transfer,Successful,Mbale,Android,23,0,0,0
TXN001153,CUST01207,151881.35,Mobile Money,Successful,Mbarara,Android,17,0,0,0
TXN001154,CUST00848,319293.1,Mobile Money,Successful,Mbarara,Android,7,0,0,0
TXN001155,CUST00095,175328.43,Mobile Money,Successful,Gulu,iPhone,11,0,0,0
TXN001156,CUST01995,464222.09,Mobile Money,Suspicious,Mbarara,iPhone,4,40,0,1
TXN001157,CUST01398,33280.23,Card,Successful,Mbarara,iPhone,0,12,1,0
TXN001158,CUST01936,274931.21,Mobile Money,Successful,Mbale,iPhone,7,12,1,0
TXN001159,CUST01544,295637.7,Card,Successful,Mbarara,Web,4,0,0,0
TXN001160,CUST00900,326537.7,Mobile Money,Successful,Jinja,Android,16,12,1,0
TXN001161,CUST00360,128205.28,Card,Successful,Jinja,Android,14,0,0,0
TXN001162,CUST00900,182600.93,Mobile Money,Successful,Gulu,Android,3,0,0,0
TXN001163,CUST01720,421918.42,Bank Transfer,Successful,Mbale,Android,12,0,0,0
TXN001164,CUST00281,97873.91,Mobile Money,Failed,Kampala,Android,16,24,2,0
TXN001165,CUST01219,413520.49,Mobile Money,Successful,Mbale,Web,12,0,0,0
TXN001166,CUST01888,281546.38,Mobile Money,Successful,Kampala,Web,1,0,0,0
TXN001167,CUST01219,381212.66,Bank Transfer,Successful,Mbarara,Android,23,0,0,0
TXN001168,CUST00667,356946.88,Card,Successful,Kampala,Android,3,0,0,0
TXN001169,CUST00093,104151.99,Card,Successful,Mbarara,iPhone,1,0,0,0
TXN001170,CUST00672,284621.96,Bank Transfer,Successful,Mbale,Android,11,0,0,0
TXN001171,CUST01970,433927.71,Mobile Money,Successful,Mbale,Web,18,0,0,0
TXN001172,CUST00061,216342.06,Mobile Money,Successful,Gulu,iPhone,17,0,0,0
TXN001173,CUST00634,483312.09,Mobile Money,Successful,Gulu,Web,9,0,0,0
TXN001174,CUST01075,226381.44,Card,Failed,Mbarara,iPhone,4,24,2,0
TXN001175,CUST01427,71821.43,Card,Successful,Mbarara,iPhone,10,0,0,0
TXN001176,CUST01813,195022.62,Bank Transfer,Successful,Jinja,Android,0,0,0,0
TXN001177,CUST01029,475875.35,Bank Transfer,Suspicious,Jinja,Web,2,40,0,1
TXN001178,CUST01490,160200.56,Card,Successful,Jinja,Web,16,0,0,0
TXN001179,CUST00604,434115.03,Mobile Money,Successful,Mbale,Android,14,12,1,0
TXN001180,CUST00682,440684.72,Mobile Money,Successful,Kampala,iPhone,13,0,0,0
TXN001181,CUST01853,175418.17,Mobile Money,Successful,Mbarara,iPhone,23,12,1,0
TXN001182,CUST00534,42087.2,Mobile Money,Successful,Gulu,Web,14,0,0,0
TXN001183,CUST01429,362416.68,Bank Transfer,Successful,Mbarara,Android,15,12,1,0
TXN001184,CUST00838,156100.39,Bank Transfer,Failed,Kampala,Android,3,24,2,0
TXN001185,CUST01537,391570.35,Card,Successful,Mbarara,Web,18,0,0,0
TXN001186,CUST00645,221606.1,Bank Transfer,Successful,Gulu,iPhone,23,0,0,0
TXN001187,CUST00233,242890.74,Mobile Money,Successful,Gulu,iPhone,7,0,0,0
TXN001188,CUST00524,389065.75,Card,Failed,Kampala,Android,5,24,2,0
TXN001189,CUST00346,191490.48,Bank Transfer,Successful,Gulu,iPhone,15,12,1,0
TXN001190,CUST01070,221842.11,Bank Transfer,Successful,Mbale,iPhone,2,0,0,0
TXN001191,CUST00546,188407.14,Bank Transfer,Successful,Gulu,iPhone,7,0,0,0
TXN001192,CUST01969,183986.59,Bank Transfer,Successful,Kampala,Web,4,0,0,0
TXN001193,CUST01102,263210.32,Bank Transfer,Successful,Kampala,Android,4,12,1,0
TXN001194,CUST01754,404495.32,Mobile Money,Failed,Mbarara,Web,11,36,3,0
TXN001195,CUST01837,181203.27,Mobile Money,Successful,Gulu,Web,0,12,1,0
TXN001196,CUST01947,262365.23,Mobile Money,Successful,Gulu,iPhone,6,12,1,0
TXN001197,CUST01097,335528.3,Bank Transfer,Successful,Kampala,Android,23,12,1,0
TXN001198,CUST00794,135085.0,Card,Failed,Mbarara,iPhone,10,24,2,0
TXN001199,CUST00249,139122.64,Mobile Money,Successful,Mbarara,Android,9,0,0,0
TXN001200,CUST00047,466739.86,Mobile Money,Suspicious,Mbale,iPhone,2,40,0,1
TXN001201,CUST01145,361905.52,Bank Transfer,Successful,Mbale,Android,7,0,0,0
TXN001202,CUST00214,288804.74,Card,Successful,Kampala,Android,0,0,0,0
TXN001203,CUST00239,324036.17,Mobile Money,Successful,Mbarara,iPhone,7,0,0,0
TXN001204,CUST01080,15135.07,Mobile Money,Failed,Mbarara,iPhone,22,24,2,0
TXN001205,CUST00350,309242.43,Card,Successful,Mbale,Web,19,0,0,0
TXN001206,CUST00107,254999.68,Bank Transfer,Successful,Mbale,Web,10,0,0,0
TXN001207,CUST00831,273101.97,Card,Successful,Kampala,Android,6,0,0,0
TXN001208,CUST00048,180032.2,Bank Transfer,Successful,Mbarara,iPhone,15,12,1,0
TXN001209,CUST01597,41196.21,Mobile Money,Successful,Kampala,iPhone,6,12,1,0
TXN001210,CUST00337,97072.95,Card,Failed,Mbale,Web,12,36,3,0
TXN001211,CUST01050,475396.98,Card,Successful,Gulu,iPhone,9,0,0,0
TXN001212,CUST00804,204645.43,Mobile Money,Successful,Mbale,Android,16,0,0,0
TXN001213,CUST01281,233608.24,Mobile Money,Successful,Mbarara,Android,2,0,0,0
TXN001214,CUST00008,26828.54,Bank Transfer,Successful,Kampala,Android,6,0,0,0
TXN001215,CUST00625,19264.33,Mobile Money,Successful,Mbarara,Web,10,12,1,0
TXN001216,CUST01891,358732.13,Mobile Money,Successful,Mbale,Android,12,0,0,0
TXN001217,CUST01277,269278.28,Card,Successful,Mbale,Web,4,12,1,0
TXN001218,CUST01716,254598.64,Bank Transfer,Successful,Jinja,Web,22,0,0,0
TXN001219,CUST00719,121940.7,Mobile Money,Successful,Mbale,Android,18,12,1,0
TXN001220,CUST00303,372502.99,Card,Successful,Mbarara,Web,14,0,0,0
TXN001221,CUST00639,84534.17,Mobile Money,Successful,Kampala,Web,0,12,1,0
TXN001222,CUST00056,95372.4,Mobile Money,Successful,Kampala,Android,4,0,0,0
TXN001223,CUST00726,230625.73,Mobile Money,Successful,Jinja,Android,12,12,1,0
TXN001224,CUST00526,143496.79,Mobile Money,Successful,Mbarara,Web,9,0,0,0
TXN001225,CUST00474,124107.76,Bank Transfer,Successful,Mbale,Web,4,0,0,0
TXN001226,CUST00028,322796.2,Card,Successful,Gulu,iPhone,22,0,0,0
TXN001227,CUST00078,325660.39,Card,Successful,Kampala,Android,0,0,0,0
TXN001228,CUST01240,412346.28,Mobile Money,Successful,Mbarara,iPhone,9,0,0,0
TXN001229,CUST01410,209145.43,Card,Successful,Jinja,Web,17,0,0,0
TXN001230,CUST00365,37006.0,Mobile Money,Successful,Gulu,iPhone,21,0,0,0
TXN001231,CUST00666,137196.36,Card,Successful,Mbarara,Web,7,0,0,0
TXN001232,CUST00526,490012.73,Bank Transfer,Successful,Mbale,iPhone,19,12,1,0
TXN001233,CUST00699,298331.16,Bank Transfer,Successful,Kampala,Web,2,0,0,0
TXN001234,CUST01336,355013.67,Card,Successful,Mbale,Web,18,0,0,0
TXN001235,CUST00883,4175.24,Mobile Money,Successful,Jinja,Web,18,0,0,0
TXN001236,CUST01031,259343.76,Mobile Money,Failed,Kampala,Android,1,36,3,0
TXN001237,CUST01027,19245.56,Mobile Money,Successful,Gulu,Web,16,0,0,0
TXN001238,CUST01647,284830.49,Mobile Money,Successful,Kampala,Android,15,0,0,0
TXN001239,CUST00919,460425.04,Bank Transfer,Successful,Mbale,Web,20,0,0,0
TXN001240,CUST00750,484225.36,Mobile Money,Failed,Mbarara,iPhone,9,24,2,0
TXN001241,CUST00363,270506.06,Mobile Money,Successful,Mbarara,Web,20,0,0,0
TXN001242,CUST01775,229373.3,Mobile Money,Successful,Mbarara,Web,15,0,0,0
TXN001243,CUST01532,472536.04,Mobile Money,Suspicious,Jinja,iPhone,4,52,1,1
TXN001244,CUST01298,336968.11,Bank Transfer,Successful,Jinja,Web,19,0,0,0
TXN001245,CUST01530,32917.19,Card,Failed,Mbarara,Web,2,24,2,0
TXN001246,CUST00806,233129.93,Card,Successful,Gulu,Web,2,0,0,0
TXN001247,CUST00739,120502.39,Mobile Money,Successful,Mbale,iPhone,1,12,1,0
TXN001248,CUST01907,235167.26,Mobile Money,Successful,Gulu,Web,20,12,1,0
TXN001249,CUST01039,228005.05,Card,Failed,Mbarara,Android,3,24,2,0
TXN001250,CUST01216,291281.33,Bank Transfer,Successful,Mbale,Android,21,0,0,0
TXN001251,CUST01655,178706.86,Bank Transfer,Successful,Jinja,Android,17,0,0,0
TXN001252,CUST00485,82553.09,Bank Transfer,Successful,Kampala,Android,1,0,0,0
TXN001253,CUST00028,252107.86,Bank Transfer,Successful,Kampala,iPhone,23,12,1,0
TXN001254,CUST00714,415186.34,Bank Transfer,Successful,Mbale,Web,5,0,0,0
TXN001255,CUST01063,332174.11,Bank Transfer,Successful,Gulu,Android,2,0,0,0
TXN001256,CUST01977,169514.75,Bank Transfer,Failed,Mbale,Web,20,24,2,0
TXN001257,CUST01297,467793.75,Bank Transfer,Suspicious,Gulu,Web,2,40,0,1
TXN001258,CUST01255,456147.68,Bank Transfer,Suspicious,Gulu,iPhone,1,52,1,1
TXN001259,CUST00086,105069.53,Mobile Money,Successful,Kampala,Web,2,12,1,0
TXN001260,CUST01498,20189.08,Bank Transfer,Successful,Jinja,Android,16,0,0,0
TXN001261,CUST00126,370783.7,Mobile Money,Successful,Mbarara,Android,13,0,0,0
TXN001262,CUST00812,413891.33,Card,Successful,Jinja,iPhone,6,0,0,0
TXN001263,CUST00537,483948.35,Mobile Money,Successful,Mbarara,Android,21,0,0,0
TXN001264,CUST00145,444973.28,Card,Successful,Kampala,Android,20,0,0,0
TXN001265,CUST01549,300467.12,Mobile Money,Successful,Mbarara,iPhone,5,0,0,0
TXN001266,CUST01236,265261.14,Card,Successful,Gulu,iPhone,7,0,0,0
TXN001267,CUST00025,14406.61,Mobile Money,Successful,Mbale,Android,18,0,0,0
TXN001268,CUST01604,123704.9,Mobile Money,Failed,Mbarara,iPhone,18,36,3,0
TXN001269,CUST01418,230077.57,Card,Failed,Jinja,iPhone,11,24,2,0
TXN001270,CUST00067,314437.7,Bank Transfer,Successful,Kampala,Android,4,0,0,0
TXN001271,CUST00233,278847.29,Bank Transfer,Successful,Kampala,Android,4,0,0,0
TXN001272,CUST00109,371446.68,Bank Transfer,Successful,Mbale,iPhone,13,0,0,0
TXN001273,CUST01170,140243.58,Bank Transfer,Successful,Gulu,Web,16,12,1,0
TXN001274,CUST00111,282693.83,Bank Transfer,Successful,Gulu,Web,15,0,0,0
TXN001275,CUST00228,44527.05,Mobile Money,Successful,Kampala,Android,3,0,0,0
TXN001276,CUST00111,207125.93,Bank Transfer,Successful,Gulu,Android,7,0,0,0
TXN001277,CUST01494,375205.34,Mobile Money,Successful,Mbale,Web,2,12,1,0
TXN001278,CUST00034,346853.73,Card,Successful,Kampala,iPhone,20,0,0,0
TXN001279,CUST00623,495326.05,Bank Transfer,Suspicious,Gulu,Web,4,40,0,1
TXN001280,CUST01800,139306.62,Bank Transfer,Successful,Mbarara,Web,22,12,1,0
TXN001281,CUST01960,249345.55,Bank Transfer,Successful,Mbarara,Android,23,12,1,0
TXN001282,CUST01393,165100.44,Bank Transfer,Successful,Gulu,iPhone,6,0,0,0
TXN001283,CUST00748,220581.26,Mobile Money,Successful,Mbarara,Web,17,0,0,0
TXN001284,CUST00595,428546.59,Mobile Money,Successful,Mbale,iPhone,23,0,0,0
TXN001285,CUST01578,342262.43,Mobile Money,Successful,Jinja,Android,7,0,0,0
TXN001286,CUST00425,441279.38,Card,Successful,Mbale,Web,10,0,0,0
TXN001287,CUST00613,102153.8,Mobile Money,Successful,Mbale,Android,13,12,1,0
TXN001288,CUST01542,436743.88,Bank Transfer,Successful,Gulu,Web,17,12,1,0
TXN001289,CUST00692,30351.26,Card,Successful,Mbale,iPhone,12,0,0,0
TXN001290,CUST01306,444355.34,Card,Successful,Gulu,Android,5,12,1,0
TXN001291,CUST01344,164872.35,Bank Transfer,Successful,Kampala,iPhone,12,0,0,0
TXN001292,CUST01762,157636.52,Bank Transfer,Successful,Gulu,Web,0,12,1,0
TXN001293,CUST01467,256288.24,Bank Transfer,Successful,Gulu,Android,10,0,0,0
TXN001294,CUST01976,470374.75,Bank Transfer,Successful,Kampala,iPhone,6,12,1,0
TXN001295,CUST00315,24366.79,Mobile Money,Successful,Jinja,iPhone,9,0,0,0
TXN001296,CUST00877,176439.37,Card,Successful,Kampala,Web,1,12,1,0
TXN001297,CUST01990,428357.71,Bank Transfer,Successful,Gulu,Android,15,0,0,0
TXN001298,CUST01765,198329.21,Mobile Money,Successful,Mbarara,iPhone,4,0,0,0
TXN001299,CUST01401,99978.87,Bank Transfer,Successful,Gulu,Android,15,0,0,0
TXN001300,CUST01313,212684.69,Mobile Money,Successful,Kampala,Android,22,0,0,0
TXN001301,CUST01461,193083.47,Bank Transfer,Successful,Gulu,Android,15,12,1,0
TXN001302,CUST00662,457750.39,Bank Transfer,Successful,Kampala,Android,14,0,0,0
TXN001303,CUST00277,381086.22,Bank Transfer,Successful,Mbale,Web,8,12,1,0
TXN001304,CUST01734,252805.22,Mobile Money,Successful,Jinja,iPhone,0,12,1,0
TXN001305,CUST01606,494191.1,Bank Transfer,Successful,Jinja,Android,8,12,1,0
TXN001306,CUST01527,232906.13,Mobile Money,Successful,Kampala,iPhone,10,0,0,0
TXN001307,CUST00624,29589.8,Mobile Money,Successful,Jinja,iPhone,4,12,1,0
TXN001308,CUST00516,131506.02,Card,Successful,Mbarara,iPhone,5,12,1,0
TXN001309,CUST01374,218317.2,Mobile Money,Successful,Mbarara,Web,7,12,1,0
TXN001310,CUST00843,78872.86,Mobile Money,Failed,Jinja,Android,14,24,2,0
TXN001311,CUST01470,473808.78,Mobile Money,Successful,Kampala,Android,15,0,0,0
TXN001312,CUST01854,383541.02,Mobile Money,Successful,Mbarara,iPhone,17,12,1,0
TXN001313,CUST00350,134509.46,Mobile Money,Successful,Jinja,iPhone,11,0,0,0
TXN001314,CUST01631,295606.86,Card,Successful,Gulu,Web,22,12,1,0
TXN001315,CUST01688,360863.85,Bank Transfer,Successful,Mbarara,Web,3,0,0,0
TXN001316,CUST00823,470668.82,Card,Successful,Mbale,iPhone,21,12,1,0
TXN001317,CUST01161,440876.86,Card,Successful,Mbarara,Android,15,12,1,0
TXN001318,CUST00759,257838.52,Bank Transfer,Successful,Jinja,Web,22,0,0,0
TXN001319,CUST00899,387438.98,Mobile Money,Successful,Jinja,Android,10,0,0,0
TXN001320,CUST00243,281291.3,Bank Transfer,Failed,Jinja,Web,21,24,2,0
TXN001321,CUST00543,276575.59,Mobile Money,Successful,Kampala,Android,23,0,0,0
TXN001322,CUST01064,57813.61,Bank Transfer,Successful,Kampala,iPhone,21,0,0,0
TXN001323,CUST00229,63505.76,Card,Successful,Gulu,Web,6,12,1,0
TXN001324,CUST00548,265002.04,Mobile Money,Successful,Gulu,iPhone,23,0,0,0
TXN001325,CUST00920,134796.34,Card,Failed,Mbarara,Web,14,24,2,0
TXN001326,CUST01247,11007.93,Mobile Money,Failed,Jinja,iPhone,16,36,3,0
TXN001327,CUST00006,361558.18,Bank Transfer,Successful,Gulu,Web,14,0,0,0
TXN001328,CUST01346,16727.06,Bank Transfer,Successful,Jinja,Web,9,12,1,0
TXN001329,CUST00468,297840.78,Bank Transfer,Successful,Mbarara,Web,3,0,0,0
TXN001330,CUST01756,269827.3,Bank Transfer,Successful,Kampala,Android,21,0,0,0
TXN001331,CUST00075,484422.94,Bank Transfer,Successful,Gulu,Android,16,12,1,0
TXN001332,CUST00004,242364.46,Card,Successful,Mbale,Web,3,12,1,0
TXN001333,CUST01871,32268.92,Card,Successful,Mbale,iPhone,21,12,1,0
TXN001334,CUST00646,276068.14,Mobile Money,Successful,Mbale,iPhone,22,0,0,0
TXN001335,CUST00118,420627.54,Card,Successful,Mbale,Web,21,0,0,0
TXN001336,CUST00881,498426.22,Mobile Money,Successful,Mbale,Android,10,12,1,0
TXN001337,CUST01630,215456.42,Mobile Money,Successful,Mbale,Android,3,0,0,0
TXN001338,CUST00504,160489.22,Card,Successful,Mbale,Android,11,12,1,0
TXN001339,CUST00947,453373.32,Card,Successful,Gulu,Android,22,12,1,0
TXN001340,CUST00574,96025.44,Mobile Money,Successful,Mbale,iPhone,9,12,1,0
TXN001341,CUST01465,307906.74,Card,Successful,Mbale,Web,13,12,1,0
TXN001342,CUST00194,203154.35,Card,Successful,Mbarara,Web,17,0,0,0
TXN001343,CUST00847,21020.64,Card,Successful,Gulu,Web,5,0,0,0
TXN001344,CUST00715,173970.59,Bank Transfer,Successful,Mbarara,iPhone,4,0,0,0
TXN001345,CUST01416,132981.65,Bank Transfer,Successful,Jinja,Android,1,12,1,0
TXN001346,CUST01050,343202.53,Mobile Money,Successful,Mbale,Android,12,0,0,0
TXN001347,CUST01459,474420.85,Card,Successful,Kampala,iPhone,22,0,0,0
TXN001348,CUST00173,134389.57,Mobile Money,Successful,Mbale,iPhone,13,12,1,0
TXN001349,CUST01324,405827.24,Card,Suspicious,Mbale,Web,2,40,0,1
TXN001350,CUST01669,28152.23,Bank Transfer,Failed,Mbarara,Web,22,24,2,0
TXN001351,CUST00326,269291.44,Card,Successful,Jinja,iPhone,10,0,0,0
TXN001352,CUST01434,35739.76,Card,Successful,Mbarara,iPhone,21,0,0,0
TXN001353,CUST01142,467049.48,Card,Successful,Gulu,iPhone,22,0,0,0
TXN001354,CUST00836,383292.46,Bank Transfer,Successful,Jinja,Android,3,0,0,0
TXN001355,CUST01811,329145.98,Bank Transfer,Successful,Jinja,Web,12,0,0,0
TXN001356,CUST00724,412036.24,Bank Transfer,Failed,Jinja,iPhone,7,24,2,0
TXN001357,CUST00225,323936.14,Mobile Money,Successful,Mbarara,iPhone,7,0,0,0
TXN001358,CUST00532,484487.73,Card,Successful,Mbale,Android,22,12,1,0
TXN001359,CUST00113,357121.99,Bank Transfer,Successful,Mbale,iPhone,12,0,0,0
TXN001360,CUST00140,462366.98,Mobile Money,Successful,Mbale,Web,22,0,0,0
TXN001361,CUST00559,258807.38,Bank Transfer,Successful,Mbale,Android,9,0,0,0
TXN001362,CUST00001,58973.67,Card,Successful,Mbale,iPhone,12,0,0,0
TXN001363,CUST00090,264324.77,Mobile Money,Successful,Gulu,Web,12,0,0,0
TXN001364,CUST00654,63872.98,Bank Transfer,Successful,Kampala,Web,23,0,0,0
TXN001365,CUST00320,296450.49,Bank Transfer,Successful,Jinja,Android,16,0,0,0
TXN001366,CUST01574,241505.28,Mobile Money,Successful,Kampala,Web,5,0,0,0
TXN001367,CUST01829,311476.41,Mobile Money,Suspicious,Gulu,Android,1,100,5,1
TXN001368,CUST01918,5518.47,Mobile Money,Failed,Mbale,Web,16,24,2,0
TXN001369,CUST00139,97822.83,Mobile Money,Successful,Gulu,iPhone,11,0,0,0
TXN001370,CUST01535,245919.55,Mobile Money,Failed,Gulu,Android,22,24,2,0
TXN001371,CUST01892,475276.53,Bank Transfer,Successful,Kampala,Web,5,0,0,0
TXN001372,CUST00845,192112.72,Mobile Money,Successful,Jinja,Android,4,0,0,0
TXN001373,CUST00259,212473.83,Mobile Money,Successful,Mbarara,Web,4,12,1,0
TXN001374,CUST01697,357490.7,Card,Successful,Mbarara,Android,8,0,0,0
TXN001375,CUST00902,302094.48,Bank Transfer,Successful,Jinja,iPhone,21,0,0,0
TXN001376,CUST00690,149813.61,Card,Failed,Mbale,Android,2,24,2,0
TXN001377,CUST00010,205702.79,Bank Transfer,Successful,Gulu,Android,22,12,1,0
TXN001378,CUST00261,109241.05,Bank Transfer,Successful,Mbale,iPhone,19,0,0,0
TXN001379,CUST01943,483027.72,Bank Transfer,Suspicious,Gulu,Web,4,64,2,1
TXN001380,CUST01674,65751.87,Mobile Money,Successful,Mbarara,iPhone,6,0,0,0
TXN001381,CUST00172,186232.47,Card,Successful,Jinja,Android,11,0,0,0
TXN001382,CUST00898,13406.57,Bank Transfer,Failed,Kampala,iPhone,6,24,2,0
TXN001383,CUST00013,111278.86,Bank Transfer,Successful,Kampala,iPhone,9,0,0,0
TXN001384,CUST01192,390345.33,Bank Transfer,Successful,Jinja,Android,7,0,0,0
TXN001385,CUST01666,100987.03,Card,Successful,Mbarara,Android,16,12,1,0
TXN001386,CUST01620,40491.67,Bank Transfer,Successful,Gulu,iPhone,4,0,0,0
TXN001387,CUST00321,237489.36,Card,Successful,Kampala,Android,14,12,1,0
TXN001388,CUST01343,5479.63,Card,Successful,Mbarara,Web,8,0,0,0
TXN001389,CUST01637,42840.69,Mobile Money,Successful,Jinja,Web,22,0,0,0
TXN001390,CUST00329,403909.12,Bank Transfer,Successful,Mbale,Web,10,12,1,0
TXN001391,CUST00785,385850.94,Bank Transfer,Successful,Mbarara,Web,12,0,0,0
TXN001392,CUST00777,457611.84,Card,Successful,Mbarara,iPhone,17,0,0,0
TXN001393,CUST01995,427330.46,Card,Successful,Mbale,iPhone,16,0,0,0
TXN001394,CUST00911,341746.19,Mobile Money,Successful,Mbarara,iPhone,23,0,0,0
TXN001395,CUST01944,26640.26,Bank Transfer,Successful,Kampala,Android,8,0,0,0
TXN001396,CUST01574,391532.88,Card,Successful,Kampala,iPhone,9,0,0,0
TXN001397,CUST01443,422832.65,Bank Transfer,Suspicious,Kampala,iPhone,4,76,3,1
TXN001398,CUST01630,399641.53,Bank Transfer,Failed,Mbarara,Android,10,24,2,0
TXN001399,CUST01119,254485.28,Bank Transfer,Successful,Mbarara,Android,21,0,0,0
TXN001400,CUST01841,116834.47,Card,Successful,Mbarara,Android,14,0,0,0
TXN001401,CUST01605,422742.32,Bank Transfer,Suspicious,Jinja,Web,1,40,0,1
TXN001402,CUST00318,363717.82,Card,Successful,Mbale,iPhone,20,12,1,0
TXN001403,CUST01980,490390.21,Mobile Money,Successful,Mbarara,iPhone,19,0,0,0
TXN001404,CUST00236,78268.45,Mobile Money,Successful,Mbale,iPhone,23,12,1,0
TXN001405,CUST01970,113219.46,Card,Successful,Gulu,Android,23,12,1,0
TXN001406,CUST00334,106293.18,Bank Transfer,Successful,Kampala,iPhone,13,12,1,0
TXN001407,CUST01909,396373.61,Mobile Money,Successful,Jinja,Web,4,12,1,0
TXN001408,CUST00376,93860.19,Mobile Money,Successful,Mbale,iPhone,23,12,1,0
TXN001409,CUST01483,33796.58,Card,Successful,Kampala,iPhone,5,0,0,0
TXN001410,CUST01161,499281.12,Card,Successful,Jinja,Android,21,0,0,0
TXN001411,CUST01954,12896.2,Card,Successful,Kampala,Web,14,12,1,0
TXN001412,CUST00588,417704.41,Card,Suspicious,Mbarara,iPhone,3,40,0,1
TXN001413,CUST01571,183000.74,Card,Successful,Mbarara,Android,9,0,0,0
TXN001414,CUST00513,420886.92,Card,Successful,Kampala,Web,18,0,0,0
TXN001415,CUST01320,277532.94,Card,Successful,Jinja,Web,8,0,0,0
TXN001416,CUST01344,450864.8,Bank Transfer,Successful,Kampala,Android,20,0,0,0
TXN001417,CUST00918,463133.4,Bank Transfer,Successful,Gulu,Android,9,12,1,0
TXN001418,CUST01596,5044.54,Bank Transfer,Successful,Jinja,Android,3,0,0,0
TXN001419,CUST01856,38168.38,Bank Transfer,Successful,Jinja,Android,21,12,1,0
TXN001420,CUST01373,125554.19,Mobile Money,Successful,Kampala,Android,3,0,0,0
TXN001421,CUST01864,334823.05,Bank Transfer,Successful,Mbale,Android,5,0,0,0
TXN001422,CUST01803,444191.96,Mobile Money,Failed,Kampala,iPhone,7,24,2,0
TXN001423,CUST00873,230241.0,Mobile Money,Successful,Mbale,Android,15,0,0,0
TXN001424,CUST01253,303683.07,Mobile Money,Successful,Jinja,Android,7,0,0,0
TXN001425,CUST00270,94655.68,Card,Successful,Mbarara,Web,15,0,0,0
TXN001426,CUST01852,402580.93,Mobile Money,Successful,Mbarara,Web,5,0,0,0
TXN001427,CUST00798,483680.39,Mobile Money,Successful,Kampala,Web,16,12,1,0
TXN001428,CUST01315,134665.17,Mobile Money,Successful,Mbale,Android,0,12,1,0
TXN001429,CUST00725,247665.56,Card,Successful,Kampala,Android,18,12,1,0
TXN001430,CUST01189,43515.0,Bank Transfer,Successful,Gulu,iPhone,17,12,1,0
TXN001431,CUST00005,279788.76,Bank Transfer,Successful,Kampala,iPhone,16,12,1,0
TXN001432,CUST00851,251640.33,Mobile Money,Successful,Kampala,iPhone,16,0,0,0
TXN001433,CUST01403,72646.02,Mobile Money,Successful,Kampala,iPhone,11,12,1,0
TXN001434,CUST00078,221312.07,Bank Transfer,Successful,Kampala,Android,11,0,0,0
TXN001435,CUST01434,167385.27,Bank Transfer,Successful,Mbale,Web,5,0,0,0
TXN001436,CUST00574,261154.52,Bank Transfer,Successful,Mbale,Android,6,0,0,0
TXN001437,CUST00132,293034.34,Bank Transfer,Successful,Mbale,Android,7,12,1,0
TXN001438,CUST00601,4743.54,Mobile Money,Successful,Gulu,Android,2,12,1,0
TXN001439,CUST01773,380622.49,Mobile Money,Successful,Gulu,Android,16,0,0,0
TXN001440,CUST01066,356650.64,Mobile Money,Successful,Kampala,Web,20,12,1,0
TXN001441,CUST00089,183460.05,Bank Transfer,Successful,Mbale,Web,7,0,0,0
TXN001442,CUST00402,26941.5,Card,Successful,Gulu,iPhone,10,0,0,0
TXN001443,CUST00296,377588.8,Bank Transfer,Successful,Mbarara,Android,19,0,0,0
TXN001444,CUST01864,477609.99,Bank Transfer,Successful,Kampala,iPhone,17,12,1,0
TXN001445,CUST01319,120455.72,Card,Successful,Jinja,Web,15,0,0,0
TXN001446,CUST00616,162100.54,Card,Successful,Mbale,Web,12,0,0,0
TXN001447,CUST01550,92314.54,Bank Transfer,Successful,Kampala,iPhone,8,12,1,0
TXN001448,CUST00800,288679.59,Card,Successful,Kampala,Web,18,12,1,0
TXN001449,CUST01715,77843.28,Card,Successful,Jinja,Web,6,0,0,0
TXN001450,CUST01661,178418.87,Card,Successful,Mbarara,Android,16,0,0,0
TXN001451,CUST00422,348658.0,Bank Transfer,Successful,Gulu,Android,7,12,1,0
TXN001452,CUST01889,280277.93,Bank Transfer,Successful,Gulu,Web,7,12,1,0
TXN001453,CUST01047,193538.05,Card,Successful,Jinja,Web,2,0,0,0
TXN001454,CUST00575,210414.68,Mobile Money,Successful,Jinja,iPhone,15,12,1,0
TXN001455,CUST00143,281274.39,Card,Successful,Gulu,iPhone,11,0,0,0
TXN001456,CUST00993,3429.43,Card,Successful,Mbarara,Web,14,0,0,0
TXN001457,CUST00665,39715.68,Bank Transfer,Successful,Mbarara,Android,20,12,1,0
TXN001458,CUST00145,440688.4,Mobile Money,Suspicious,Kampala,Android,3,40,0,1
TXN001459,CUST01249,39400.56,Card,Successful,Jinja,iPhone,22,0,0,0
TXN001460,CUST01007,353548.4,Mobile Money,Successful,Jinja,Android,6,0,0,0
TXN001461,CUST00503,460059.06,Bank Transfer,Successful,Jinja,Android,10,12,1,0
TXN001462,CUST01986,135706.46,Mobile Money,Failed,Gulu,iPhone,23,36,3,0
TXN001463,CUST01998,185560.47,Bank Transfer,Successful,Gulu,iPhone,4,0,0,0
TXN001464,CUST00821,284676.24,Card,Successful,Gulu,Android,12,0,0,0
TXN001465,CUST01640,440913.63,Bank Transfer,Successful,Mbarara,iPhone,10,0,0,0
TXN001466,CUST00104,470981.84,Mobile Money,Suspicious,Gulu,Web,4,40,0,1
TXN001467,CUST01971,369911.84,Mobile Money,Successful,Kampala,iPhone,7,0,0,0
TXN001468,CUST01063,43766.57,Mobile Money,Successful,Gulu,Web,20,12,1,0
TXN001469,CUST01971,334742.5,Card,Successful,Mbarara,Web,16,0,0,0
TXN001470,CUST00198,205446.71,Mobile Money,Successful,Jinja,Web,10,12,1,0
TXN001471,CUST01670,235615.15,Mobile Money,Successful,Kampala,iPhone,18,0,0,0
TXN001472,CUST00579,25049.62,Mobile Money,Successful,Mbarara,iPhone,17,0,0,0
TXN001473,CUST00391,95935.54,Bank Transfer,Successful,Mbale,iPhone,9,0,0,0
TXN001474,CUST01203,395361.55,Mobile Money,Successful,Jinja,Web,4,0,0,0
TXN001475,CUST01992,227252.44,Bank Transfer,Successful,Gulu,iPhone,23,0,0,0
TXN001476,CUST00554,151180.29,Mobile Money,Successful,Mbarara,Android,0,0,0,0
TXN001477,CUST01472,192317.53,Bank Transfer,Successful,Mbale,Android,16,0,0,0
TXN001478,CUST01524,427272.56,Bank Transfer,Successful,Mbarara,iPhone,16,0,0,0
TXN001479,CUST01039,374625.01,Card,Successful,Gulu,Web,0,12,1,0
TXN001480,CUST01647,136521.54,Card,Successful,Mbarara,iPhone,0,0,0,0
TXN001481,CUST01693,59192.17,Bank Transfer,Successful,Mbale,Android,22,12,1,0
TXN001482,CUST01313,126373.11,Bank Transfer,Successful,Mbarara,Web,21,0,0,0
TXN001483,CUST00478,460417.85,Card,Failed,Kampala,iPhone,8,24,2,0
TXN001484,CUST01255,291003.62,Bank Transfer,Successful,Kampala,iPhone,3,12,1,0
TXN001485,CUST00923,266973.36,Card,Successful,Gulu,Web,8,12,1,0
TXN001486,CUST00420,298398.6,Card,Successful,Mbale,Web,13,0,0,0
TXN001487,CUST00157,183331.12,Mobile Money,Successful,Mbale,Android,14,12,1,0
TXN001488,CUST00550,403649.96,Mobile Money,Successful,Mbale,iPhone,15,0,0,0
TXN001489,CUST01465,261881.48,Card,Successful,Mbale,Android,15,12,1,0
TXN001490,CUST01121,58815.58,Card,Successful,Mbale,Android,12,12,1,0
TXN001491,CUST01021,64968.03,Bank Transfer,Successful,Jinja,Web,13,12,1,0
TXN001492,CUST00997,268661.14,Card,Successful,Mbarara,iPhone,21,0,0,0
TXN001493,CUST01435,468316.82,Card,Successful,Mbale,Android,20,0,0,0
TXN001494,CUST00951,154521.88,Mobile Money,Successful,Kampala,Android,8,12,1,0
TXN001495,CUST00289,434835.81,Card,Successful,Mbarara,Web,22,0,0,0
TXN001496,CUST01278,382165.75,Bank Transfer,Successful,Gulu,iPhone,8,0,0,0
TXN001497,CUST00196,124282.32,Card,Successful,Gulu,iPhone,20,0,0,0
TXN001498,CUST00598,18652.2,Mobile Money,Successful,Mbale,Android,3,0,0,0
TXN001499,CUST01858,51372.71,Mobile Money,Successful,Jinja,Web,9,12,1,0
TXN001500,CUST01546,364382.72,Mobile Money,Successful,Jinja,iPhone,2,0,0,0
TXN001501,CUST00517,100235.03,Mobile Money,Successful,Mbarara,iPhone,20,12,1,0
TXN001502,CUST01659,185949.82,Card,Failed,Jinja,Android,8,24,2,0
TXN001503,CUST01866,251098.73,Bank Transfer,Successful,Gulu,iPhone,18,12,1,0
TXN001504,CUST00865,362871.35,Bank Transfer,Successful,Mbale,iPhone,15,12,1,0
TXN001505,CUST01142,57059.0,Bank Transfer,Successful,Kampala,iPhone,15,0,0,0
TXN001506,CUST00806,203480.02,Card,Failed,Gulu,iPhone,16,24,2,0
TXN001507,CUST01933,242793.92,Card,Successful,Gulu,Android,17,0,0,0
TXN001508,CUST01183,270643.12,Card,Successful,Mbarara,iPhone,9,0,0,0
TXN001509,CUST00815,409271.14,Bank Transfer,Successful,Jinja,iPhone,20,12,1,0
TXN001510,CUST00228,86253.26,Card,Successful,Kampala,Web,18,12,1,0
TXN001511,CUST01901,404011.81,Card,Successful,Kampala,Android,21,0,0,0
TXN001512,CUST00216,346592.77,Mobile Money,Successful,Jinja,iPhone,14,12,1,0
TXN001513,CUST00948,278157.47,Mobile Money,Successful,Mbale,Web,14,12,1,0
TXN001514,CUST01720,349914.17,Bank Transfer,Suspicious,Jinja,Android,10,88,4,1
TXN001515,CUST00015,206302.86,Mobile Money,Successful,Mbale,iPhone,7,0,0,0
TXN001516,CUST01181,69629.59,Mobile Money,Successful,Kampala,Web,21,0,0,0
TXN001517,CUST01672,333049.74,Mobile Money,Failed,Mbarara,Android,15,24,2,0
TXN001518,CUST01285,262573.82,Card,Successful,Gulu,iPhone,9,12,1,0
TXN001519,CUST01181,319867.71,Mobile Money,Successful,Kampala,Web,8,0,0,0
TXN001520,CUST00047,169330.39,Mobile Money,Successful,Kampala,Android,14,0,0,0
TXN001521,CUST00324,453479.86,Mobile Money,Successful,Kampala,Web,21,12,1,0
TXN001522,CUST00844,293891.25,Card,Successful,Gulu,Web,4,0,0,0
TXN001523,CUST01709,43158.54,Bank Transfer,Successful,Mbale,iPhone,19,12,1,0
TXN001524,CUST00130,225177.09,Card,Successful,Mbarara,Web,1,0,0,0
TXN001525,CUST01435,378299.85,Card,Successful,Mbarara,iPhone,21,12,1,0
TXN001526,CUST00095,397170.21,Mobile Money,Successful,Mbarara,iPhone,15,0,0,0
TXN001527,CUST00627,247551.23,Bank Transfer,Successful,Mbale,Web,17,12,1,0
TXN001528,CUST00755,447426.41,Mobile Money,Successful,Jinja,Web,15,0,0,0
TXN001529,CUST01956,134200.38,Mobile Money,Successful,Jinja,Web,4,0,0,0
TXN001530,CUST01316,205594.05,Bank Transfer,Successful,Mbarara,Web,0,12,1,0
TXN001531,CUST00794,449349.16,Bank Transfer,Successful,Kampala,Android,18,0,0,0
TXN001532,CUST01835,448180.23,Card,Successful,Kampala,iPhone,9,0,0,0
TXN001533,CUST01307,343013.53,Bank Transfer,Successful,Gulu,Web,20,0,0,0
TXN001534,CUST00069,429560.78,Card,Successful,Jinja,Android,12,0,0,0
TXN001535,CUST01684,44842.25,Card,Successful,Kampala,Web,22,0,0,0
TXN001536,CUST00011,432564.99,Mobile Money,Successful,Mbarara,Android,23,0,0,0
TXN001537,CUST01278,160649.64,Mobile Money,Successful,Gulu,iPhone,22,0,0,0
TXN001538,CUST01866,89576.59,Mobile Money,Successful,Jinja,Web,22,0,0,0
TXN001539,CUST00872,120065.23,Bank Transfer,Successful,Gulu,Android,10,0,0,0
TXN001540,CUST00550,209275.27,Bank Transfer,Successful,Kampala,Android,14,0,0,0
TXN001541,CUST01158,125970.41,Card,Successful,Mbarara,iPhone,1,12,1,0
TXN001542,CUST00712,160623.51,Card,Successful,Mbarara,Web,5,12,1,0
TXN001543,CUST00023,67921.75,Card,Successful,Mbarara,Web,20,0,0,0
TXN001544,CUST00815,148440.29,Bank Transfer,Successful,Kampala,iPhone,10,0,0,0
TXN001545,CUST00346,286355.77,Card,Successful,Mbale,iPhone,14,12,1,0
TXN001546,CUST00302,221205.93,Card,Successful,Mbarara,iPhone,8,0,0,0
TXN001547,CUST00363,173686.02,Bank Transfer,Successful,Mbale,Android,11,12,1,0
TXN001548,CUST00396,373352.84,Mobile Money,Successful,Mbarara,Android,3,12,1,0
TXN001549,CUST00218,446808.23,Bank Transfer,Successful,Mbale,iPhone,22,0,0,0
TXN001550,CUST00141,378516.22,Card,Successful,Jinja,Web,23,0,0,0
TXN001551,CUST01640,166334.35,Mobile Money,Successful,Jinja,Android,13,0,0,0
TXN001552,CUST00958,372348.86,Bank Transfer,Successful,Mbarara,iPhone,21,12,1,0
TXN001553,CUST01234,76414.1,Mobile Money,Successful,Gulu,Android,2,0,0,0
TXN001554,CUST00985,65593.84,Mobile Money,Successful,Gulu,Android,20,0,0,0
TXN001555,CUST00993,173140.7,Card,Successful,Kampala,iPhone,16,0,0,0
TXN001556,CUST01647,403947.33,Bank Transfer,Successful,Jinja,Web,12,0,0,0
TXN001557,CUST01640,123550.95,Card,Successful,Jinja,Web,7,0,0,0
TXN001558,CUST00828,32095.08,Bank Transfer,Successful,Gulu,Android,11,0,0,0
TXN001559,CUST00683,66288.91,Bank Transfer,Failed,Mbarara,Web,11,36,3,0
TXN001560,CUST01484,429443.11,Bank Transfer,Successful,Kampala,Web,11,0,0,0
TXN001561,CUST01004,317074.75,Mobile Money,Successful,Jinja,iPhone,1,0,0,0
TXN001562,CUST00356,126973.98,Mobile Money,Successful,Kampala,iPhone,9,0,0,0
TXN001563,CUST01008,277870.26,Card,Successful,Jinja,iPhone,22,0,0,0
TXN001564,CUST01348,264026.02,Bank Transfer,Successful,Mbale,Web,8,0,0,0
TXN001565,CUST01157,327890.27,Bank Transfer,Successful,Mbale,Web,0,0,0,0
TXN001566,CUST00888,116977.18,Mobile Money,Successful,Kampala,iPhone,3,0,0,0
TXN001567,CUST01829,432269.29,Bank Transfer,Successful,Gulu,Web,22,0,0,0
TXN001568,CUST01864,155029.6,Card,Successful,Gulu,iPhone,13,0,0,0
TXN001569,CUST00127,347218.76,Bank Transfer,Successful,Jinja,Android,15,12,1,0
TXN001570,CUST01130,8554.26,Bank Transfer,Failed,Mbale,Android,17,36,3,0
TXN001571,CUST01009,186642.24,Mobile Money,Successful,Mbale,Web,1,0,0,0
TXN001572,CUST00604,176179.05,Bank Transfer,Successful,Kampala,Web,5,12,1,0
TXN001573,CUST01823,271970.47,Card,Successful,Kampala,Web,2,0,0,0
TXN001574,CUST01402,36831.76,Card,Successful,Gulu,Web,19,0,0,0
TXN001575,CUST01929,395170.62,Card,Successful,Gulu,Android,18,0,0,0
TXN001576,CUST01014,109281.51,Card,Successful,Gulu,iPhone,12,0,0,0
TXN001577,CUST00051,338680.39,Mobile Money,Successful,Mbarara,Android,16,12,1,0
TXN001578,CUST01053,401704.46,Bank Transfer,Successful,Mbale,iPhone,13,0,0,0
TXN001579,CUST01486,281157.54,Mobile Money,Successful,Mbale,Web,21,12,1,0
TXN001580,CUST01320,370571.16,Card,Failed,Kampala,iPhone,10,36,3,0
TXN001581,CUST01321,331099.23,Bank Transfer,Successful,Mbale,iPhone,15,12,1,0
TXN001582,CUST01750,178087.13,Mobile Money,Successful,Kampala,iPhone,10,0,0,0
TXN001583,CUST00779,404524.84,Bank Transfer,Successful,Mbarara,iPhone,17,0,0,0
TXN001584,CUST01431,147703.33,Card,Successful,Gulu,Android,1,0,0,0
TXN001585,CUST01793,285820.85,Card,Successful,Mbarara,Web,22,12,1,0
TXN001586,CUST00814,372826.17,Bank Transfer,Successful,Gulu,Web,20,0,0,0
TXN001587,CUST01637,189788.48,Bank Transfer,Successful,Gulu,iPhone,7,12,1,0
TXN001588,CUST01429,151732.42,Card,Successful,Kampala,Web,13,12,1,0
TXN001589,CUST01370,229943.33,Mobile Money,Successful,Gulu,Android,1,0,0,0
TXN001590,CUST01646,409072.77,Card,Successful,Mbarara,iPhone,12,0,0,0
TXN001591,CUST00420,464995.92,Bank Transfer,Successful,Jinja,Web,9,0,0,0
TXN001592,CUST01206,272769.16,Mobile Money,Successful,Kampala,Web,7,0,0,0
TXN001593,CUST00983,330902.37,Card,Successful,Gulu,iPhone,6,12,1,0
TXN001594,CUST00825,451685.17,Bank Transfer,Successful,Gulu,Android,12,0,0,0
TXN001595,CUST01025,49724.15,Bank Transfer,Successful,Mbale,iPhone,23,12,1,0
TXN001596,CUST01855,116423.25,Bank Transfer,Failed,Kampala,iPhone,18,24,2,0
TXN001597,CUST01974,354595.55,Mobile Money,Successful,Kampala,Web,23,12,1,0
TXN001598,CUST00567,411960.36,Mobile Money,Successful,Mbarara,Web,14,0,0,0
TXN001599,CUST00371,428586.0,Mobile Money,Successful,Jinja,iPhone,21,0,0,0
TXN001600,CUST00936,207846.03,Mobile Money,Successful,Mbarara,iPhone,1,0,0,0
TXN001601,CUST01935,45125.28,Bank Transfer,Successful,Mbarara,Web,21,0,0,0
TXN001602,CUST00661,219171.85,Bank Transfer,Successful,Mbarara,iPhone,4,0,0,0
TXN001603,CUST01455,115751.93,Mobile Money,Successful,Jinja,Android,18,0,0,0
TXN001604,CUST00969,145952.63,Mobile Money,Failed,Mbarara,iPhone,0,24,2,0
TXN001605,CUST01333,386247.64,Bank Transfer,Successful,Kampala,Android,6,0,0,0
TXN001606,CUST01161,38225.78,Card,Successful,Jinja,iPhone,17,12,1,0
TXN001607,CUST00202,413876.82,Card,Suspicious,Gulu,iPhone,0,40,0,1
TXN001608,CUST01460,214120.71,Bank Transfer,Successful,Mbale,iPhone,0,0,0,0
TXN001609,CUST00313,298233.93,Mobile Money,Successful,Mbale,Web,6,0,0,0
TXN001610,CUST00117,45281.29,Mobile Money,Successful,Kampala,Web,16,0,0,0
TXN001611,CUST01690,169010.86,Bank Transfer,Successful,Mbale,Web,5,12,1,0
TXN001612,CUST00937,45305.61,Card,Successful,Mbale,Web,19,0,0,0
TXN001613,CUST01827,480791.09,Bank Transfer,Successful,Mbale,Web,11,0,0,0
TXN001614,CUST00575,403727.19,Bank Transfer,Successful,Gulu,Web,19,12,1,0
TXN001615,CUST00244,230086.56,Bank Transfer,Successful,Mbale,iPhone,14,0,0,0
TXN001616,CUST00537,112189.47,Mobile Money,Successful,Mbarara,Android,12,12,1,0
TXN001617,CUST01626,466760.83,Mobile Money,Successful,Kampala,Web,11,0,0,0
TXN001618,CUST00075,172626.0,Mobile Money,Successful,Kampala,Web,20,0,0,0
TXN001619,CUST01830,80911.72,Card,Successful,Kampala,iPhone,1,12,1,0
TXN001620,CUST00386,281800.61,Bank Transfer,Successful,Gulu,Web,20,0,0,0
TXN001621,CUST01927,471915.17,Bank Transfer,Successful,Gulu,iPhone,17,0,0,0
TXN001622,CUST01234,2413.23,Card,Successful,Mbale,Web,3,0,0,0
TXN001623,CUST00475,119443.36,Mobile Money,Successful,Mbarara,Android,9,0,0,0
TXN001624,CUST00418,469254.6,Bank Transfer,Successful,Mbale,Web,10,12,1,0
TXN001625,CUST00347,85957.44,Card,Successful,Kampala,Web,20,12,1,0
TXN001626,CUST01553,57065.1,Mobile Money,Failed,Mbarara,iPhone,5,24,2,0
TXN001627,CUST00640,285308.51,Mobile Money,Successful,Kampala,Web,5,12,1,0
TXN001628,CUST00939,430990.99,Bank Transfer,Successful,Mbarara,iPhone,8,0,0,0
TXN001629,CUST00955,238816.35,Mobile Money,Successful,Jinja,Android,19,0,0,0
TXN001630,CUST00876,497284.85,Card,Successful,Gulu,Web,12,0,0,0
TXN001631,CUST00763,339746.26,Mobile Money,Successful,Gulu,iPhone,4,12,1,0
TXN001632,CUST01203,37500.42,Bank Transfer,Successful,Kampala,Android,5,0,0,0
TXN001633,CUST01206,496419.65,Card,Suspicious,Kampala,Android,3,40,0,1
TXN001634,CUST00664,204243.17,Mobile Money,Failed,Jinja,iPhone,5,24,2,0
TXN001635,CUST00025,144057.57,Mobile Money,Successful,Mbale,iPhone,17,12,1,0
TXN001636,CUST01991,279160.65,Mobile Money,Successful,Mbarara,Web,12,0,0,0
TXN001637,CUST01204,152501.64,Card,Successful,Jinja,Android,22,0,0,0
TXN001638,CUST00710,43685.52,Mobile Money,Successful,Jinja,Android,2,0,0,0
TXN001639,CUST01525,1213.46,Bank Transfer,Successful,Kampala,iPhone,9,0,0,0
TXN001640,CUST01880,225066.88,Card,Successful,Kampala,Android,3,12,1,0
TXN001641,CUST01185,418513.28,Card,Successful,Mbale,iPhone,14,0,0,0
TXN001642,CUST00177,286371.44,Mobile Money,Successful,Mbale,Web,11,12,1,0
TXN001643,CUST00285,499604.05,Card,Successful,Kampala,iPhone,14,0,0,0
TXN001644,CUST00063,143779.9,Bank Transfer,Successful,Gulu,Web,20,0,0,0
TXN001645,CUST01003,140587.3,Card,Successful,Mbale,iPhone,9,0,0,0
TXN001646,CUST00662,80294.86,Bank Transfer,Successful,Jinja,Web,11,12,1,0
TXN001647,CUST00666,82449.76,Mobile Money,Failed,Kampala,Android,21,24,2,0
TXN001648,CUST00156,142950.7,Card,Successful,Mbarara,iPhone,7,0,0,0
TXN001649,CUST01906,396523.6,Bank Transfer,Successful,Mbarara,iPhone,20,12,1,0
TXN001650,CUST01493,452925.52,Mobile Money,Successful,Gulu,iPhone,20,0,0,0
TXN001651,CUST01073,487556.04,Bank Transfer,Suspicious,Kampala,Web,2,52,1,1
TXN001652,CUST00967,116528.68,Card,Successful,Jinja,iPhone,6,12,1,0
TXN001653,CUST00849,440708.12,Card,Successful,Gulu,iPhone,17,0,0,0
TXN001654,CUST01108,164463.42,Bank Transfer,Successful,Jinja,Android,2,12,1,0
TXN001655,CUST01385,56863.85,Mobile Money,Successful,Mbarara,iPhone,14,0,0,0
TXN001656,CUST00689,435077.45,Mobile Money,Suspicious,Jinja,iPhone,1,52,1,1
TXN001657,CUST00148,318234.76,Mobile Money,Successful,Mbarara,iPhone,14,0,0,0
TXN001658,CUST01654,82783.08,Mobile Money,Successful,Mbale,iPhone,12,0,0,0
TXN001659,CUST00342,215200.71,Bank Transfer,Successful,Mbarara,Android,23,0,0,0
TXN001660,CUST00476,143985.22,Card,Successful,Mbarara,iPhone,19,12,1,0
TXN001661,CUST01087,368528.89,Bank Transfer,Successful,Gulu,iPhone,9,12,1,0
TXN001662,CUST01725,226981.41,Card,Successful,Gulu,Android,23,12,1,0
TXN001663,CUST01384,494645.33,Card,Successful,Kampala,Web,23,12,1,0
TXN001664,CUST00561,27845.12,Bank Transfer,Successful,Kampala,Web,23,0,0,0
TXN001665,CUST00327,177830.13,Bank Transfer,Successful,Mbarara,Android,23,0,0,0
TXN001666,CUST01793,241209.13,Mobile Money,Successful,Mbale,Android,7,0,0,0
TXN001667,CUST01760,251815.21,Card,Failed,Kampala,Web,15,36,3,0
TXN001668,CUST01165,158309.94,Mobile Money,Successful,Mbarara,iPhone,15,0,0,0
TXN001669,CUST00990,364755.5,Mobile Money,Successful,Gulu,Web,1,0,0,0
TXN001670,CUST00215,437436.16,Bank Transfer,Successful,Kampala,iPhone,8,12,1,0
TXN001671,CUST00435,469390.29,Mobile Money,Successful,Kampala,Android,7,0,0,0
TXN001672,CUST01915,402644.14,Mobile Money,Successful,Mbarara,Android,10,0,0,0
TXN001673,CUST00952,425364.81,Mobile Money,Suspicious,Mbarara,Android,0,40,0,1
TXN001674,CUST00723,275497.38,Bank Transfer,Successful,Jinja,Web,20,0,0,0
TXN001675,CUST01342,413031.17,Mobile Money,Successful,Jinja,Android,10,12,1,0
TXN001676,CUST00032,152100.2,Mobile Money,Successful,Mbale,Web,17,0,0,0
TXN001677,CUST00670,199540.14,Bank Transfer,Successful,Kampala,iPhone,20,0,0,0
TXN001678,CUST00285,158798.05,Bank Transfer,Successful,Jinja,iPhone,14,12,1,0
TXN001679,CUST01329,233959.97,Bank Transfer,Successful,Mbarara,iPhone,23,0,0,0
TXN001680,CUST00429,143147.02,Card,Successful,Kampala,Android,8,12,1,0
TXN001681,CUST01501,480824.92,Bank Transfer,Successful,Jinja,iPhone,8,0,0,0
TXN001682,CUST00286,156765.89,Card,Successful,Mbale,Android,0,0,0,0
TXN001683,CUST01168,49473.25,Bank Transfer,Successful,Mbale,Web,6,0,0,0
TXN001684,CUST01448,263645.17,Bank Transfer,Successful,Mbale,Android,11,0,0,0
TXN001685,CUST01043,29020.99,Bank Transfer,Successful,Mbale,iPhone,23,12,1,0
TXN001686,CUST00018,55716.31,Card,Failed,Mbarara,Android,9,24,2,0
TXN001687,CUST00769,110085.0,Mobile Money,Successful,Mbale,Android,18,0,0,0
TXN001688,CUST00590,232442.95,Bank Transfer,Successful,Gulu,Web,15,12,1,0
TXN001689,CUST01395,216908.84,Card,Successful,Mbale,Android,5,12,1,0
TXN001690,CUST01199,399946.09,Bank Transfer,Successful,Jinja,iPhone,10,0,0,0
TXN001691,CUST01010,369867.59,Mobile Money,Successful,Kampala,Android,18,0,0,0
TXN001692,CUST00194,213445.99,Card,Successful,Jinja,Android,18,0,0,0
TXN001693,CUST00502,167185.25,Bank Transfer,Successful,Kampala,iPhone,17,0,0,0
TXN001694,CUST00988,158576.16,Bank Transfer,Successful,Mbarara,Android,14,0,0,0
TXN001695,CUST01137,387110.55,Bank Transfer,Successful,Kampala,Web,15,12,1,0
TXN001696,CUST00114,26510.17,Mobile Money,Successful,Gulu,iPhone,13,12,1,0
TXN001697,CUST01246,6904.41,Card,Failed,Mbale,iPhone,7,24,2,0
TXN001698,CUST01702,397874.42,Bank Transfer,Successful,Jinja,Android,7,0,0,0
TXN001699,CUST00947,238834.61,Bank Transfer,Successful,Kampala,Web,1,0,0,0
TXN001700,CUST00831,65875.13,Card,Successful,Jinja,Web,5,0,0,0
TXN001701,CUST01668,118165.18,Mobile Money,Successful,Mbale,iPhone,12,0,0,0
TXN001702,CUST01921,466285.72,Mobile Money,Successful,Mbarara,iPhone,12,12,1,0
TXN001703,CUST01288,429821.74,Mobile Money,Successful,Mbale,Android,20,12,1,0
TXN001704,CUST00925,355037.63,Mobile Money,Successful,Mbarara,iPhone,11,0,0,0
TXN001705,CUST00055,241371.5,Mobile Money,Successful,Jinja,Web,1,0,0,0
TXN001706,CUST01895,260401.65,Bank Transfer,Successful,Mbarara,Android,20,0,0,0
TXN001707,CUST01667,487634.65,Bank Transfer,Successful,Mbarara,Android,19,0,0,0
TXN001708,CUST00800,482902.34,Bank Transfer,Failed,Mbarara,Web,11,24,2,0
TXN001709,CUST00778,108026.89,Card,Successful,Mbarara,Web,16,0,0,0
TXN001710,CUST01482,405646.73,Mobile Money,Successful,Mbarara,iPhone,5,0,0,0
TXN001711,CUST01902,99022.71,Card,Successful,Kampala,Web,6,0,0,0
TXN001712,CUST00162,107161.97,Mobile Money,Successful,Mbarara,Android,5,0,0,0
TXN001713,CUST01404,338208.47,Mobile Money,Successful,Mbarara,Android,20,12,1,0
TXN001714,CUST00087,202798.05,Card,Successful,Mbale,Web,3,0,0,0
TXN001715,CUST00055,465806.43,Bank Transfer,Successful,Mbale,iPhone,20,0,0,0
TXN001716,CUST01500,44960.36,Card,Successful,Mbale,Android,8,12,1,0
TXN001717,CUST01824,256007.06,Bank Transfer,Successful,Mbarara,iPhone,4,0,0,0
TXN001718,CUST01202,459301.5,Mobile Money,Successful,Mbale,Web,9,0,0,0
TXN001719,CUST01415,452104.77,Bank Transfer,Successful,Kampala,iPhone,14,0,0,0
TXN001720,CUST01373,78686.34,Mobile Money,Successful,Jinja,Android,7,0,0,0
TXN001721,CUST01032,183635.53,Mobile Money,Successful,Mbale,Web,22,12,1,0
TXN001722,CUST00833,309751.14,Bank Transfer,Successful,Mbale,Android,3,12,1,0
TXN001723,CUST00313,80117.74,Mobile Money,Successful,Kampala,Android,4,12,1,0
TXN001724,CUST00759,484027.07,Bank Transfer,Failed,Gulu,Web,6,24,2,0
TXN001725,CUST01859,457417.29,Card,Successful,Gulu,iPhone,5,12,1,0
TXN001726,CUST00443,83891.61,Mobile Money,Successful,Kampala,Web,12,0,0,0
TXN001727,CUST01791,61017.15,Mobile Money,Successful,Mbale,Android,18,0,0,0
TXN001728,CUST00328,43161.54,Card,Successful,Jinja,Android,9,12,1,0
TXN001729,CUST01078,454767.11,Mobile Money,Successful,Mbale,Android,14,12,1,0
TXN001730,CUST00761,97215.09,Card,Successful,Kampala,Web,2,0,0,0
TXN001731,CUST01263,208434.32,Card,Successful,Kampala,Web,17,0,0,0
TXN001732,CUST01253,224701.26,Mobile Money,Successful,Mbarara,Web,13,12,1,0
TXN001733,CUST00579,299706.02,Card,Successful,Kampala,Web,2,0,0,0
TXN001734,CUST01075,36331.8,Card,Failed,Mbarara,iPhone,10,36,3,0
TXN001735,CUST01633,113765.93,Card,Failed,Kampala,Android,9,36,3,0
TXN001736,CUST01628,465779.45,Mobile Money,Successful,Mbarara,iPhone,16,12,1,0
TXN001737,CUST01007,454250.85,Card,Successful,Mbarara,Android,12,0,0,0
TXN001738,CUST01288,390754.68,Bank Transfer,Successful,Mbale,Android,1,12,1,0
TXN001739,CUST01442,10190.92,Bank Transfer,Successful,Mbarara,iPhone,12,0,0,0
TXN001740,CUST01827,163839.88,Card,Successful,Gulu,Web,18,12,1,0
TXN001741,CUST00096,314165.39,Bank Transfer,Successful,Kampala,Android,4,0,0,0
TXN001742,CUST01112,137957.51,Mobile Money,Successful,Jinja,Web,15,0,0,0
TXN001743,CUST01102,454838.55,Card,Successful,Kampala,iPhone,9,0,0,0
TXN001744,CUST01312,317127.79,Mobile Money,Failed,Mbale,Android,11,24,2,0
TXN001745,CUST01144,36417.41,Bank Transfer,Successful,Mbale,Web,19,12,1,0
TXN001746,CUST00814,454548.29,Bank Transfer,Successful,Mbarara,iPhone,12,0,0,0
TXN001747,CUST00491,478904.45,Bank Transfer,Successful,Mbale,Android,20,12,1,0
TXN001748,CUST01936,39317.35,Bank Transfer,Successful,Mbale,iPhone,15,0,0,0
TXN001749,CUST00452,266413.94,Mobile Money,Failed,Kampala,Web,21,24,2,0
TXN001750,CUST01524,152030.46,Card,Successful,Gulu,Android,20,0,0,0
TXN001751,CUST00165,196723.12,Mobile Money,Successful,Gulu,Android,0,0,0,0
TXN001752,CUST00182,90235.78,Card,Successful,Mbarara,Android,21,0,0,0
TXN001753,CUST00469,289247.01,Bank Transfer,Failed,Mbale,iPhone,8,24,2,0
TXN001754,CUST00910,479010.69,Bank Transfer,Successful,Mbale,iPhone,15,12,1,0
TXN001755,CUST00735,251784.76,Bank Transfer,Successful,Gulu,iPhone,18,0,0,0
TXN001756,CUST00823,41915.83,Bank Transfer,Successful,Mbarara,iPhone,14,12,1,0
TXN001757,CUST00944,310190.67,Mobile Money,Successful,Mbale,Web,17,12,1,0
TXN001758,CUST00007,170441.39,Card,Successful,Mbarara,iPhone,21,0,0,0
TXN001759,CUST00330,428034.63,Card,Successful,Kampala,iPhone,11,0,0,0
TXN001760,CUST00775,217621.74,Bank Transfer,Successful,Mbale,iPhone,13,12,1,0
TXN001761,CUST01697,96823.38,Mobile Money,Successful,Mbale,Web,2,0,0,0
TXN001762,CUST00151,95957.26,Bank Transfer,Successful,Mbale,Web,3,12,1,0
TXN001763,CUST01109,384497.71,Card,Successful,Gulu,Android,5,0,0,0
TXN001764,CUST00147,133161.01,Card,Successful,Gulu,iPhone,15,12,1,0
TXN001765,CUST01648,383733.08,Mobile Money,Successful,Mbale,Android,12,0,0,0
TXN001766,CUST01405,103340.71,Card,Successful,Mbale,Android,11,0,0,0
TXN001767,CUST00915,161182.34,Mobile Money,Successful,Kampala,Web,21,0,0,0
TXN001768,CUST01572,233010.74,Bank Transfer,Successful,Kampala,Web,11,0,0,0
TXN001769,CUST01309,471626.33,Bank Transfer,Suspicious,Mbarara,Android,1,52,1,1
TXN001770,CUST00700,465899.85,Mobile Money,Successful,Mbarara,Android,12,0,0,0
TXN001771,CUST00082,103832.5,Bank Transfer,Successful,Gulu,iPhone,2,0,0,0
TXN001772,CUST00514,179430.41,Mobile Money,Successful,Jinja,Web,12,0,0,0
TXN001773,CUST01921,75124.99,Bank Transfer,Successful,Kampala,Web,1,0,0,0
TXN001774,CUST00815,255237.55,Bank Transfer,Successful,Mbarara,Android,18,0,0,0
TXN001775,CUST00709,230560.98,Card,Successful,Kampala,Web,8,0,0,0
TXN001776,CUST01940,450429.7,Card,Successful,Kampala,Android,19,0,0,0
TXN001777,CUST01547,465037.69,Mobile Money,Suspicious,Jinja,Android,0,40,0,1
TXN001778,CUST00746,192091.91,Bank Transfer,Successful,Kampala,Web,12,0,0,0
TXN001779,CUST01023,246123.1,Bank Transfer,Successful,Jinja,iPhone,1,12,1,0
TXN001780,CUST01410,448170.01,Bank Transfer,Successful,Jinja,Web,14,0,0,0
TXN001781,CUST00707,403450.55,Card,Successful,Kampala,Android,18,0,0,0
TXN001782,CUST00471,2326.33,Mobile Money,Successful,Kampala,Android,15,0,0,0
TXN001783,CUST01143,160369.75,Mobile Money,Successful,Mbarara,iPhone,10,0,0,0
TXN001784,CUST00396,211176.23,Mobile Money,Successful,Kampala,Android,14,0,0,0
TXN001785,CUST01556,115243.28,Bank Transfer,Successful,Kampala,iPhone,5,12,1,0
TXN001786,CUST00261,100186.02,Mobile Money,Successful,Kampala,Web,13,0,0,0
TXN001787,CUST00805,19373.36,Card,Successful,Mbarara,iPhone,5,0,0,0
TXN001788,CUST00934,321863.18,Card,Successful,Jinja,Android,18,0,0,0
TXN001789,CUST01280,131623.89,Mobile Money,Successful,Mbarara,Android,4,12,1,0
TXN001790,CUST01758,26647.42,Bank Transfer,Successful,Kampala,iPhone,10,0,0,0
TXN001791,CUST00905,115874.17,Card,Successful,Mbale,Web,3,0,0,0
TXN001792,CUST01250,401056.02,Card,Successful,Kampala,iPhone,8,12,1,0
TXN001793,CUST01077,425818.85,Bank Transfer,Successful,Mbarara,Android,8,0,0,0
TXN001794,CUST00940,241791.59,Bank Transfer,Successful,Mbarara,Web,16,12,1,0
TXN001795,CUST01891,208327.3,Mobile Money,Successful,Gulu,iPhone,7,0,0,0
TXN001796,CUST01524,488937.92,Card,Successful,Mbale,iPhone,14,12,1,0
TXN001797,CUST01530,100682.05,Card,Successful,Mbarara,iPhone,8,12,1,0
TXN001798,CUST00854,108071.96,Mobile Money,Failed,Jinja,Android,4,24,2,0
TXN001799,CUST01388,146287.65,Mobile Money,Successful,Kampala,Android,3,0,0,0
TXN001800,CUST01304,86792.28,Card,Successful,Jinja,Android,19,12,1,0
TXN001801,CUST00593,189993.12,Card,Successful,Mbarara,Web,17,0,0,0
TXN001802,CUST00714,455461.7,Bank Transfer,Successful,Mbarara,Web,8,0,0,0
TXN001803,CUST01182,307866.25,Bank Transfer,Successful,Jinja,Web,20,0,0,0
TXN001804,CUST00632,206267.3,Card,Successful,Jinja,Android,2,12,1,0
TXN001805,CUST00059,467238.19,Card,Successful,Gulu,Web,21,0,0,0
TXN001806,CUST01751,24707.88,Bank Transfer,Successful,Kampala,Web,8,12,1,0
TXN001807,CUST00128,105532.95,Mobile Money,Successful,Jinja,iPhone,8,12,1,0
TXN001808,CUST00736,283161.36,Mobile Money,Successful,Kampala,Android,20,0,0,0
TXN001809,CUST00721,307968.54,Card,Successful,Mbale,iPhone,23,0,0,0
TXN001810,CUST01906,20258.97,Card,Successful,Mbarara,Android,3,0,0,0
TXN001811,CUST01139,201817.86,Bank Transfer,Successful,Jinja,Android,20,0,0,0
TXN001812,CUST01233,324752.41,Card,Successful,Mbale,Web,6,12,1,0
TXN001813,CUST00526,349186.24,Mobile Money,Successful,Mbarara,iPhone,6,0,0,0
TXN001814,CUST00521,319250.88,Bank Transfer,Successful,Gulu,iPhone,22,12,1,0
TXN001815,CUST00552,160621.33,Bank Transfer,Successful,Mbarara,Web,7,0,0,0
TXN001816,CUST01986,47213.3,Mobile Money,Successful,Jinja,iPhone,20,0,0,0
TXN001817,CUST00237,213842.67,Mobile Money,Successful,Mbale,iPhone,0,0,0,0
TXN001818,CUST01305,64812.84,Bank Transfer,Failed,Mbale,Android,8,24,2,0
TXN001819,CUST01383,473838.02,Card,Successful,Mbale,iPhone,22,0,0,0
TXN001820,CUST01225,237847.85,Mobile Money,Successful,Mbarara,iPhone,11,0,0,0
TXN001821,CUST01782,158970.96,Bank Transfer,Failed,Kampala,Android,5,24,2,0
TXN001822,CUST01302,383268.88,Card,Successful,Kampala,Web,12,12,1,0
TXN001823,CUST01259,249225.32,Card,Successful,Mbarara,Android,4,0,0,0
TXN001824,CUST00494,155361.99,Bank Transfer,Successful,Jinja,Web,20,0,0,0
TXN001825,CUST00004,406077.89,Mobile Money,Successful,Mbarara,Web,18,12,1,0
TXN001826,CUST00666,433642.5,Card,Suspicious,Kampala,Android,0,52,1,1
TXN001827,CUST00442,336667.58,Mobile Money,Successful,Mbarara,Android,21,12,1,0
TXN001828,CUST00029,23958.73,Bank Transfer,Successful,Mbale,Web,23,0,0,0
TXN001829,CUST01133,283378.28,Mobile Money,Successful,Jinja,Android,17,0,0,0
TXN001830,CUST00610,381765.81,Card,Successful,Jinja,Android,7,12,1,0
TXN001831,CUST01751,68683.25,Bank Transfer,Successful,Gulu,iPhone,23,0,0,0
TXN001832,CUST00805,114721.04,Card,Successful,Mbarara,Android,7,0,0,0
TXN001833,CUST00075,441306.3,Card,Successful,Mbale,Android,14,12,1,0
TXN001834,CUST00838,10550.8,Bank Transfer,Failed,Mbarara,iPhone,18,24,2,0
TXN001835,CUST01170,376487.21,Bank Transfer,Successful,Gulu,Web,9,12,1,0
TXN001836,CUST00128,237149.76,Mobile Money,Successful,Gulu,Web,23,0,0,0
TXN001837,CUST01877,223662.69,Bank Transfer,Successful,Mbarara,Android,15,0,0,0
TXN001838,CUST00042,4044.72,Mobile Money,Successful,Mbarara,Android,10,0,0,0
TXN001839,CUST01380,409789.42,Bank Transfer,Failed,Mbarara,Web,11,24,2,0
TXN001840,CUST00041,180232.54,Card,Successful,Kampala,Android,15,0,0,0
TXN001841,CUST00934,270612.43,Mobile Money,Successful,Gulu,Web,15,0,0,0
TXN001842,CUST00034,338811.69,Bank Transfer,Successful,Jinja,Web,19,12,1,0
TXN001843,CUST01041,351463.47,Mobile Money,Successful,Kampala,iPhone,2,12,1,0
TXN001844,CUST01701,478012.04,Mobile Money,Successful,Mbale,iPhone,8,0,0,0
TXN001845,CUST01177,265904.31,Mobile Money,Successful,Jinja,Android,7,0,0,0
TXN001846,CUST00998,200159.92,Card,Successful,Jinja,Android,9,0,0,0
TXN001847,CUST01402,476874.96,Bank Transfer,Successful,Jinja,Web,12,12,1,0
TXN001848,CUST00588,321234.06,Bank Transfer,Failed,Gulu,Android,17,24,2,0
TXN001849,CUST01623,149426.1,Mobile Money,Failed,Mbale,iPhone,12,24,2,0
TXN001850,CUST01653,63668.89,Bank Transfer,Successful,Kampala,Web,12,0,0,0
TXN001851,CUST01898,421355.97,Card,Successful,Mbale,Web,14,12,1,0
TXN001852,CUST00342,181409.71,Mobile Money,Successful,Kampala,Android,12,12,1,0
TXN001853,CUST00027,330404.63,Card,Successful,Gulu,Web,15,12,1,0
TXN001854,CUST01849,235672.8,Card,Successful,Mbale,Web,7,0,0,0
TXN001855,CUST01311,99865.43,Bank Transfer,Successful,Jinja,Web,18,12,1,0
TXN001856,CUST00646,301042.46,Bank Transfer,Successful,Mbale,iPhone,9,0,0,0
TXN001857,CUST00731,30811.19,Mobile Money,Successful,Gulu,Web,11,0,0,0
TXN001858,CUST00168,206964.56,Card,Successful,Gulu,iPhone,13,0,0,0
TXN001859,CUST00610,273534.16,Bank Transfer,Successful,Gulu,Web,5,0,0,0
TXN001860,CUST00268,218305.46,Mobile Money,Successful,Kampala,Android,20,0,0,0
TXN001861,CUST01773,374461.75,Mobile Money,Successful,Mbale,Android,23,0,0,0
TXN001862,CUST00821,414048.51,Bank Transfer,Successful,Jinja,Web,8,0,0,0
TXN001863,CUST00455,385735.92,Card,Successful,Jinja,Android,6,12,1,0
TXN001864,CUST00906,19887.07,Mobile Money,Successful,Mbarara,iPhone,5,0,0,0
TXN001865,CUST01709,97467.32,Bank Transfer,Failed,Gulu,Web,21,24,2,0
TXN001866,CUST01425,268535.45,Mobile Money,Successful,Jinja,iPhone,0,0,0,0
TXN001867,CUST00922,467443.61,Bank Transfer,Successful,Gulu,Web,20,12,1,0
TXN001868,CUST00981,417560.91,Mobile Money,Successful,Jinja,iPhone,13,12,1,0
TXN001869,CUST01500,421345.99,Card,Failed,Mbale,Android,23,24,2,0
TXN001870,CUST00702,151952.49,Mobile Money,Successful,Mbarara,iPhone,5,0,0,0
TXN001871,CUST00634,215009.22,Bank Transfer,Successful,Gulu,iPhone,11,0,0,0
TXN001872,CUST01582,235617.62,Bank Transfer,Successful,Kampala,Android,16,0,0,0
TXN001873,CUST01600,79107.11,Bank Transfer,Successful,Kampala,Android,4,0,0,0
TXN001874,CUST00130,16018.53,Card,Successful,Jinja,Web,10,0,0,0
TXN001875,CUST01020,473478.0,Bank Transfer,Suspicious,Mbale,Web,4,40,0,1
TXN001876,CUST01846,120735.94,Bank Transfer,Successful,Gulu,iPhone,11,12,1,0
TXN001877,CUST01387,120354.48,Card,Successful,Mbarara,Web,2,12,1,0
TXN001878,CUST01729,42147.84,Bank Transfer,Suspicious,Mbale,iPhone,23,88,4,1
TXN001879,CUST00819,464289.62,Bank Transfer,Successful,Jinja,Web,8,0,0,0
TXN001880,CUST00693,290078.69,Card,Successful,Mbale,Android,5,0,0,0
TXN001881,CUST01316,333684.91,Mobile Money,Successful,Mbarara,Android,21,0,0,0
TXN001882,CUST01395,455832.66,Bank Transfer,Suspicious,Mbale,Android,1,40,0,1
TXN001883,CUST00794,173137.27,Mobile Money,Successful,Gulu,Android,1,12,1,0
TXN001884,CUST00029,310942.9,Card,Successful,Jinja,iPhone,21,0,0,0
TXN001885,CUST00149,19880.33,Bank Transfer,Successful,Mbarara,Android,11,0,0,0
TXN001886,CUST01803,93792.88,Bank Transfer,Successful,Jinja,Android,7,12,1,0
TXN001887,CUST01320,415707.28,Card,Suspicious,Gulu,Android,1,52,1,1
TXN001888,CUST00011,383500.79,Bank Transfer,Successful,Mbarara,Android,8,12,1,0
TXN001889,CUST01536,175646.02,Mobile Money,Successful,Mbarara,Web,15,0,0,0
TXN001890,CUST00676,188716.91,Mobile Money,Successful,Jinja,iPhone,14,12,1,0
TXN001891,CUST01137,267010.44,Card,Successful,Mbale,iPhone,13,0,0,0
TXN001892,CUST00187,620.38,Bank Transfer,Successful,Mbale,Web,19,0,0,0
TXN001893,CUST00807,121001.55,Bank Transfer,Failed,Kampala,Web,3,24,2,0
TXN001894,CUST00744,104511.79,Card,Successful,Kampala,iPhone,3,0,0,0
TXN001895,CUST01251,125616.23,Mobile Money,Successful,Mbarara,iPhone,10,0,0,0
TXN001896,CUST01334,403049.97,Mobile Money,Successful,Jinja,Web,20,0,0,0
TXN001897,CUST00098,140197.09,Card,Successful,Mbarara,Android,23,0,0,0
TXN001898,CUST00055,96164.9,Bank Transfer,Successful,Jinja,iPhone,17,0,0,0
TXN001899,CUST00623,252379.6,Mobile Money,Successful,Gulu,Web,4,12,1,0
TXN001900,CUST00664,432889.7,Bank Transfer,Suspicious,Kampala,Android,1,40,0,1
TXN001901,CUST00758,121054.18,Mobile Money,Successful,Mbarara,Android,14,0,0,0
TXN001902,CUST00406,39728.85,Bank Transfer,Successful,Gulu,Web,10,0,0,0
TXN001903,CUST00069,178524.17,Mobile Money,Successful,Mbale,iPhone,23,12,1,0
TXN001904,CUST01336,373952.09,Bank Transfer,Successful,Kampala,iPhone,16,0,0,0
TXN001905,CUST01313,275569.93,Card,Successful,Jinja,Android,15,0,0,0
TXN001906,CUST01786,408488.29,Mobile Money,Successful,Mbale,Web,14,0,0,0
TXN001907,CUST01572,479816.28,Card,Successful,Mbale,Android,22,0,0,0
TXN001908,CUST00751,396434.91,Mobile Money,Successful,Gulu,Android,2,12,1,0
TXN001909,CUST01172,302099.64,Mobile Money,Successful,Mbarara,Android,19,0,0,0
TXN001910,CUST01491,246924.12,Mobile Money,Successful,Mbarara,Web,14,12,1,0
TXN001911,CUST01763,20514.51,Bank Transfer,Successful,Gulu,iPhone,23,0,0,0
TXN001912,CUST01268,492168.83,Mobile Money,Failed,Mbale,Android,18,24,2,0
TXN001913,CUST01515,192048.82,Card,Successful,Kampala,iPhone,12,12,1,0
TXN001914,CUST01873,76537.99,Bank Transfer,Successful,Mbale,iPhone,15,0,0,0
TXN001915,CUST00958,333521.07,Bank Transfer,Successful,Gulu,Web,22,0,0,0
TXN001916,CUST01531,142502.0,Mobile Money,Successful,Mbale,iPhone,11,12,1,0
TXN001917,CUST00365,293096.25,Bank Transfer,Successful,Mbale,iPhone,16,0,0,0
TXN001918,CUST00482,293590.57,Mobile Money,Successful,Mbale,Android,15,0,0,0
TXN001919,CUST00201,223142.05,Card,Successful,Mbale,Web,8,0,0,0
TXN001920,CUST00154,418141.25,Bank Transfer,Successful,Kampala,Web,5,0,0,0
TXN001921,CUST01474,132851.05,Bank Transfer,Successful,Jinja,Android,18,12,1,0
TXN001922,CUST01525,224591.98,Card,Successful,Jinja,Android,22,0,0,0
TXN001923,CUST00073,269077.22,Card,Successful,Mbarara,iPhone,12,0,0,0
TXN001924,CUST00713,331980.55,Mobile Money,Failed,Jinja,iPhone,20,24,2,0
TXN001925,CUST00296,392093.94,Bank Transfer,Successful,Jinja,Web,23,0,0,0
TXN001926,CUST01041,197706.24,Card,Successful,Jinja,Web,7,0,0,0
TXN001927,CUST01665,323200.45,Bank Transfer,Successful,Mbale,iPhone,11,12,1,0
TXN001928,CUST01241,75730.17,Card,Successful,Mbale,Android,8,0,0,0
TXN001929,CUST00061,466357.73,Bank Transfer,Successful,Kampala,Web,21,0,0,0
TXN001930,CUST00939,191837.87,Card,Successful,Mbale,Android,3,0,0,0
TXN001931,CUST01640,364895.95,Bank Transfer,Successful,Mbale,iPhone,12,0,0,0
TXN001932,CUST00042,10660.37,Mobile Money,Successful,Jinja,Web,1,0,0,0
TXN001933,CUST00025,102990.98,Bank Transfer,Successful,Kampala,Web,2,0,0,0
TXN001934,CUST01063,243797.73,Mobile Money,Successful,Kampala,iPhone,4,0,0,0
TXN001935,CUST01827,439187.11,Mobile Money,Successful,Jinja,iPhone,23,0,0,0
TXN001936,CUST00131,263863.95,Mobile Money,Successful,Jinja,Android,17,0,0,0
TXN001937,CUST01522,464970.31,Bank Transfer,Successful,Kampala,Android,20,12,1,0
TXN001938,CUST01253,242156.55,Bank Transfer,Successful,Gulu,iPhone,13,0,0,0
TXN001939,CUST00108,245479.32,Mobile Money,Failed,Jinja,iPhone,1,24,2,0
TXN001940,CUST00172,60313.52,Card,Successful,Jinja,iPhone,14,0,0,0
TXN001941,CUST01459,401426.79,Bank Transfer,Successful,Kampala,Web,7,12,1,0
TXN001942,CUST01502,123859.22,Bank Transfer,Failed,Gulu,iPhone,15,24,2,0
TXN001943,CUST00102,449856.44,Bank Transfer,Suspicious,Gulu,Web,2,40,0,1
TXN001944,CUST00866,455456.7,Bank Transfer,Successful,Mbarara,iPhone,23,0,0,0
TXN001945,CUST00524,471683.4,Mobile Money,Failed,Gulu,Web,19,24,2,0
TXN001946,CUST00275,260355.13,Card,Successful,Jinja,Android,19,0,0,0
TXN001947,CUST01637,338708.35,Card,Failed,Mbale,Android,22,24,2,0
TXN001948,CUST01068,389368.68,Card,Successful,Kampala,Web,4,0,0,0
TXN001949,CUST01979,65941.8,Card,Successful,Jinja,Android,3,0,0,0
TXN001950,CUST00817,300678.12,Mobile Money,Successful,Kampala,Android,22,0,0,0
TXN001951,CUST00957,17631.8,Bank Transfer,Successful,Gulu,Web,11,12,1,0
TXN001952,CUST01041,249034.26,Bank Transfer,Successful,Kampala,iPhone,18,12,1,0
TXN001953,CUST00330,77843.92,Mobile Money,Successful,Jinja,iPhone,14,0,0,0
TXN001954,CUST01593,91870.0,Bank Transfer,Successful,Mbale,Web,12,12,1,0
TXN001955,CUST01847,182841.26,Mobile Money,Successful,Jinja,Android,4,0,0,0
TXN001956,CUST01521,216502.36,Card,Successful,Mbarara,iPhone,11,0,0,0
TXN001957,CUST01839,311774.63,Mobile Money,Successful,Kampala,iPhone,18,12,1,0
TXN001958,CUST00012,37677.0,Bank Transfer,Successful,Jinja,Android,1,12,1,0
TXN001959,CUST01342,252094.03,Bank Transfer,Successful,Gulu,Web,6,0,0,0
TXN001960,CUST01616,91721.25,Bank Transfer,Failed,Gulu,Web,22,24,2,0
TXN001961,CUST00216,287200.6,Card,Successful,Jinja,iPhone,4,12,1,0
TXN001962,CUST00339,318883.6,Mobile Money,Successful,Mbarara,Web,19,0,0,0
TXN001963,CUST01800,278576.27,Mobile Money,Successful,Kampala,Android,10,12,1,0
TXN001964,CUST00661,369278.61,Bank Transfer,Successful,Mbarara,Web,17,12,1,0
TXN001965,CUST01105,168136.82,Mobile Money,Successful,Mbale,Web,17,0,0,0
TXN001966,CUST01751,382670.74,Bank Transfer,Successful,Jinja,Web,6,0,0,0
TXN001967,CUST01509,216667.16,Mobile Money,Successful,Mbarara,Web,9,0,0,0
TXN001968,CUST00374,242350.16,Card,Successful,Mbale,Android,22,0,0,0
TXN001969,CUST00976,324227.01,Card,Successful,Mbarara,Web,19,0,0,0
TXN001970,CUST00710,9670.01,Mobile Money,Successful,Mbale,iPhone,13,0,0,0
TXN001971,CUST01224,327170.11,Card,Successful,Gulu,Web,19,12,1,0
TXN001972,CUST01561,309483.28,Card,Successful,Gulu,iPhone,19,12,1,0
TXN001973,CUST00466,155268.63,Card,Successful,Jinja,Android,10,0,0,0
TXN001974,CUST01113,43354.25,Bank Transfer,Successful,Mbarara,Web,1,0,0,0
TXN001975,CUST01292,45922.26,Mobile Money,Successful,Gulu,iPhone,12,0,0,0
TXN001976,CUST01679,461650.26,Mobile Money,Failed,Kampala,Web,12,24,2,0
TXN001977,CUST01595,344795.02,Bank Transfer,Successful,Gulu,Web,8,0,0,0
TXN001978,CUST01946,63987.76,Bank Transfer,Successful,Gulu,iPhone,16,0,0,0
TXN001979,CUST00489,178683.22,Card,Failed,Mbarara,Android,14,24,2,0
TXN001980,CUST01901,296445.26,Mobile Money,Successful,Mbale,Android,23,0,0,0
TXN001981,CUST01562,417868.07,Bank Transfer,Successful,Kampala,Android,21,0,0,0
TXN001982,CUST00047,22308.63,Card,Failed,Kampala,Android,22,36,3,0
TXN001983,CUST01312,118698.25,Mobile Money,Successful,Mbale,Android,20,12,1,0
TXN001984,CUST00778,444929.62,Card,Successful,Mbarara,Android,21,12,1,0
TXN001985,CUST01040,5078.19,Mobile Money,Successful,Gulu,Web,21,12,1,0
TXN001986,CUST00711,101098.85,Card,Successful,Mbale,Web,15,0,0,0
TXN001987,CUST00401,479532.58,Mobile Money,Failed,Kampala,iPhone,9,24,2,0
TXN001988,CUST01943,306894.22,Mobile Money,Successful,Kampala,Android,19,12,1,0
TXN001989,CUST01818,131204.85,Mobile Money,Successful,Gulu,Android,11,0,0,0
TXN001990,CUST00981,33962.05,Mobile Money,Successful,Gulu,Android,4,0,0,0
TXN001991,CUST01110,14581.57,Card,Failed,Jinja,iPhone,19,24,2,0
TXN001992,CUST00250,122750.17,Bank Transfer,Successful,Mbale,Web,16,0,0,0
TXN001993,CUST00391,440802.17,Mobile Money,Failed,Gulu,Web,9,24,2,0
TXN001994,CUST01806,208248.87,Mobile Money,Successful,Jinja,Android,5,0,0,0
TXN001995,CUST00335,360306.52,Mobile Money,Successful,Mbarara,Web,20,12,1,0
TXN001996,CUST00629,459183.38,Mobile Money,Successful,Kampala,Web,19,0,0,0
TXN001997,CUST01543,204316.21,Card,Successful,Mbale,Web,5,0,0,0
TXN001998,CUST00137,96043.05,Bank Transfer,Successful,Mbarara,Android,11,0,0,0
TXN001999,CUST00883,258800.41,Bank Transfer,Successful,Mbale,Web,20,0,0,0
TXN002000,CUST00688,454087.8,Bank Transfer,Successful,Mbale,Web,18,0,0,0
TXN002001,CUST01864,402285.02,Card,Suspicious,Gulu,iPhone,1,40,0,1
TXN002002,CUST01522,33382.01,Bank Transfer,Successful,Jinja,Android,12,12,1,0
TXN002003,CUST00827,346440.11,Card,Successful,Mbale,Web,21,0,0,0
TXN002004,CUST00727,286162.81,Card,Successful,Mbarara,Android,19,0,0,0
TXN002005,CUST01501,453777.86,Mobile Money,Successful,Mbale,Web,10,0,0,0
TXN002006,CUST00594,61679.47,Card,Successful,Jinja,Android,14,0,0,0
TXN002007,CUST01247,267251.04,Bank Transfer,Successful,Kampala,Web,12,12,1,0
TXN002008,CUST00990,439791.62,Bank Transfer,Suspicious,Mbale,Web,2,40,0,1
TXN002009,CUST00372,205306.88,Bank Transfer,Successful,Mbarara,iPhone,13,12,1,0
TXN002010,CUST00935,241256.46,Mobile Money,Successful,Kampala,Android,7,0,0,0
TXN002011,CUST00995,35695.11,Mobile Money,Failed,Kampala,Web,8,36,3,0
TXN002012,CUST00402,139432.75,Mobile Money,Failed,Gulu,iPhone,14,24,2,0
TXN002013,CUST01467,162591.07,Card,Successful,Gulu,iPhone,22,12,1,0
TXN002014,CUST01514,472588.66,Bank Transfer,Successful,Mbale,Android,17,0,0,0
TXN002015,CUST00615,141692.35,Card,Successful,Mbarara,Android,7,0,0,0
TXN002016,CUST01297,230703.93,Card,Successful,Gulu,iPhone,10,0,0,0
TXN002017,CUST01550,335816.56,Bank Transfer,Successful,Jinja,Android,4,0,0,0
TXN002018,CUST01183,81510.59,Mobile Money,Successful,Jinja,Android,14,0,0,0
TXN002019,CUST01176,243477.97,Bank Transfer,Successful,Kampala,Android,14,0,0,0
TXN002020,CUST00995,369400.25,Card,Successful,Kampala,Web,6,0,0,0
TXN002021,CUST00620,433494.18,Card,Successful,Kampala,Android,20,0,0,0
TXN002022,CUST00188,313316.51,Mobile Money,Successful,Jinja,Android,17,12,1,0
TXN002023,CUST01837,334692.23,Card,Successful,Gulu,iPhone,11,12,1,0
TXN002024,CUST01122,63578.59,Card,Successful,Gulu,iPhone,11,12,1,0
TXN002025,CUST00131,472915.36,Bank Transfer,Suspicious,Mbale,iPhone,3,52,1,1
TXN002026,CUST00805,66720.75,Mobile Money,Successful,Mbarara,Android,10,0,0,0
TXN002027,CUST01195,387449.13,Bank Transfer,Successful,Jinja,Android,20,0,0,0
TXN002028,CUST00936,132775.75,Bank Transfer,Successful,Kampala,iPhone,5,0,0,0
TXN002029,CUST00986,466829.78,Bank Transfer,Successful,Mbarara,iPhone,20,0,0,0
TXN002030,CUST00183,360119.79,Card,Successful,Kampala,Web,9,12,1,0
TXN002031,CUST00983,377029.95,Card,Successful,Mbarara,Web,14,0,0,0
TXN002032,CUST00364,109920.06,Mobile Money,Successful,Mbarara,Web,0,12,1,0
TXN002033,CUST00039,221798.47,Card,Successful,Gulu,Android,16,0,0,0
TXN002034,CUST01551,309097.69,Mobile Money,Successful,Mbale,Android,2,0,0,0
TXN002035,CUST01912,385101.82,Bank Transfer,Successful,Mbale,iPhone,10,0,0,0
TXN002036,CUST00497,52427.71,Bank Transfer,Successful,Kampala,Web,17,12,1,0
TXN002037,CUST01540,481201.48,Card,Successful,Jinja,Android,9,0,0,0
TXN002038,CUST01373,445165.22,Card,Failed,Mbale,Web,20,24,2,0
TXN002039,CUST00982,135539.12,Mobile Money,Successful,Jinja,Web,8,12,1,0
TXN002040,CUST00921,411468.74,Card,Successful,Kampala,Android,6,0,0,0
TXN002041,CUST01421,259402.8,Card,Successful,Jinja,Web,10,12,1,0
TXN002042,CUST00722,231172.34,Card,Successful,Mbarara,iPhone,7,12,1,0
TXN002043,CUST01185,157559.84,Bank Transfer,Successful,Mbarara,iPhone,1,12,1,0
TXN002044,CUST00016,290693.81,Card,Failed,Kampala,Android,4,24,2,0
TXN002045,CUST00493,365079.61,Card,Successful,Jinja,Web,8,0,0,0
TXN002046,CUST01450,205760.99,Bank Transfer,Successful,Jinja,iPhone,0,12,1,0
TXN002047,CUST01132,314794.99,Bank Transfer,Successful,Kampala,Web,16,0,0,0
TXN002048,CUST00894,349806.8,Bank Transfer,Successful,Mbale,iPhone,9,0,0,0
TXN002049,CUST01474,355705.35,Bank Transfer,Successful,Gulu,iPhone,7,0,0,0
TXN002050,CUST00311,26457.07,Card,Successful,Mbale,Web,17,0,0,0
TXN002051,CUST00739,429944.03,Card,Successful,Gulu,Android,9,0,0,0
TXN002052,CUST01194,229397.53,Card,Successful,Jinja,Android,8,0,0,0
TXN002053,CUST00546,131576.83,Mobile Money,Successful,Gulu,Android,3,0,0,0
TXN002054,CUST00414,121261.37,Bank Transfer,Successful,Gulu,Web,1,0,0,0
TXN002055,CUST00251,241765.55,Card,Successful,Jinja,Web,18,0,0,0
TXN002056,CUST00759,443472.35,Card,Failed,Mbarara,Web,9,24,2,0
TXN002057,CUST01805,189484.62,Card,Successful,Gulu,Android,16,0,0,0
TXN002058,CUST01165,374988.01,Bank Transfer,Successful,Kampala,Web,2,0,0,0
TXN002059,CUST01298,48860.96,Bank Transfer,Successful,Mbale,Android,20,0,0,0
TXN002060,CUST01440,238290.32,Bank Transfer,Successful,Jinja,iPhone,18,12,1,0
TXN002061,CUST01632,495847.23,Card,Successful,Jinja,Android,18,0,0,0
TXN002062,CUST01763,385333.68,Bank Transfer,Successful,Gulu,Android,21,0,0,0
TXN002063,CUST01915,105658.98,Card,Successful,Mbarara,Android,18,0,0,0
TXN002064,CUST01063,250970.02,Mobile Money,Successful,Mbarara,Web,18,0,0,0
TXN002065,CUST00814,117195.57,Bank Transfer,Failed,Mbale,Android,14,24,2,0
TXN002066,CUST00029,205075.68,Bank Transfer,Successful,Mbale,iPhone,17,0,0,0
TXN002067,CUST00958,390151.97,Card,Successful,Mbarara,iPhone,16,0,0,0
TXN002068,CUST00477,385726.8,Bank Transfer,Successful,Mbarara,iPhone,9,12,1,0
TXN002069,CUST00318,114436.14,Bank Transfer,Successful,Mbarara,iPhone,23,12,1,0
TXN002070,CUST00245,461150.55,Card,Successful,Gulu,iPhone,13,0,0,0
TXN002071,CUST00748,296487.81,Card,Successful,Kampala,iPhone,18,0,0,0
TXN002072,CUST00697,190272.18,Card,Successful,Mbale,Android,22,0,0,0
TXN002073,CUST00272,251216.82,Mobile Money,Successful,Jinja,Web,17,12,1,0
TXN002074,CUST01464,302733.09,Card,Successful,Mbarara,Web,10,12,1,0
TXN002075,CUST01772,280165.32,Bank Transfer,Successful,Mbarara,iPhone,10,0,0,0
TXN002076,CUST01263,243459.32,Mobile Money,Successful,Kampala,Android,11,0,0,0
TXN002077,CUST00377,252713.94,Card,Successful,Mbarara,iPhone,7,0,0,0
TXN002078,CUST00266,88617.75,Mobile Money,Successful,Mbale,iPhone,15,12,1,0
TXN002079,CUST00926,406460.09,Mobile Money,Successful,Mbarara,iPhone,23,0,0,0
TXN002080,CUST00921,271109.28,Bank Transfer,Successful,Kampala,iPhone,7,0,0,0
TXN002081,CUST01383,65974.39,Mobile Money,Successful,Gulu,Web,23,0,0,0
TXN002082,CUST00340,383195.47,Card,Failed,Mbale,Web,13,24,2,0
TXN002083,CUST00389,466255.77,Mobile Money,Failed,Gulu,Android,22,24,2,0
TXN002084,CUST00577,473679.8,Mobile Money,Successful,Jinja,Android,17,0,0,0
TXN002085,CUST01713,184824.36,Bank Transfer,Successful,Kampala,iPhone,23,0,0,0
TXN002086,CUST00003,68190.68,Bank Transfer,Successful,Jinja,Web,20,0,0,0
TXN002087,CUST01453,259440.61,Card,Successful,Jinja,iPhone,21,0,0,0
TXN002088,CUST01166,56748.31,Bank Transfer,Successful,Jinja,Web,3,0,0,0
TXN002089,CUST00376,467026.72,Card,Successful,Jinja,Web,16,0,0,0
TXN002090,CUST01694,92198.02,Card,Successful,Kampala,Android,12,12,1,0
TXN002091,CUST00324,126756.55,Bank Transfer,Failed,Gulu,Android,4,24,2,0
TXN002092,CUST00146,203614.95,Mobile Money,Successful,Mbarara,Web,2,0,0,0
TXN002093,CUST01982,191890.65,Bank Transfer,Successful,Jinja,Android,8,0,0,0
TXN002094,CUST00293,397434.11,Mobile Money,Successful,Mbarara,iPhone,19,0,0,0
TXN002095,CUST01689,228430.25,Mobile Money,Failed,Mbarara,Web,17,24,2,0
TXN002096,CUST00432,85798.75,Card,Successful,Jinja,Web,19,0,0,0
TXN002097,CUST00705,133971.34,Card,Successful,Mbale,Web,18,12,1,0
TXN002098,CUST00949,254802.14,Bank Transfer,Successful,Mbarara,iPhone,18,12,1,0
TXN002099,CUST01999,74153.23,Mobile Money,Successful,Mbale,Web,20,0,0,0
TXN002100,CUST00585,306022.01,Bank Transfer,Successful,Gulu,Android,15,12,1,0
TXN002101,CUST00399,283090.78,Card,Successful,Mbarara,iPhone,0,12,1,0
TXN002102,CUST00817,357493.81,Mobile Money,Successful,Kampala,Web,4,12,1,0
TXN002103,CUST01913,468883.46,Bank Transfer,Successful,Gulu,iPhone,23,0,0,0
TXN002104,CUST01368,456171.15,Bank Transfer,Successful,Gulu,iPhone,14,0,0,0
TXN002105,CUST00964,473064.77,Card,Successful,Mbale,Android,11,12,1,0
TXN002106,CUST01164,122735.44,Card,Successful,Jinja,Android,0,0,0,0
TXN002107,CUST00187,66216.87,Card,Successful,Kampala,Android,13,12,1,0
TXN002108,CUST01829,151487.21,Card,Failed,Kampala,Web,17,24,2,0
TXN002109,CUST00061,447595.04,Bank Transfer,Successful,Mbale,Web,17,12,1,0
TXN002110,CUST00939,486040.71,Card,Successful,Mbale,Android,5,12,1,0
TXN002111,CUST01404,429732.81,Card,Suspicious,Gulu,Android,0,40,0,1
TXN002112,CUST00710,55453.85,Bank Transfer,Failed,Mbale,Web,16,24,2,0
TXN002113,CUST00807,473740.29,Bank Transfer,Successful,Jinja,Android,17,0,0,0
TXN002114,CUST01464,211967.33,Mobile Money,Successful,Gulu,iPhone,14,0,0,0
TXN002115,CUST01343,5150.49,Bank Transfer,Successful,Gulu,iPhone,11,12,1,0
TXN002116,CUST01326,221475.67,Mobile Money,Successful,Gulu,iPhone,12,0,0,0
TXN002117,CUST01368,23511.55,Card,Failed,Kampala,Web,19,24,2,0
TXN002118,CUST00011,272167.02,Mobile Money,Successful,Kampala,Android,1,12,1,0
TXN002119,CUST01086,169607.74,Mobile Money,Successful,Gulu,iPhone,3,0,0,0
TXN002120,CUST01869,236980.75,Card,Successful,Jinja,Web,2,12,1,0
TXN002121,CUST00226,306778.6,Card,Successful,Mbarara,Android,18,0,0,0
TXN002122,CUST01177,434466.15,Card,Successful,Gulu,Android,7,0,0,0
TXN002123,CUST01735,331119.84,Mobile Money,Successful,Mbale,iPhone,11,12,1,0
TXN002124,CUST00564,217307.41,Bank Transfer,Successful,Mbarara,Android,11,0,0,0
TXN002125,CUST00772,409804.21,Bank Transfer,Successful,Kampala,Android,9,0,0,0
TXN002126,CUST01595,452838.28,Bank Transfer,Suspicious,Kampala,iPhone,0,40,0,1
TXN002127,CUST01608,60320.1,Card,Successful,Mbarara,iPhone,4,0,0,0
TXN002128,CUST01684,266200.52,Card,Successful,Mbale,Android,19,0,0,0
TXN002129,CUST01885,142613.72,Bank Transfer,Successful,Kampala,Web,10,0,0,0
TXN002130,CUST01599,24007.07,Card,Successful,Kampala,Web,8,0,0,0
TXN002131,CUST01334,334439.07,Mobile Money,Successful,Gulu,iPhone,13,0,0,0
TXN002132,CUST00885,431454.0,Mobile Money,Suspicious,Jinja,Android,2,52,1,1
TXN002133,CUST01267,81869.88,Card,Successful,Mbale,iPhone,4,0,0,0
TXN002134,CUST01517,406300.62,Bank Transfer,Failed,Gulu,Web,23,24,2,0
TXN002135,CUST01390,426771.17,Bank Transfer,Successful,Jinja,Web,20,0,0,0
TXN002136,CUST01354,457213.05,Mobile Money,Successful,Kampala,Android,8,0,0,0
TXN002137,CUST01131,133009.9,Card,Successful,Jinja,iPhone,17,12,1,0
TXN002138,CUST00226,452024.56,Bank Transfer,Successful,Kampala,iPhone,5,12,1,0
TXN002139,CUST00825,160671.05,Bank Transfer,Successful,Gulu,Web,20,12,1,0
TXN002140,CUST00218,276392.84,Card,Successful,Kampala,iPhone,6,0,0,0
TXN002141,CUST00937,25728.48,Card,Successful,Jinja,iPhone,15,12,1,0
TXN002142,CUST00753,22418.6,Bank Transfer,Successful,Gulu,iPhone,7,0,0,0
TXN002143,CUST00506,360326.42,Card,Successful,Jinja,Android,22,0,0,0
TXN002144,CUST00259,222517.75,Card,Successful,Jinja,Web,9,0,0,0
TXN002145,CUST01912,128518.04,Card,Successful,Mbarara,iPhone,4,0,0,0
TXN002146,CUST01798,95611.54,Bank Transfer,Successful,Kampala,Android,10,12,1,0
TXN002147,CUST01541,335141.77,Mobile Money,Successful,Kampala,iPhone,20,12,1,0
TXN002148,CUST01797,700.57,Card,Successful,Jinja,iPhone,12,0,0,0
TXN002149,CUST00054,403042.64,Bank Transfer,Failed,Kampala,Web,19,24,2,0
TXN002150,CUST01071,40085.18,Mobile Money,Successful,Mbale,Android,1,0,0,0
TXN002151,CUST00727,96149.06,Bank Transfer,Successful,Kampala,iPhone,13,12,1,0
TXN002152,CUST00689,193425.08,Bank Transfer,Successful,Gulu,Web,8,0,0,0
TXN002153,CUST01545,242686.94,Bank Transfer,Successful,Kampala,Android,9,12,1,0
TXN002154,CUST01123,177820.06,Mobile Money,Successful,Mbale,iPhone,9,0,0,0
TXN002155,CUST01044,160695.73,Bank Transfer,Successful,Jinja,Web,9,12,1,0
TXN002156,CUST01914,481976.05,Mobile Money,Successful,Kampala,iPhone,18,12,1,0
TXN002157,CUST01777,320969.05,Card,Successful,Gulu,iPhone,10,0,0,0
TXN002158,CUST01597,12204.76,Mobile Money,Successful,Mbale,Android,10,0,0,0
TXN002159,CUST01915,215372.87,Bank Transfer,Successful,Mbarara,Web,2,12,1,0
TXN002160,CUST01514,437566.85,Mobile Money,Successful,Jinja,Android,18,0,0,0
TXN002161,CUST00419,151077.37,Bank Transfer,Successful,Jinja,iPhone,23,0,0,0
TXN002162,CUST00690,47730.89,Card,Successful,Jinja,Web,21,0,0,0
TXN002163,CUST00850,379313.19,Mobile Money,Successful,Mbale,iPhone,0,12,1,0
TXN002164,CUST00062,303203.91,Card,Successful,Kampala,iPhone,11,12,1,0
TXN002165,CUST01169,285371.1,Mobile Money,Successful,Kampala,iPhone,14,0,0,0
TXN002166,CUST00216,27261.49,Bank Transfer,Failed,Kampala,Web,13,24,2,0
TXN002167,CUST00003,70679.26,Mobile Money,Successful,Kampala,iPhone,2,12,1,0
TXN002168,CUST00160,311463.42,Card,Successful,Jinja,Web,19,0,0,0
TXN002169,CUST01763,104308.01,Mobile Money,Successful,Mbarara,iPhone,12,0,0,0
TXN002170,CUST00781,252283.0,Card,Successful,Jinja,Android,17,12,1,0
TXN002171,CUST01144,272668.4,Card,Successful,Mbarara,Web,15,0,0,0
TXN002172,CUST00893,142111.84,Bank Transfer,Successful,Mbarara,iPhone,5,12,1,0
TXN002173,CUST01113,474238.37,Mobile Money,Successful,Kampala,Android,9,0,0,0
TXN002174,CUST00329,421310.82,Card,Successful,Gulu,Web,16,0,0,0
TXN002175,CUST00580,361325.57,Bank Transfer,Failed,Mbale,Android,16,24,2,0
TXN002176,CUST01934,39457.94,Bank Transfer,Successful,Gulu,iPhone,7,0,0,0
TXN002177,CUST01381,53511.94,Bank Transfer,Successful,Mbarara,Android,3,0,0,0
TXN002178,CUST01634,246644.28,Card,Successful,Gulu,iPhone,14,0,0,0
TXN002179,CUST01291,80776.32,Mobile Money,Successful,Mbarara,iPhone,0,0,0,0
TXN002180,CUST01641,489143.6,Card,Successful,Jinja,Web,6,0,0,0
TXN002181,CUST00952,79680.86,Bank Transfer,Successful,Jinja,iPhone,9,12,1,0
TXN002182,CUST01347,243990.18,Card,Successful,Kampala,iPhone,6,12,1,0
TXN002183,CUST00635,182378.47,Card,Successful,Mbale,Web,0,0,0,0
TXN002184,CUST00988,319873.52,Bank Transfer,Successful,Jinja,Web,16,0,0,0
TXN002185,CUST01565,64953.69,Mobile Money,Successful,Mbale,iPhone,11,12,1,0
TXN002186,CUST01673,215443.06,Bank Transfer,Successful,Kampala,iPhone,16,0,0,0
TXN002187,CUST01219,137715.16,Bank Transfer,Successful,Mbale,Web,14,0,0,0
TXN002188,CUST00921,443931.89,Card,Failed,Jinja,Web,23,24,2,0
TXN002189,CUST00738,20772.56,Bank Transfer,Successful,Jinja,Android,15,0,0,0
TXN002190,CUST01356,456906.88,Card,Successful,Gulu,Android,22,12,1,0
TXN002191,CUST00170,416580.57,Bank Transfer,Successful,Gulu,Android,13,0,0,0
TXN002192,CUST00521,149136.57,Bank Transfer,Successful,Gulu,Web,2,0,0,0
TXN002193,CUST01487,394750.68,Mobile Money,Successful,Mbale,Web,18,0,0,0
TXN002194,CUST00040,16091.17,Bank Transfer,Successful,Jinja,Web,11,0,0,0
TXN002195,CUST01561,483449.34,Mobile Money,Successful,Kampala,Android,18,0,0,0
TXN002196,CUST01285,263534.17,Bank Transfer,Successful,Mbarara,iPhone,17,0,0,0
TXN002197,CUST01419,151988.87,Bank Transfer,Failed,Jinja,iPhone,13,24,2,0
TXN002198,CUST00955,181610.31,Bank Transfer,Successful,Gulu,iPhone,19,0,0,0
TXN002199,CUST01250,33669.47,Mobile Money,Successful,Gulu,Web,22,0,0,0
TXN002200,CUST00984,494680.08,Card,Successful,Mbale,iPhone,8,0,0,0
TXN002201,CUST01148,20126.33,Mobile Money,Successful,Gulu,iPhone,2,0,0,0
TXN002202,CUST00975,327626.11,Bank Transfer,Successful,Mbale,Web,22,0,0,0
TXN002203,CUST00038,221646.6,Card,Successful,Kampala,Web,11,0,0,0
TXN002204,CUST00328,474483.65,Bank Transfer,Failed,Gulu,Web,19,36,3,0
TXN002205,CUST01275,123376.87,Mobile Money,Successful,Mbale,Web,16,12,1,0
TXN002206,CUST01925,266277.37,Mobile Money,Successful,Gulu,Web,4,0,0,0
TXN002207,CUST01200,241436.93,Card,Failed,Mbale,Android,7,24,2,0
TXN002208,CUST01626,351581.79,Mobile Money,Successful,Jinja,Web,18,0,0,0
TXN002209,CUST00914,34471.11,Bank Transfer,Failed,Mbale,iPhone,3,24,2,0
TXN002210,CUST00454,97297.67,Card,Successful,Mbarara,iPhone,14,0,0,0
TXN002211,CUST00037,107675.13,Bank Transfer,Successful,Kampala,Android,18,0,0,0
TXN002212,CUST01340,369206.3,Card,Successful,Jinja,Web,14,0,0,0
TXN002213,CUST01712,94974.78,Card,Successful,Kampala,iPhone,13,12,1,0
TXN002214,CUST00973,286959.14,Bank Transfer,Failed,Jinja,iPhone,15,24,2,0
TXN002215,CUST00796,108014.29,Mobile Money,Successful,Gulu,Web,23,0,0,0
TXN002216,CUST01989,430881.66,Bank Transfer,Successful,Mbale,Android,9,0,0,0
TXN002217,CUST00973,471121.63,Mobile Money,Successful,Gulu,Web,23,0,0,0
TXN002218,CUST00593,259487.24,Mobile Money,Successful,Kampala,Web,13,0,0,0
TXN002219,CUST01138,176478.29,Bank Transfer,Successful,Kampala,Web,19,0,0,0
TXN002220,CUST01064,117411.86,Card,Failed,Jinja,Web,10,36,3,0
TXN002221,CUST01325,25365.61,Bank Transfer,Successful,Kampala,Web,1,12,1,0
TXN002222,CUST00224,134615.79,Card,Successful,Mbale,Android,18,0,0,0
TXN002223,CUST00318,327290.77,Mobile Money,Failed,Kampala,iPhone,2,24,2,0
TXN002224,CUST00349,267041.66,Card,Successful,Gulu,Web,3,0,0,0
TXN002225,CUST00115,472048.62,Bank Transfer,Successful,Mbale,iPhone,10,0,0,0
TXN002226,CUST00698,198440.49,Card,Successful,Kampala,iPhone,12,0,0,0
TXN002227,CUST01347,347084.74,Mobile Money,Successful,Mbarara,Web,17,0,0,0
TXN002228,CUST01592,244916.71,Mobile Money,Successful,Mbarara,iPhone,17,0,0,0
TXN002229,CUST01064,256531.82,Card,Failed,Gulu,Web,18,36,3,0
TXN002230,CUST01890,134253.27,Mobile Money,Successful,Jinja,Web,11,0,0,0
TXN002231,CUST00040,227747.91,Mobile Money,Successful,Jinja,Web,0,0,0,0
TXN002232,CUST01883,235657.11,Card,Successful,Kampala,Android,23,12,1,0
TXN002233,CUST01997,353467.94,Mobile Money,Successful,Mbale,Web,5,0,0,0
TXN002234,CUST01773,470349.68,Card,Suspicious,Jinja,Web,2,40,0,1
TXN002235,CUST01313,164995.98,Card,Successful,Mbarara,iPhone,16,0,0,0
TXN002236,CUST01286,21579.13,Mobile Money,Successful,Jinja,Android,2,0,0,0
TXN002237,CUST00216,248399.42,Card,Successful,Mbarara,iPhone,0,12,1,0
TXN002238,CUST01171,272458.44,Mobile Money,Successful,Jinja,iPhone,2,0,0,0
TXN002239,CUST00336,84636.06,Mobile Money,Successful,Gulu,Web,3,0,0,0
TXN002240,CUST01192,380352.07,Mobile Money,Successful,Mbale,Android,5,12,1,0
TXN002241,CUST00092,492472.09,Bank Transfer,Successful,Kampala,Android,6,12,1,0
TXN002242,CUST00353,472914.47,Mobile Money,Successful,Mbarara,Web,22,0,0,0
TXN002243,CUST00571,98954.47,Card,Successful,Jinja,Android,7,0,0,0
TXN002244,CUST01595,437743.94,Card,Successful,Kampala,Web,12,0,0,0
TXN002245,CUST00816,352394.57,Card,Failed,Mbarara,Android,3,36,3,0
TXN002246,CUST01705,227196.36,Bank Transfer,Successful,Mbarara,Android,5,0,0,0
TXN002247,CUST00781,270535.19,Bank Transfer,Successful,Gulu,Web,10,12,1,0
TXN002248,CUST00363,424875.29,Card,Suspicious,Jinja,Android,0,64,2,1
TXN002249,CUST00557,240327.4,Card,Successful,Kampala,Android,7,0,0,0
TXN002250,CUST01369,186917.08,Bank Transfer,Successful,Jinja,Android,21,12,1,0
TXN002251,CUST01717,246877.12,Card,Successful,Jinja,iPhone,1,0,0,0
TXN002252,CUST01194,289775.34,Mobile Money,Successful,Mbale,Web,7,0,0,0
TXN002253,CUST00356,94944.29,Mobile Money,Successful,Mbarara,iPhone,19,0,0,0
TXN002254,CUST00191,450503.41,Card,Successful,Mbarara,Android,8,12,1,0
TXN002255,CUST01691,337256.38,Mobile Money,Failed,Mbale,Android,3,24,2,0
TXN002256,CUST00422,316817.82,Card,Successful,Mbale,iPhone,16,12,1,0
TXN002257,CUST00700,50198.36,Bank Transfer,Successful,Jinja,Android,6,12,1,0
TXN002258,CUST00007,302284.88,Card,Successful,Mbarara,Android,9,0,0,0
TXN002259,CUST00133,60919.85,Bank Transfer,Successful,Kampala,Web,4,0,0,0
TXN002260,CUST01771,39809.49,Mobile Money,Successful,Gulu,Android,9,0,0,0
TXN002261,CUST00557,263891.79,Mobile Money,Successful,Mbale,Web,11,12,1,0
TXN002262,CUST00826,201691.37,Mobile Money,Successful,Kampala,Web,20,12,1,0
TXN002263,CUST00761,294610.73,Card,Successful,Kampala,iPhone,19,12,1,0
TXN002264,CUST01055,45066.47,Bank Transfer,Successful,Jinja,iPhone,5,0,0,0
TXN002265,CUST00535,215776.04,Bank Transfer,Successful,Mbale,Android,0,0,0,0
TXN002266,CUST00426,87805.96,Mobile Money,Successful,Kampala,iPhone,2,0,0,0
TXN002267,CUST01418,493556.49,Mobile Money,Successful,Gulu,Web,6,0,0,0
TXN002268,CUST00672,280794.53,Bank Transfer,Successful,Kampala,iPhone,10,0,0,0
TXN002269,CUST00363,343874.71,Card,Successful,Gulu,Web,23,0,0,0
TXN002270,CUST01461,163046.43,Mobile Money,Failed,Gulu,iPhone,11,36,3,0
TXN002271,CUST01694,47822.09,Card,Successful,Gulu,Android,8,0,0,0
TXN002272,CUST01575,487947.5,Mobile Money,Suspicious,Mbale,iPhone,0,40,0,1
TXN002273,CUST01951,143486.39,Mobile Money,Failed,Gulu,Android,3,24,2,0
TXN002274,CUST00082,212192.19,Card,Successful,Mbale,iPhone,1,0,0,0
TXN002275,CUST00356,325107.03,Card,Successful,Kampala,Web,1,0,0,0
TXN002276,CUST01282,12836.3,Card,Successful,Gulu,iPhone,16,0,0,0
TXN002277,CUST01742,405224.44,Card,Successful,Mbarara,iPhone,20,0,0,0
TXN002278,CUST00589,268520.81,Bank Transfer,Successful,Kampala,Web,1,12,1,0
TXN002279,CUST01548,139469.48,Bank Transfer,Successful,Mbarara,Web,3,0,0,0
TXN002280,CUST00295,31273.19,Mobile Money,Successful,Mbarara,iPhone,10,0,0,0
TXN002281,CUST01986,81667.96,Mobile Money,Successful,Jinja,Web,18,12,1,0
TXN002282,CUST01248,447569.41,Mobile Money,Successful,Mbale,Web,23,12,1,0
TXN002283,CUST01549,343169.1,Bank Transfer,Successful,Jinja,iPhone,12,0,0,0
TXN002284,CUST01070,125325.91,Card,Successful,Mbale,Android,21,0,0,0
TXN002285,CUST01691,33267.58,Mobile Money,Successful,Jinja,iPhone,20,12,1,0
TXN002286,CUST01137,345462.35,Bank Transfer,Successful,Kampala,iPhone,17,0,0,0
TXN002287,CUST01257,286417.66,Mobile Money,Successful,Mbarara,Android,18,0,0,0
TXN002288,CUST00017,202557.5,Bank Transfer,Successful,Kampala,iPhone,23,12,1,0
TXN002289,CUST00360,182123.92,Card,Successful,Mbale,iPhone,14,0,0,0
TXN002290,CUST01247,108798.73,Bank Transfer,Successful,Mbarara,Web,11,0,0,0
TXN002291,CUST00866,334970.82,Card,Successful,Mbarara,iPhone,10,12,1,0
TXN002292,CUST00700,485348.68,Mobile Money,Successful,Mbale,Android,22,12,1,0
TXN002293,CUST00448,88269.77,Card,Successful,Kampala,Android,0,12,1,0
TXN002294,CUST00856,298759.75,Bank Transfer,Successful,Mbarara,Web,15,0,0,0
TXN002295,CUST00365,212380.44,Mobile Money,Successful,Kampala,iPhone,12,12,1,0
TXN002296,CUST00675,223621.02,Mobile Money,Successful,Kampala,iPhone,5,0,0,0
TXN002297,CUST01008,127446.57,Bank Transfer,Successful,Kampala,iPhone,22,12,1,0
TXN002298,CUST01350,412654.87,Card,Successful,Mbarara,iPhone,5,12,1,0
TXN002299,CUST00467,242885.17,Bank Transfer,Successful,Gulu,Android,9,0,0,0
TXN002300,CUST00414,271931.22,Card,Successful,Jinja,Android,1,0,0,0
TXN002301,CUST01479,152728.08,Card,Failed,Mbale,Web,2,24,2,0
TXN002302,CUST00586,91313.33,Mobile Money,Successful,Kampala,iPhone,5,0,0,0
TXN002303,CUST01257,43412.24,Card,Successful,Mbarara,Android,15,0,0,0
TXN002304,CUST01248,357202.51,Mobile Money,Successful,Mbale,iPhone,5,0,0,0
TXN002305,CUST00994,98519.02,Bank Transfer,Successful,Gulu,Android,23,0,0,0
TXN002306,CUST01855,345192.64,Bank Transfer,Successful,Gulu,Android,12,0,0,0
TXN002307,CUST01436,195493.03,Mobile Money,Successful,Mbarara,Web,3,12,1,0
TXN002308,CUST00572,208179.51,Mobile Money,Successful,Kampala,iPhone,14,0,0,0
TXN002309,CUST00335,234854.16,Card,Successful,Gulu,Web,5,12,1,0
TXN002310,CUST01246,184170.4,Mobile Money,Successful,Gulu,Web,0,0,0,0
TXN002311,CUST00037,50759.68,Bank Transfer,Successful,Gulu,Web,8,12,1,0
TXN002312,CUST00989,155161.09,Mobile Money,Successful,Mbarara,Web,11,0,0,0
TXN002313,CUST00278,332035.31,Mobile Money,Successful,Mbale,Web,22,0,0,0
TXN002314,CUST01220,333059.31,Mobile Money,Failed,Jinja,Web,10,24,2,0
TXN002315,CUST00916,143469.04,Card,Successful,Mbarara,Web,12,12,1,0
TXN002316,CUST01888,230321.26,Mobile Money,Failed,Kampala,iPhone,0,24,2,0
TXN002317,CUST00484,97126.89,Card,Successful,Mbarara,Web,18,12,1,0
TXN002318,CUST01266,105580.85,Card,Failed,Mbarara,iPhone,20,24,2,0
TXN002319,CUST01348,12012.02,Mobile Money,Successful,Jinja,iPhone,3,0,0,0
TXN002320,CUST00731,448424.9,Card,Suspicious,Jinja,Android,4,40,0,1
TXN002321,CUST00192,105747.98,Mobile Money,Successful,Jinja,Web,22,0,0,0
TXN002322,CUST01041,114153.17,Bank Transfer,Successful,Mbale,iPhone,16,0,0,0
TXN002323,CUST00524,140160.92,Bank Transfer,Successful,Mbarara,Android,4,0,0,0
TXN002324,CUST00918,64140.33,Card,Successful,Kampala,Android,18,0,0,0
TXN002325,CUST00401,319811.81,Bank Transfer,Failed,Jinja,Web,2,24,2,0
TXN002326,CUST01930,38033.91,Mobile Money,Successful,Jinja,Web,10,0,0,0
TXN002327,CUST00886,67534.11,Card,Successful,Mbarara,Web,1,0,0,0
TXN002328,CUST00705,322555.98,Mobile Money,Successful,Kampala,Web,21,12,1,0
TXN002329,CUST00022,170160.48,Card,Failed,Jinja,iPhone,13,36,3,0
TXN002330,CUST00474,354119.94,Card,Successful,Mbarara,iPhone,5,0,0,0
TXN002331,CUST01144,278933.66,Card,Successful,Gulu,Web,18,12,1,0
TXN002332,CUST00210,128382.58,Card,Successful,Mbale,Web,0,0,0,0
TXN002333,CUST00306,325588.56,Bank Transfer,Successful,Mbarara,iPhone,6,0,0,0
TXN002334,CUST01294,58578.7,Bank Transfer,Successful,Jinja,Web,1,0,0,0
TXN002335,CUST00704,268436.99,Bank Transfer,Successful,Kampala,Android,23,12,1,0
TXN002336,CUST00687,218855.48,Card,Successful,Gulu,iPhone,18,12,1,0
TXN002337,CUST00285,134302.85,Bank Transfer,Successful,Kampala,Android,0,0,0,0
TXN002338,CUST00716,302200.5,Card,Failed,Kampala,Android,8,36,3,0
TXN002339,CUST01700,435731.13,Bank Transfer,Successful,Kampala,Android,20,0,0,0
TXN002340,CUST00763,499452.9,Card,Successful,Mbarara,Android,16,0,0,0
TXN002341,CUST01251,304077.5,Bank Transfer,Successful,Mbarara,Web,9,0,0,0
TXN002342,CUST00948,202650.58,Bank Transfer,Successful,Mbale,Web,5,0,0,0
TXN002343,CUST00381,112990.95,Bank Transfer,Successful,Gulu,Web,2,0,0,0
TXN002344,CUST00460,128919.5,Card,Successful,Kampala,Web,19,0,0,0
TXN002345,CUST01031,239987.76,Card,Successful,Jinja,iPhone,23,0,0,0
TXN002346,CUST00029,183955.21,Bank Transfer,Successful,Kampala,Web,14,0,0,0
TXN002347,CUST00907,456950.35,Card,Successful,Gulu,iPhone,20,0,0,0
TXN002348,CUST01057,184463.59,Mobile Money,Successful,Kampala,Android,21,0,0,0
TXN002349,CUST01670,187035.57,Bank Transfer,Successful,Mbarara,iPhone,19,12,1,0
TXN002350,CUST00879,192075.49,Bank Transfer,Successful,Mbarara,Web,5,12,1,0
TXN002351,CUST00079,418391.8,Mobile Money,Suspicious,Gulu,Android,2,40,0,1
TXN002352,CUST01952,325568.77,Card,Failed,Mbale,Android,9,24,2,0
TXN002353,CUST00947,307277.34,Card,Successful,Kampala,Web,11,0,0,0
TXN002354,CUST00459,167404.44,Card,Successful,Gulu,Android,0,12,1,0
TXN002355,CUST00570,409043.14,Bank Transfer,Successful,Jinja,Android,21,0,0,0
TXN002356,CUST01562,19662.75,Bank Transfer,Failed,Jinja,Android,15,24,2,0
TXN002357,CUST01506,435463.19,Bank Transfer,Failed,Mbale,iPhone,16,24,2,0
TXN002358,CUST01454,256618.57,Bank Transfer,Successful,Mbarara,Android,9,0,0,0
TXN002359,CUST00738,199425.99,Bank Transfer,Successful,Gulu,Android,11,12,1,0
TXN002360,CUST01309,248835.06,Card,Successful,Kampala,iPhone,18,0,0,0
TXN002361,CUST00516,333874.06,Mobile Money,Successful,Gulu,Web,7,0,0,0
TXN002362,CUST01123,6876.33,Card,Successful,Mbale,iPhone,22,0,0,0
TXN002363,CUST00397,435840.15,Card,Successful,Gulu,iPhone,7,0,0,0
TXN002364,CUST01513,223646.39,Bank Transfer,Failed,Mbale,Web,9,24,2,0
TXN002365,CUST00039,171811.78,Mobile Money,Successful,Mbale,Web,9,12,1,0
TXN002366,CUST01295,69553.66,Mobile Money,Successful,Mbale,iPhone,17,0,0,0
TXN002367,CUST00887,220012.95,Card,Successful,Gulu,Android,9,0,0,0
TXN002368,CUST00797,248413.22,Mobile Money,Successful,Jinja,Web,6,0,0,0
TXN002369,CUST00157,202121.52,Card,Successful,Kampala,Android,3,12,1,0
TXN002370,CUST01099,339490.72,Card,Successful,Mbale,Web,0,0,0,0
TXN002371,CUST00884,210737.82,Card,Successful,Mbarara,Android,10,0,0,0
TXN002372,CUST01824,480728.08,Card,Failed,Mbale,iPhone,18,24,2,0
TXN002373,CUST01154,299839.12,Bank Transfer,Successful,Gulu,iPhone,4,12,1,0
TXN002374,CUST01711,403835.23,Mobile Money,Successful,Mbale,iPhone,7,12,1,0
TXN002375,CUST00974,55123.27,Bank Transfer,Successful,Mbarara,iPhone,1,0,0,0
TXN002376,CUST01108,198947.0,Bank Transfer,Failed,Jinja,Web,1,24,2,0
TXN002377,CUST01046,168755.43,Bank Transfer,Successful,Gulu,iPhone,23,0,0,0
TXN002378,CUST01483,284956.45,Card,Successful,Gulu,Android,13,0,0,0
TXN002379,CUST01563,430626.2,Card,Successful,Gulu,iPhone,8,12,1,0
TXN002380,CUST01731,39629.94,Bank Transfer,Successful,Mbarara,iPhone,9,12,1,0
TXN002381,CUST00849,36751.11,Bank Transfer,Successful,Gulu,iPhone,12,0,0,0
TXN002382,CUST01406,425233.7,Mobile Money,Suspicious,Jinja,iPhone,0,52,1,1
TXN002383,CUST00748,106818.62,Bank Transfer,Successful,Kampala,Web,13,12,1,0
TXN002384,CUST01464,334542.25,Card,Successful,Kampala,Web,1,0,0,0
TXN002385,CUST01628,271667.63,Bank Transfer,Successful,Mbale,Web,3,0,0,0
TXN002386,CUST00989,416530.35,Mobile Money,Successful,Kampala,Android,18,12,1,0
TXN002387,CUST00021,62981.91,Mobile Money,Successful,Mbarara,Android,0,0,0,0
TXN002388,CUST00303,65326.59,Bank Transfer,Successful,Kampala,iPhone,3,0,0,0
TXN002389,CUST02000,278630.77,Mobile Money,Successful,Mbarara,Android,10,0,0,0
TXN002390,CUST00869,473216.14,Mobile Money,Successful,Mbarara,Android,12,0,0,0
TXN002391,CUST01979,207791.38,Card,Successful,Mbale,Android,17,0,0,0
TXN002392,CUST00084,163807.58,Mobile Money,Successful,Kampala,Android,9,0,0,0
TXN002393,CUST01798,303541.32,Mobile Money,Successful,Mbale,Web,4,12,1,0
TXN002394,CUST01683,465259.08,Bank Transfer,Suspicious,Gulu,Web,0,40,0,1
TXN002395,CUST01977,418545.45,Card,Successful,Jinja,Android,13,0,0,0
TXN002396,CUST01477,497744.06,Mobile Money,Successful,Kampala,Android,15,0,0,0
TXN002397,CUST01411,11773.01,Bank Transfer,Successful,Gulu,Web,23,0,0,0
TXN002398,CUST01531,56872.64,Bank Transfer,Successful,Gulu,iPhone,17,0,0,0
TXN002399,CUST01281,304929.15,Bank Transfer,Successful,Mbale,Web,2,0,0,0
TXN002400,CUST00570,410377.93,Bank Transfer,Suspicious,Mbale,Android,2,40,0,1
TXN002401,CUST01916,142979.55,Bank Transfer,Failed,Jinja,Android,3,24,2,0
TXN002402,CUST00934,119985.94,Bank Transfer,Successful,Jinja,Android,6,12,1,0
TXN002403,CUST01551,393594.41,Mobile Money,Successful,Jinja,Web,12,12,1,0
TXN002404,CUST01186,28662.74,Card,Successful,Jinja,Android,8,12,1,0
TXN002405,CUST01981,185006.63,Card,Successful,Mbale,Web,2,0,0,0
TXN002406,CUST01187,253151.71,Bank Transfer,Successful,Mbarara,iPhone,16,0,0,0
TXN002407,CUST01856,280394.16,Bank Transfer,Successful,Mbale,Android,14,0,0,0
TXN002408,CUST01009,364443.27,Card,Failed,Mbarara,Android,9,24,2,0
TXN002409,CUST00793,177745.44,Mobile Money,Successful,Mbale,iPhone,14,0,0,0
TXN002410,CUST00792,306535.83,Bank Transfer,Successful,Mbale,Web,0,12,1,0
TXN002411,CUST01548,292895.02,Card,Successful,Jinja,Android,21,0,0,0
TXN002412,CUST01810,274034.24,Card,Successful,Mbarara,Android,20,0,0,0
TXN002413,CUST01295,320421.4,Bank Transfer,Successful,Gulu,Android,9,0,0,0
TXN002414,CUST00492,130094.86,Card,Successful,Gulu,Android,6,0,0,0
TXN002415,CUST00208,42782.05,Mobile Money,Successful,Gulu,iPhone,6,0,0,0
TXN002416,CUST01563,60076.2,Card,Successful,Jinja,Web,2,0,0,0
TXN002417,CUST01608,112678.9,Bank Transfer,Successful,Gulu,iPhone,6,12,1,0
TXN002418,CUST01084,250348.87,Bank Transfer,Successful,Mbale,Web,8,12,1,0
TXN002419,CUST00430,420301.15,Card,Successful,Jinja,iPhone,7,12,1,0
TXN002420,CUST00985,350796.02,Card,Successful,Gulu,iPhone,2,12,1,0
TXN002421,CUST01681,394625.78,Bank Transfer,Successful,Jinja,Web,4,0,0,0
TXN002422,CUST01629,175812.32,Mobile Money,Successful,Mbale,Android,12,0,0,0
TXN002423,CUST01333,202624.54,Card,Successful,Jinja,Android,12,0,0,0
TXN002424,CUST00520,197144.1,Mobile Money,Successful,Gulu,iPhone,7,0,0,0
TXN002425,CUST00591,96340.66,Mobile Money,Successful,Jinja,iPhone,17,0,0,0
TXN002426,CUST01051,31077.72,Bank Transfer,Successful,Kampala,iPhone,6,0,0,0
TXN002427,CUST01710,295662.59,Bank Transfer,Successful,Gulu,Android,9,0,0,0
TXN002428,CUST01586,494613.73,Bank Transfer,Failed,Mbale,Web,9,24,2,0
TXN002429,CUST00199,83831.44,Mobile Money,Successful,Mbarara,Android,22,0,0,0
TXN002430,CUST00387,23819.07,Bank Transfer,Failed,Jinja,iPhone,10,36,3,0
TXN002431,CUST00349,389876.08,Bank Transfer,Failed,Jinja,Android,11,24,2,0
TXN002432,CUST00960,126666.71,Mobile Money,Successful,Gulu,Android,12,0,0,0
TXN002433,CUST01964,414907.08,Mobile Money,Successful,Gulu,Android,7,0,0,0
TXN002434,CUST00693,352116.37,Mobile Money,Successful,Kampala,Web,16,0,0,0
TXN002435,CUST01560,472863.93,Mobile Money,Successful,Mbale,iPhone,23,12,1,0
TXN002436,CUST01852,204759.15,Card,Failed,Jinja,Android,13,24,2,0
TXN002437,CUST00378,331153.93,Bank Transfer,Successful,Jinja,Android,16,12,1,0
TXN002438,CUST00899,232694.96,Card,Successful,Mbarara,iPhone,18,0,0,0
TXN002439,CUST00916,315479.05,Mobile Money,Successful,Jinja,Android,15,12,1,0
TXN002440,CUST01582,225074.65,Mobile Money,Successful,Jinja,Android,8,0,0,0
TXN002441,CUST00527,94721.81,Mobile Money,Successful,Kampala,Android,19,12,1,0
TXN002442,CUST01177,254194.76,Mobile Money,Successful,Mbarara,Android,9,12,1,0
TXN002443,CUST00734,264527.81,Mobile Money,Successful,Jinja,iPhone,8,0,0,0
TXN002444,CUST00206,405396.62,Bank Transfer,Suspicious,Jinja,Android,0,64,2,1
TXN002445,CUST00455,367892.59,Card,Successful,Mbale,Web,23,0,0,0
TXN002446,CUST01297,332063.92,Card,Successful,Jinja,Android,2,0,0,0
TXN002447,CUST01918,57136.85,Bank Transfer,Successful,Kampala,Web,10,0,0,0
TXN002448,CUST01260,360447.84,Bank Transfer,Successful,Jinja,iPhone,6,0,0,0
TXN002449,CUST01876,250402.43,Bank Transfer,Successful,Jinja,Android,17,12,1,0
TXN002450,CUST01764,447102.72,Card,Successful,Gulu,Web,12,12,1,0
TXN002451,CUST00521,459975.53,Card,Successful,Jinja,Web,22,0,0,0
TXN002452,CUST01702,28050.72,Mobile Money,Successful,Mbarara,Android,22,0,0,0
TXN002453,CUST01968,410410.46,Card,Failed,Gulu,Android,17,24,2,0
TXN002454,CUST01017,19329.85,Card,Successful,Mbarara,iPhone,15,12,1,0
TXN002455,CUST00956,183901.23,Bank Transfer,Successful,Mbarara,iPhone,23,0,0,0
TXN002456,CUST01855,271378.84,Card,Failed,Kampala,Android,15,24,2,0
TXN002457,CUST00726,74476.35,Mobile Money,Successful,Jinja,iPhone,20,0,0,0
TXN002458,CUST01014,373283.75,Card,Successful,Mbarara,iPhone,9,0,0,0
TXN002459,CUST00501,4673.17,Bank Transfer,Successful,Jinja,iPhone,8,12,1,0
TXN002460,CUST00117,84715.22,Bank Transfer,Failed,Jinja,iPhone,7,24,2,0
TXN002461,CUST00386,290608.02,Mobile Money,Successful,Kampala,Android,18,12,1,0
TXN002462,CUST01368,357336.59,Mobile Money,Successful,Kampala,Android,2,0,0,0
TXN002463,CUST00584,458363.23,Card,Successful,Mbarara,Web,23,0,0,0
TXN002464,CUST00395,352895.58,Mobile Money,Successful,Mbarara,iPhone,8,12,1,0
TXN002465,CUST01088,336053.75,Mobile Money,Successful,Gulu,Android,1,12,1,0
TXN002466,CUST01741,197473.4,Bank Transfer,Successful,Jinja,Web,18,0,0,0
TXN002467,CUST00721,1141.57,Bank Transfer,Failed,Jinja,iPhone,7,24,2,0
TXN002468,CUST00072,60519.55,Card,Successful,Kampala,Web,17,0,0,0
TXN002469,CUST01813,267510.0,Card,Successful,Kampala,iPhone,7,0,0,0
TXN002470,CUST00274,337727.38,Card,Successful,Mbarara,Android,4,0,0,0
TXN002471,CUST01344,209015.42,Card,Successful,Gulu,Web,5,12,1,0
TXN002472,CUST00338,365474.17,Bank Transfer,Successful,Gulu,Android,9,12,1,0
TXN002473,CUST01390,261170.22,Card,Successful,Kampala,iPhone,14,0,0,0
TXN002474,CUST01519,37551.01,Card,Successful,Kampala,iPhone,3,0,0,0
TXN002475,CUST00607,96412.12,Mobile Money,Successful,Gulu,iPhone,2,0,0,0
TXN002476,CUST00166,420079.11,Card,Successful,Gulu,Web,23,0,0,0
TXN002477,CUST01568,362593.92,Mobile Money,Successful,Mbarara,Web,8,12,1,0
TXN002478,CUST00011,447433.61,Bank Transfer,Successful,Gulu,Web,15,12,1,0
TXN002479,CUST01325,59219.85,Card,Successful,Jinja,Android,15,0,0,0
TXN002480,CUST00729,495116.16,Mobile Money,Successful,Gulu,Web,14,0,0,0
TXN002481,CUST00801,105098.65,Card,Successful,Mbale,iPhone,23,12,1,0
TXN002482,CUST00102,6384.05,Mobile Money,Successful,Gulu,Android,8,12,1,0
TXN002483,CUST01449,498712.76,Card,Successful,Kampala,iPhone,16,0,0,0
TXN002484,CUST01416,140896.41,Bank Transfer,Successful,Kampala,iPhone,20,0,0,0
TXN002485,CUST00779,334175.72,Bank Transfer,Successful,Mbale,Web,11,0,0,0
TXN002486,CUST00214,88752.82,Mobile Money,Successful,Jinja,Web,22,12,1,0
TXN002487,CUST01715,290324.15,Mobile Money,Successful,Gulu,Web,7,0,0,0
TXN002488,CUST01112,452065.48,Bank Transfer,Successful,Gulu,iPhone,13,12,1,0
TXN002489,CUST01577,160430.49,Card,Successful,Mbale,Android,17,0,0,0
TXN002490,CUST00401,335291.86,Mobile Money,Successful,Mbarara,Web,11,12,1,0
TXN002491,CUST00588,94357.84,Bank Transfer,Successful,Mbarara,Web,13,12,1,0
TXN002492,CUST00889,312585.3,Mobile Money,Successful,Jinja,Android,19,0,0,0
TXN002493,CUST01070,168556.95,Bank Transfer,Failed,Gulu,iPhone,22,24,2,0
TXN002494,CUST01696,105998.53,Bank Transfer,Successful,Gulu,iPhone,4,0,0,0
TXN002495,CUST01487,156934.43,Mobile Money,Successful,Gulu,Android,0,0,0,0
TXN002496,CUST00592,89831.11,Mobile Money,Successful,Kampala,Web,12,0,0,0
TXN002497,CUST01334,451007.1,Bank Transfer,Successful,Mbarara,Android,13,12,1,0
TXN002498,CUST01110,198894.85,Card,Successful,Mbale,Web,1,0,0,0
TXN002499,CUST00092,123017.01,Bank Transfer,Successful,Kampala,Android,15,0,0,0
TXN002500,CUST01684,224479.72,Card,Successful,Kampala,iPhone,4,0,0,0
TXN002501,CUST00673,160607.82,Card,Successful,Mbarara,iPhone,21,0,0,0
TXN002502,CUST00714,372337.42,Card,Successful,Gulu,iPhone,0,0,0,0
TXN002503,CUST00936,485624.35,Mobile Money,Successful,Jinja,iPhone,11,12,1,0
TXN002504,CUST01952,219297.81,Bank Transfer,Successful,Mbale,Android,18,0,0,0
TXN002505,CUST00242,430586.18,Bank Transfer,Successful,Mbarara,Android,21,12,1,0
TXN002506,CUST01889,283148.61,Card,Successful,Jinja,Web,21,0,0,0
TXN002507,CUST00002,79039.21,Card,Failed,Mbarara,Android,22,24,2,0
TXN002508,CUST00225,345466.06,Card,Successful,Mbarara,Web,9,12,1,0
TXN002509,CUST00801,256960.53,Bank Transfer,Successful,Mbarara,Android,11,0,0,0
TXN002510,CUST01769,325477.96,Card,Successful,Mbarara,Android,18,0,0,0
TXN002511,CUST01997,444898.86,Bank Transfer,Successful,Gulu,Android,15,0,0,0
TXN002512,CUST01950,220497.07,Bank Transfer,Successful,Kampala,Android,16,0,0,0
TXN002513,CUST01953,450638.22,Mobile Money,Successful,Mbarara,iPhone,12,12,1,0
TXN002514,CUST00589,375459.17,Card,Failed,Jinja,Android,6,24,2,0
TXN002515,CUST00116,244558.16,Card,Successful,Jinja,Web,2,0,0,0
TXN002516,CUST01690,301809.46,Card,Successful,Jinja,iPhone,4,12,1,0
TXN002517,CUST00918,163127.78,Mobile Money,Successful,Kampala,Android,3,12,1,0
TXN002518,CUST01127,491806.85,Card,Successful,Kampala,Android,14,12,1,0
TXN002519,CUST00194,333841.91,Bank Transfer,Successful,Jinja,Web,16,12,1,0
TXN002520,CUST01190,22401.5,Card,Successful,Gulu,iPhone,11,12,1,0
TXN002521,CUST00871,163647.64,Bank Transfer,Successful,Kampala,iPhone,22,0,0,0
TXN002522,CUST00090,311845.56,Bank Transfer,Successful,Kampala,iPhone,13,0,0,0
TXN002523,CUST01710,28638.47,Bank Transfer,Successful,Gulu,iPhone,3,0,0,0
TXN002524,CUST00122,12430.15,Bank Transfer,Successful,Mbarara,Web,16,0,0,0
TXN002525,CUST00143,225287.11,Card,Successful,Kampala,Android,10,0,0,0
TXN002526,CUST00994,166678.74,Mobile Money,Successful,Jinja,Android,5,12,1,0
TXN002527,CUST00106,219430.15,Mobile Money,Successful,Jinja,iPhone,3,12,1,0
TXN002528,CUST00887,131715.31,Bank Transfer,Successful,Gulu,Web,12,12,1,0
TXN002529,CUST00428,82776.51,Card,Successful,Jinja,Android,19,12,1,0
TXN002530,CUST01329,344727.11,Mobile Money,Successful,Mbale,iPhone,14,0,0,0
TXN002531,CUST01896,257528.27,Card,Successful,Jinja,iPhone,17,0,0,0
TXN002532,CUST01995,100477.03,Mobile Money,Successful,Gulu,Web,16,0,0,0
TXN002533,CUST00317,160134.92,Bank Transfer,Successful,Gulu,Web,18,0,0,0
TXN002534,CUST01987,296108.05,Bank Transfer,Successful,Gulu,Web,9,12,1,0
TXN002535,CUST00635,36578.56,Bank Transfer,Successful,Mbale,iPhone,4,12,1,0
TXN002536,CUST01926,74152.78,Mobile Money,Successful,Kampala,Web,11,12,1,0
TXN002537,CUST00009,37086.18,Card,Successful,Mbarara,iPhone,14,0,0,0
TXN002538,CUST00774,406252.51,Bank Transfer,Successful,Jinja,Android,22,0,0,0
TXN002539,CUST01097,376328.41,Card,Successful,Kampala,iPhone,3,0,0,0
TXN002540,CUST01383,376779.81,Card,Successful,Gulu,iPhone,7,0,0,0
TXN002541,CUST00223,358304.51,Bank Transfer,Successful,Kampala,Android,19,0,0,0
TXN002542,CUST01440,334858.02,Mobile Money,Successful,Kampala,Web,21,0,0,0
TXN002543,CUST00553,238757.46,Bank Transfer,Successful,Mbale,Web,16,12,1,0
TXN002544,CUST01394,321317.94,Bank Transfer,Successful,Gulu,iPhone,5,0,0,0
TXN002545,CUST00716,19661.6,Mobile Money,Successful,Gulu,iPhone,15,0,0,0
TXN002546,CUST01288,310921.48,Card,Successful,Jinja,Android,4,0,0,0
TXN002547,CUST01864,389049.91,Mobile Money,Successful,Jinja,Web,13,12,1,0
TXN002548,CUST01714,250429.0,Mobile Money,Failed,Jinja,Android,1,24,2,0
TXN002549,CUST01884,179077.91,Bank Transfer,Successful,Jinja,iPhone,16,0,0,0
TXN002550,CUST01342,139074.65,Mobile Money,Failed,Kampala,iPhone,5,24,2,0
TXN002551,CUST01108,321579.62,Mobile Money,Successful,Kampala,Android,10,12,1,0
TXN002552,CUST01342,346554.2,Mobile Money,Successful,Jinja,Android,1,12,1,0
TXN002553,CUST00111,435548.32,Card,Suspicious,Jinja,Web,0,40,0,1
TXN002554,CUST00251,171495.87,Card,Successful,Jinja,Android,4,0,0,0
TXN002555,CUST00383,385001.27,Bank Transfer,Successful,Mbarara,Web,7,0,0,0
TXN002556,CUST00007,280897.23,Bank Transfer,Successful,Jinja,Web,3,0,0,0
TXN002557,CUST00459,441476.83,Card,Successful,Mbarara,Android,18,0,0,0
TXN002558,CUST01108,264142.15,Mobile Money,Successful,Jinja,Android,4,0,0,0
TXN002559,CUST00208,259056.1,Bank Transfer,Successful,Gulu,Web,4,0,0,0
TXN002560,CUST00900,289149.6,Bank Transfer,Successful,Mbale,Android,23,0,0,0
TXN002561,CUST01414,374783.02,Mobile Money,Successful,Kampala,Web,15,12,1,0
TXN002562,CUST01338,482362.89,Mobile Money,Successful,Gulu,Web,21,0,0,0
TXN002563,CUST00022,37244.9,Mobile Money,Successful,Mbale,iPhone,17,12,1,0
TXN002564,CUST00410,27190.58,Mobile Money,Successful,Mbarara,Web,10,0,0,0
TXN002565,CUST00895,468806.39,Mobile Money,Successful,Kampala,iPhone,16,0,0,0
TXN002566,CUST00515,265172.87,Card,Successful,Mbarara,Android,2,0,0,0
TXN002567,CUST01151,307644.06,Mobile Money,Successful,Mbarara,Web,17,12,1,0
TXN002568,CUST00809,241470.59,Bank Transfer,Successful,Kampala,Web,3,0,0,0
TXN002569,CUST01724,47281.9,Card,Successful,Mbale,Android,18,0,0,0
TXN002570,CUST00874,384160.64,Bank Transfer,Successful,Kampala,Android,8,12,1,0
TXN002571,CUST00014,373738.71,Mobile Money,Failed,Jinja,Android,4,36,3,0
TXN002572,CUST00971,156195.81,Bank Transfer,Successful,Mbarara,Web,3,0,0,0
TXN002573,CUST00978,153466.5,Mobile Money,Successful,Jinja,Android,15,0,0,0
TXN002574,CUST01014,419001.77,Bank Transfer,Successful,Kampala,Android,9,12,1,0
TXN002575,CUST01036,36642.45,Bank Transfer,Successful,Kampala,iPhone,8,0,0,0
TXN002576,CUST00087,440612.02,Mobile Money,Successful,Mbale,iPhone,15,0,0,0
TXN002577,CUST01548,128702.51,Bank Transfer,Successful,Mbarara,Web,19,12,1,0
TXN002578,CUST00909,296695.88,Card,Successful,Gulu,Android,21,0,0,0
TXN002579,CUST01561,468029.09,Bank Transfer,Successful,Kampala,Android,16,12,1,0
TXN002580,CUST01325,339222.19,Card,Successful,Gulu,iPhone,17,0,0,0
TXN002581,CUST01267,207507.69,Card,Successful,Mbarara,Web,14,0,0,0
TXN002582,CUST00122,344922.34,Bank Transfer,Successful,Jinja,Android,19,0,0,0
TXN002583,CUST01171,172317.83,Card,Successful,Mbarara,Web,8,0,0,0
TXN002584,CUST01591,138990.58,Card,Successful,Mbale,iPhone,5,0,0,0
TXN002585,CUST00750,498343.3,Bank Transfer,Successful,Gulu,Android,5,12,1,0
TXN002586,CUST01380,375519.72,Mobile Money,Successful,Gulu,iPhone,10,0,0,0
TXN002587,CUST00685,322537.63,Mobile Money,Successful,Jinja,iPhone,19,12,1,0
TXN002588,CUST01928,177967.18,Card,Successful,Jinja,iPhone,2,0,0,0
TXN002589,CUST01757,25055.83,Card,Successful,Kampala,Android,22,12,1,0
TXN002590,CUST01655,16012.91,Mobile Money,Successful,Mbarara,Web,11,12,1,0
TXN002591,CUST00309,277313.54,Card,Successful,Mbale,Android,14,0,0,0
TXN002592,CUST00695,381135.34,Mobile Money,Successful,Kampala,iPhone,6,12,1,0
TXN002593,CUST00288,268920.91,Bank Transfer,Successful,Mbarara,Web,21,0,0,0
TXN002594,CUST00307,420472.14,Card,Successful,Jinja,iPhone,17,0,0,0
TXN002595,CUST01836,17196.55,Bank Transfer,Successful,Mbale,Android,21,0,0,0
TXN002596,CUST01618,183692.66,Mobile Money,Failed,Jinja,Web,14,24,2,0
TXN002597,CUST01990,118916.66,Mobile Money,Successful,Jinja,Android,7,0,0,0
TXN002598,CUST00914,223912.85,Bank Transfer,Successful,Gulu,Web,21,0,0,0
TXN002599,CUST01747,36652.01,Card,Successful,Mbarara,iPhone,8,12,1,0
TXN002600,CUST00662,477088.75,Bank Transfer,Successful,Kampala,iPhone,14,0,0,0
TXN002601,CUST00549,112016.07,Bank Transfer,Successful,Gulu,iPhone,15,12,1,0
TXN002602,CUST01376,461192.73,Card,Successful,Mbarara,Android,19,12,1,0
TXN002603,CUST00312,213233.63,Mobile Money,Successful,Mbarara,Android,2,12,1,0
TXN002604,CUST00873,492769.3,Bank Transfer,Suspicious,Mbarara,iPhone,4,52,1,1
TXN002605,CUST01083,277252.16,Bank Transfer,Successful,Mbale,iPhone,2,12,1,0
TXN002606,CUST01667,465451.02,Mobile Money,Suspicious,Gulu,Web,1,52,1,1
TXN002607,CUST00924,3171.82,Bank Transfer,Successful,Kampala,Web,1,0,0,0
TXN002608,CUST01738,374245.28,Mobile Money,Successful,Gulu,Android,3,0,0,0
TXN002609,CUST00755,451573.8,Card,Suspicious,Jinja,Web,2,52,1,1
TXN002610,CUST00035,70290.42,Mobile Money,Successful,Mbarara,Android,8,12,1,0
TXN002611,CUST00445,48514.86,Mobile Money,Successful,Jinja,Android,22,12,1,0
TXN002612,CUST00093,212574.02,Bank Transfer,Successful,Gulu,Web,21,12,1,0
TXN002613,CUST01974,466872.61,Mobile Money,Successful,Kampala,Web,11,0,0,0
TXN002614,CUST01983,271422.09,Mobile Money,Successful,Jinja,Web,23,0,0,0
TXN002615,CUST01231,263964.5,Bank Transfer,Successful,Jinja,iPhone,8,12,1,0
TXN002616,CUST00353,70992.5,Mobile Money,Successful,Mbale,iPhone,18,0,0,0
TXN002617,CUST00903,894.36,Bank Transfer,Successful,Gulu,Web,11,12,1,0
TXN002618,CUST01356,405164.98,Card,Failed,Jinja,iPhone,15,24,2,0
TXN002619,CUST01841,44243.49,Mobile Money,Successful,Gulu,Android,22,0,0,0
TXN002620,CUST00862,317107.98,Card,Successful,Kampala,iPhone,0,12,1,0
TXN002621,CUST01749,457350.92,Mobile Money,Successful,Jinja,iPhone,9,12,1,0
TXN002622,CUST00159,104721.63,Mobile Money,Successful,Kampala,iPhone,22,0,0,0
TXN002623,CUST01978,332803.78,Card,Successful,Jinja,Android,9,0,0,0
TXN002624,CUST00957,39809.94,Card,Failed,Mbarara,Android,3,24,2,0
TXN002625,CUST00024,302075.69,Bank Transfer,Successful,Mbale,Web,10,12,1,0
TXN002626,CUST00404,82383.89,Bank Transfer,Successful,Mbale,iPhone,21,12,1,0
TXN002627,CUST00805,368108.8,Card,Successful,Mbale,iPhone,10,12,1,0
TXN002628,CUST00516,150965.03,Mobile Money,Successful,Kampala,Android,10,0,0,0
TXN002629,CUST00732,231963.81,Bank Transfer,Successful,Gulu,iPhone,21,12,1,0
TXN002630,CUST01388,299915.56,Mobile Money,Successful,Mbale,Android,5,0,0,0
TXN002631,CUST01406,86051.07,Bank Transfer,Successful,Jinja,iPhone,14,12,1,0
TXN002632,CUST00532,370948.09,Bank Transfer,Successful,Jinja,Web,1,0,0,0
TXN002633,CUST00956,151668.85,Bank Transfer,Successful,Mbarara,Android,20,0,0,0
TXN002634,CUST00152,331354.74,Card,Successful,Kampala,Android,22,0,0,0
TXN002635,CUST01586,79562.38,Mobile Money,Successful,Jinja,Android,21,12,1,0
TXN002636,CUST01713,344214.77,Card,Failed,Jinja,iPhone,2,24,2,0
TXN002637,CUST00947,64529.94,Bank Transfer,Successful,Mbarara,Web,4,0,0,0
TXN002638,CUST00608,212965.57,Card,Successful,Mbarara,Android,23,0,0,0
TXN002639,CUST01641,123979.43,Card,Successful,Gulu,Web,10,12,1,0
TXN002640,CUST00420,374313.44,Card,Failed,Gulu,Android,20,24,2,0
TXN002641,CUST01274,131386.48,Mobile Money,Successful,Gulu,Web,11,0,0,0
TXN002642,CUST01141,440917.79,Card,Suspicious,Jinja,iPhone,2,40,0,1
TXN002643,CUST00866,445964.2,Card,Successful,Mbarara,iPhone,8,12,1,0
TXN002644,CUST01536,98622.44,Card,Successful,Kampala,Web,2,0,0,0
TXN002645,CUST01764,307116.05,Card,Successful,Gulu,Web,1,12,1,0
TXN002646,CUST00578,44314.96,Card,Successful,Mbale,iPhone,5,0,0,0
TXN002647,CUST00335,196072.78,Card,Successful,Jinja,Web,23,0,0,0
TXN002648,CUST01442,356804.2,Card,Successful,Kampala,Web,5,0,0,0
TXN002649,CUST00932,329881.91,Bank Transfer,Successful,Jinja,Web,16,0,0,0
TXN002650,CUST01798,312537.98,Card,Successful,Gulu,Android,7,0,0,0
TXN002651,CUST00295,141629.16,Card,Successful,Jinja,Web,0,0,0,0
TXN002652,CUST01962,189323.46,Mobile Money,Successful,Gulu,Android,7,12,1,0
TXN002653,CUST00755,51921.6,Bank Transfer,Successful,Jinja,iPhone,21,0,0,0
TXN002654,CUST01395,359651.9,Card,Successful,Gulu,iPhone,14,0,0,0
TXN002655,CUST00186,252192.45,Mobile Money,Successful,Mbarara,iPhone,17,12,1,0
TXN002656,CUST01270,354528.43,Card,Successful,Mbarara,Web,12,12,1,0
TXN002657,CUST00637,124847.29,Card,Successful,Mbarara,iPhone,7,0,0,0
TXN002658,CUST01292,162556.9,Card,Successful,Mbarara,Android,19,0,0,0
TXN002659,CUST01667,167440.56,Card,Successful,Mbarara,Android,17,12,1,0
TXN002660,CUST01261,13358.33,Card,Successful,Mbale,Web,12,12,1,0
TXN002661,CUST00530,170853.41,Mobile Money,Successful,Jinja,Android,13,12,1,0
TXN002662,CUST01576,401750.63,Card,Successful,Mbarara,Android,14,0,0,0
TXN002663,CUST00021,448700.6,Mobile Money,Successful,Mbale,iPhone,5,0,0,0
TXN002664,CUST00911,259350.05,Card,Successful,Mbale,Android,0,12,1,0
TXN002665,CUST01761,228023.1,Mobile Money,Successful,Jinja,iPhone,6,0,0,0
TXN002666,CUST00867,15896.9,Bank Transfer,Successful,Jinja,iPhone,0,0,0,0
TXN002667,CUST00794,439662.57,Card,Successful,Gulu,Android,14,0,0,0
TXN002668,CUST01544,6998.6,Bank Transfer,Successful,Gulu,Android,5,0,0,0
TXN002669,CUST00100,472402.67,Bank Transfer,Suspicious,Mbarara,Web,4,40,0,1
TXN002670,CUST00752,244863.52,Bank Transfer,Failed,Kampala,Web,11,24,2,0
TXN002671,CUST00478,171296.28,Card,Successful,Gulu,Android,2,0,0,0
TXN002672,CUST01623,462147.11,Bank Transfer,Successful,Kampala,iPhone,21,0,0,0
TXN002673,CUST01322,12683.3,Mobile Money,Successful,Gulu,iPhone,19,0,0,0
TXN002674,CUST00940,290921.73,Card,Successful,Mbale,Web,13,12,1,0
TXN002675,CUST00526,274691.8,Bank Transfer,Successful,Mbale,iPhone,5,12,1,0
TXN002676,CUST00334,110050.54,Card,Successful,Mbale,Web,3,0,0,0
TXN002677,CUST00002,214729.27,Bank Transfer,Successful,Kampala,iPhone,14,12,1,0
TXN002678,CUST00375,326305.87,Mobile Money,Successful,Mbarara,Android,16,0,0,0
TXN002679,CUST00293,363702.03,Card,Successful,Gulu,Android,4,0,0,0
TXN002680,CUST00837,858.07,Card,Successful,Gulu,iPhone,23,0,0,0
TXN002681,CUST01958,468458.29,Bank Transfer,Successful,Kampala,Web,5,0,0,0
TXN002682,CUST01005,82680.42,Mobile Money,Failed,Mbale,Android,9,36,3,0
TXN002683,CUST00553,117173.43,Card,Failed,Mbarara,Web,8,24,2,0
TXN002684,CUST00318,132104.99,Bank Transfer,Successful,Gulu,Android,3,0,0,0
TXN002685,CUST01526,19391.16,Mobile Money,Successful,Mbarara,iPhone,8,12,1,0
TXN002686,CUST01852,61964.54,Mobile Money,Successful,Mbarara,Android,7,0,0,0
TXN002687,CUST00381,493181.79,Mobile Money,Suspicious,Jinja,iPhone,2,40,0,1
TXN002688,CUST01647,157950.76,Mobile Money,Successful,Mbarara,Web,21,12,1,0
TXN002689,CUST00014,58092.89,Card,Successful,Jinja,Android,19,0,0,0
TXN002690,CUST00504,53942.13,Card,Successful,Kampala,Web,0,12,1,0
TXN002691,CUST00231,359870.25,Mobile Money,Failed,Mbale,Web,19,24,2,0
TXN002692,CUST01108,427357.05,Bank Transfer,Suspicious,Jinja,iPhone,4,40,0,1
TXN002693,CUST00130,128847.67,Bank Transfer,Successful,Mbarara,Web,2,0,0,0
TXN002694,CUST01767,10944.3,Mobile Money,Successful,Mbale,Android,3,0,0,0
TXN002695,CUST00838,111933.46,Mobile Money,Successful,Mbarara,iPhone,22,12,1,0
TXN002696,CUST01169,28729.59,Bank Transfer,Successful,Mbarara,iPhone,23,12,1,0
TXN002697,CUST00891,52145.77,Mobile Money,Successful,Jinja,iPhone,18,0,0,0
TXN002698,CUST01881,216038.31,Mobile Money,Failed,Kampala,Web,14,36,3,0
TXN002699,CUST00028,115344.23,Card,Successful,Mbarara,Android,18,12,1,0
TXN002700,CUST00066,258214.97,Card,Successful,Jinja,Android,15,12,1,0
TXN002701,CUST01187,127120.13,Mobile Money,Successful,Mbarara,Android,22,0,0,0
TXN002702,CUST01253,470298.38,Mobile Money,Successful,Mbale,iPhone,7,0,0,0
TXN002703,CUST00261,453019.01,Card,Successful,Kampala,iPhone,13,0,0,0
TXN002704,CUST01473,283619.65,Mobile Money,Successful,Mbarara,Android,4,0,0,0
TXN002705,CUST01448,177534.78,Card,Successful,Kampala,Web,0,0,0,0
TXN002706,CUST00460,190882.87,Card,Successful,Kampala,iPhone,18,12,1,0
TXN002707,CUST01976,206220.22,Bank Transfer,Successful,Mbale,Android,4,0,0,0
TXN002708,CUST01700,363925.87,Card,Successful,Mbale,Web,2,12,1,0
TXN002709,CUST00301,226093.68,Bank Transfer,Successful,Gulu,iPhone,16,12,1,0
TXN002710,CUST00919,428436.61,Bank Transfer,Successful,Kampala,iPhone,6,0,0,0
TXN002711,CUST01327,472075.35,Card,Successful,Mbarara,iPhone,16,0,0,0
TXN002712,CUST00287,168305.1,Mobile Money,Failed,Mbale,Android,12,36,3,0
TXN002713,CUST01419,280566.89,Card,Failed,Mbarara,iPhone,21,24,2,0
TXN002714,CUST01034,47980.74,Bank Transfer,Failed,Kampala,iPhone,21,24,2,0
TXN002715,CUST01731,100634.29,Card,Successful,Mbale,Web,13,0,0,0
TXN002716,CUST00630,207026.15,Card,Successful,Gulu,Android,22,12,1,0
TXN002717,CUST00270,103498.26,Bank Transfer,Successful,Kampala,Web,11,12,1,0
TXN002718,CUST00592,438341.97,Card,Successful,Mbarara,iPhone,10,0,0,0
TXN002719,CUST01994,79563.98,Card,Successful,Gulu,Android,0,0,0,0
TXN002720,CUST01629,228102.58,Bank Transfer,Successful,Kampala,Android,2,12,1,0
TXN002721,CUST01802,303046.77,Mobile Money,Successful,Mbale,iPhone,11,0,0,0
TXN002722,CUST00844,346086.02,Bank Transfer,Successful,Kampala,Android,8,0,0,0
TXN002723,CUST00862,191843.15,Bank Transfer,Failed,Jinja,Android,1,24,2,0
TXN002724,CUST01385,434614.98,Card,Successful,Mbarara,Web,13,12,1,0
TXN002725,CUST01281,284375.42,Bank Transfer,Successful,Mbale,Android,4,0,0,0
TXN002726,CUST00133,220034.14,Card,Successful,Mbale,Android,2,0,0,0
TXN002727,CUST01300,34086.7,Card,Failed,Jinja,Web,11,24,2,0
TXN002728,CUST01800,232612.39,Card,Failed,Gulu,iPhone,11,24,2,0
TXN002729,CUST01707,410457.55,Bank Transfer,Successful,Mbale,Web,20,0,0,0
TXN002730,CUST00972,307463.24,Bank Transfer,Failed,Gulu,iPhone,6,24,2,0
TXN002731,CUST00513,416165.15,Card,Suspicious,Gulu,iPhone,0,52,1,1
TXN002732,CUST00313,247258.83,Mobile Money,Successful,Gulu,iPhone,2,0,0,0
TXN002733,CUST00576,59671.62,Mobile Money,Failed,Kampala,Web,10,24,2,0
TXN002734,CUST00886,7313.1,Bank Transfer,Successful,Jinja,iPhone,12,0,0,0
TXN002735,CUST01308,151958.16,Card,Successful,Mbarara,Web,21,12,1,0
TXN002736,CUST01145,349146.24,Card,Successful,Jinja,Web,22,0,0,0
TXN002737,CUST01131,395234.82,Bank Transfer,Successful,Mbale,iPhone,9,0,0,0
TXN002738,CUST01957,148228.54,Mobile Money,Successful,Jinja,iPhone,18,0,0,0
TXN002739,CUST00687,248079.13,Bank Transfer,Successful,Mbarara,Web,3,12,1,0
TXN002740,CUST01228,210848.89,Bank Transfer,Successful,Kampala,Web,21,0,0,0
TXN002741,CUST00165,205556.13,Card,Failed,Mbale,iPhone,4,24,2,0
TXN002742,CUST00305,116058.68,Bank Transfer,Successful,Kampala,iPhone,10,0,0,0
TXN002743,CUST01521,68617.37,Mobile Money,Successful,Mbale,iPhone,8,0,0,0
TXN002744,CUST01656,98745.93,Bank Transfer,Successful,Mbarara,Web,12,0,0,0
TXN002745,CUST01580,28138.53,Card,Successful,Kampala,Web,16,0,0,0
TXN002746,CUST01848,99466.31,Mobile Money,Successful,Mbarara,Web,14,0,0,0
TXN002747,CUST00156,5095.85,Card,Failed,Mbarara,iPhone,12,36,3,0
TXN002748,CUST01391,313815.57,Bank Transfer,Successful,Jinja,Android,20,12,1,0
TXN002749,CUST01743,158529.52,Bank Transfer,Successful,Mbale,Android,10,0,0,0
TXN002750,CUST01926,486585.78,Bank Transfer,Suspicious,Gulu,Android,0,52,1,1
TXN002751,CUST00620,97261.67,Card,Successful,Gulu,Android,7,0,0,0
TXN002752,CUST01275,173241.37,Bank Transfer,Successful,Kampala,Android,22,0,0,0
TXN002753,CUST00957,179241.66,Mobile Money,Successful,Mbarara,Web,4,12,1,0
TXN002754,CUST01940,4721.52,Mobile Money,Successful,Jinja,iPhone,21,0,0,0
TXN002755,CUST01906,419684.37,Card,Successful,Mbale,iPhone,15,0,0,0
TXN002756,CUST00334,16481.23,Card,Successful,Kampala,iPhone,3,0,0,0
TXN002757,CUST01666,470119.83,Card,Successful,Mbarara,iPhone,18,0,0,0
TXN002758,CUST00969,446091.14,Bank Transfer,Successful,Gulu,iPhone,17,0,0,0
TXN002759,CUST00511,267993.2,Mobile Money,Successful,Gulu,Android,22,12,1,0
TXN002760,CUST01317,272025.99,Mobile Money,Successful,Mbale,iPhone,1,12,1,0
TXN002761,CUST01044,327062.07,Mobile Money,Successful,Mbale,iPhone,12,0,0,0
TXN002762,CUST00282,193831.48,Card,Failed,Mbale,Android,15,24,2,0
TXN002763,CUST00797,323787.53,Card,Successful,Kampala,iPhone,21,0,0,0
TXN002764,CUST01025,22861.81,Bank Transfer,Successful,Mbale,Android,7,0,0,0
TXN002765,CUST00119,27496.79,Card,Successful,Kampala,Android,18,12,1,0
TXN002766,CUST01059,228886.59,Mobile Money,Successful,Jinja,Web,2,12,1,0
TXN002767,CUST00198,275036.34,Bank Transfer,Successful,Mbarara,iPhone,18,12,1,0
TXN002768,CUST00485,443964.91,Card,Successful,Gulu,iPhone,16,0,0,0
TXN002769,CUST01781,52777.99,Card,Successful,Kampala,iPhone,8,0,0,0
TXN002770,CUST01083,411412.64,Mobile Money,Successful,Mbarara,Android,20,12,1,0
TXN002771,CUST00837,105418.64,Bank Transfer,Successful,Mbale,Web,20,0,0,0
TXN002772,CUST01185,197344.78,Card,Successful,Gulu,iPhone,22,0,0,0
TXN002773,CUST01009,158642.92,Card,Successful,Kampala,Android,16,0,0,0
TXN002774,CUST00691,200377.56,Bank Transfer,Successful,Mbale,Android,0,0,0,0
TXN002775,CUST01230,75672.5,Bank Transfer,Successful,Mbarara,Android,3,0,0,0
TXN002776,CUST01036,252033.25,Card,Successful,Jinja,Android,22,12,1,0
TXN002777,CUST00490,400920.47,Card,Failed,Mbarara,Web,14,24,2,0
TXN002778,CUST00276,221046.24,Mobile Money,Successful,Kampala,Web,11,0,0,0
TXN002779,CUST00693,245561.48,Bank Transfer,Successful,Jinja,Android,16,12,1,0
TXN002780,CUST00242,424459.41,Card,Successful,Jinja,iPhone,11,0,0,0
TXN002781,CUST01240,353176.03,Card,Successful,Mbale,Web,15,12,1,0
TXN002782,CUST01275,245481.98,Card,Successful,Mbarara,iPhone,12,0,0,0
TXN002783,CUST01835,129218.98,Card,Successful,Kampala,iPhone,10,0,0,0
TXN002784,CUST00126,442520.91,Mobile Money,Successful,Jinja,Web,14,12,1,0
TXN002785,CUST00217,288721.69,Bank Transfer,Successful,Mbale,iPhone,15,0,0,0
TXN002786,CUST01330,110963.23,Card,Successful,Jinja,Web,5,0,0,0
TXN002787,CUST01821,134925.32,Bank Transfer,Failed,Mbarara,Web,10,24,2,0
TXN002788,CUST01209,401664.98,Bank Transfer,Successful,Gulu,iPhone,14,12,1,0
TXN002789,CUST01063,22550.71,Card,Successful,Kampala,iPhone,4,0,0,0
TXN002790,CUST01247,496050.05,Card,Suspicious,Gulu,Android,2,52,1,1
TXN002791,CUST01208,65610.66,Card,Failed,Mbarara,Web,1,24,2,0
TXN002792,CUST00495,398136.23,Mobile Money,Successful,Gulu,iPhone,0,12,1,0
TXN002793,CUST00427,197690.27,Card,Successful,Mbarara,Web,14,0,0,0
TXN002794,CUST01202,246361.98,Bank Transfer,Successful,Mbarara,Android,1,12,1,0
TXN002795,CUST00919,440384.96,Bank Transfer,Successful,Mbale,Android,19,0,0,0
TXN002796,CUST01452,206749.14,Mobile Money,Failed,Gulu,Android,5,24,2,0
TXN002797,CUST01318,268978.13,Card,Successful,Jinja,Android,11,12,1,0
TXN002798,CUST01876,25125.18,Card,Successful,Mbarara,Android,20,0,0,0
TXN002799,CUST00151,1672.56,Mobile Money,Successful,Gulu,Android,15,12,1,0
TXN002800,CUST00384,122777.54,Mobile Money,Successful,Jinja,Android,13,12,1,0
TXN002801,CUST01662,340451.25,Card,Successful,Kampala,Android,3,0,0,0
TXN002802,CUST01837,61071.81,Card,Successful,Jinja,Web,7,12,1,0
TXN002803,CUST00308,57324.1,Bank Transfer,Successful,Gulu,iPhone,11,0,0,0
TXN002804,CUST01360,205774.82,Card,Failed,Gulu,Web,22,24,2,0
TXN002805,CUST01970,324094.6,Card,Successful,Jinja,Web,13,0,0,0
TXN002806,CUST00746,356179.96,Bank Transfer,Successful,Jinja,iPhone,19,0,0,0
TXN002807,CUST00892,89636.11,Bank Transfer,Successful,Mbarara,iPhone,12,12,1,0
TXN002808,CUST00375,40254.28,Bank Transfer,Successful,Gulu,Android,4,0,0,0
TXN002809,CUST01032,470228.32,Bank Transfer,Successful,Mbarara,iPhone,11,12,1,0
TXN002810,CUST01365,130702.86,Mobile Money,Successful,Mbarara,Web,9,0,0,0
TXN002811,CUST00129,426746.58,Bank Transfer,Successful,Kampala,Android,20,0,0,0
TXN002812,CUST01015,431813.98,Mobile Money,Successful,Gulu,Web,18,12,1,0
TXN002813,CUST01800,386375.03,Bank Transfer,Successful,Mbarara,iPhone,12,0,0,0
TXN002814,CUST00669,84832.39,Bank Transfer,Failed,Kampala,Web,8,24,2,0
TXN002815,CUST01376,410989.83,Bank Transfer,Successful,Mbarara,Web,10,0,0,0
TXN002816,CUST01382,384740.65,Card,Successful,Mbarara,Android,4,0,0,0
TXN002817,CUST00517,298563.13,Mobile Money,Successful,Gulu,Android,12,0,0,0
TXN002818,CUST01519,168932.42,Bank Transfer,Successful,Jinja,Web,9,0,0,0
TXN002819,CUST00086,131623.05,Card,Successful,Jinja,iPhone,17,0,0,0
TXN002820,CUST01199,61383.66,Mobile Money,Successful,Gulu,Android,14,0,0,0
TXN002821,CUST01826,255123.65,Mobile Money,Successful,Jinja,Web,19,0,0,0
TXN002822,CUST01217,292837.81,Card,Successful,Mbale,Android,11,0,0,0
TXN002823,CUST00311,179989.83,Mobile Money,Successful,Jinja,Android,3,0,0,0
TXN002824,CUST01143,237941.85,Card,Successful,Mbarara,iPhone,4,12,1,0
TXN002825,CUST01242,182075.47,Bank Transfer,Successful,Mbarara,Web,7,12,1,0
TXN002826,CUST00427,320682.53,Card,Successful,Kampala,Web,4,12,1,0
TXN002827,CUST01994,450678.97,Mobile Money,Suspicious,Gulu,Web,0,40,0,1
TXN002828,CUST01438,82378.17,Mobile Money,Successful,Kampala,Web,17,12,1,0
TXN002829,CUST00114,191013.7,Bank Transfer,Successful,Mbarara,Web,18,0,0,0
TXN002830,CUST01169,70863.87,Card,Successful,Mbarara,Android,18,0,0,0
TXN002831,CUST01562,312659.41,Bank Transfer,Successful,Kampala,Android,9,0,0,0
TXN002832,CUST01672,364570.82,Card,Successful,Mbale,Android,21,12,1,0
TXN002833,CUST00303,465990.41,Card,Successful,Jinja,Android,8,0,0,0
TXN002834,CUST00744,139796.53,Card,Successful,Mbale,iPhone,0,0,0,0
TXN002835,CUST01905,475130.5,Bank Transfer,Successful,Mbale,iPhone,21,0,0,0
TXN002836,CUST00588,32099.7,Bank Transfer,Successful,Mbale,Web,19,0,0,0
TXN002837,CUST00987,301705.42,Mobile Money,Successful,Mbale,iPhone,2,0,0,0
TXN002838,CUST01864,29037.79,Bank Transfer,Successful,Jinja,Android,12,0,0,0
TXN002839,CUST00345,446940.21,Card,Successful,Gulu,Android,5,12,1,0
TXN002840,CUST00814,265139.62,Card,Failed,Kampala,Android,5,24,2,0
TXN002841,CUST01988,334839.5,Card,Successful,Mbale,Android,17,0,0,0
TXN002842,CUST00801,415871.18,Bank Transfer,Suspicious,Mbale,Android,4,40,0,1
TXN002843,CUST01025,75580.16,Mobile Money,Successful,Kampala,Web,16,0,0,0
TXN002844,CUST01171,19776.49,Bank Transfer,Successful,Kampala,Web,2,12,1,0
TXN002845,CUST01311,439501.13,Mobile Money,Suspicious,Gulu,Android,4,40,0,1
TXN002846,CUST02000,157809.15,Bank Transfer,Successful,Mbarara,Web,2,0,0,0
TXN002847,CUST01678,64924.96,Card,Successful,Gulu,iPhone,22,12,1,0
TXN002848,CUST01077,234496.39,Mobile Money,Successful,Mbarara,iPhone,12,12,1,0
TXN002849,CUST01328,299353.88,Bank Transfer,Successful,Jinja,Android,14,0,0,0
TXN002850,CUST01093,15969.82,Card,Successful,Gulu,Web,16,12,1,0
TXN002851,CUST00361,137810.38,Mobile Money,Successful,Jinja,Android,14,12,1,0
TXN002852,CUST01626,16883.54,Mobile Money,Failed,Kampala,Web,4,24,2,0
TXN002853,CUST01982,210457.53,Card,Successful,Gulu,Android,21,0,0,0
TXN002854,CUST01244,447602.46,Card,Failed,Kampala,Android,13,24,2,0
TXN002855,CUST01986,491334.88,Bank Transfer,Successful,Mbale,Android,10,12,1,0
TXN002856,CUST01010,318705.25,Bank Transfer,Successful,Kampala,iPhone,13,12,1,0
TXN002857,CUST00704,81238.03,Card,Successful,Mbale,Web,6,0,0,0
TXN002858,CUST01990,452971.77,Bank Transfer,Suspicious,Mbarara,Web,2,40,0,1
TXN002859,CUST00575,258365.79,Card,Successful,Mbale,iPhone,22,12,1,0
TXN002860,CUST01609,77297.78,Card,Failed,Mbarara,iPhone,19,36,3,0
TXN002861,CUST01185,460902.47,Bank Transfer,Successful,Mbale,Web,9,0,0,0
TXN002862,CUST01705,378855.79,Bank Transfer,Successful,Mbale,Web,10,0,0,0
TXN002863,CUST01113,365986.78,Mobile Money,Successful,Jinja,Android,5,12,1,0
TXN002864,CUST00688,354735.76,Mobile Money,Successful,Jinja,Android,4,12,1,0
TXN002865,CUST00781,100569.74,Bank Transfer,Successful,Kampala,Web,19,12,1,0
TXN002866,CUST00585,105897.84,Bank Transfer,Successful,Jinja,Web,21,12,1,0
TXN002867,CUST01781,344302.35,Bank Transfer,Successful,Mbarara,Android,12,0,0,0
TXN002868,CUST00589,110251.51,Mobile Money,Successful,Jinja,iPhone,11,12,1,0
TXN002869,CUST01183,219616.51,Bank Transfer,Successful,Kampala,Web,18,12,1,0
TXN002870,CUST00489,391109.91,Mobile Money,Successful,Gulu,Web,18,0,0,0
TXN002871,CUST00971,392084.28,Mobile Money,Successful,Mbarara,iPhone,20,0,0,0
TXN002872,CUST01348,226904.26,Mobile Money,Failed,Gulu,iPhone,4,24,2,0
TXN002873,CUST01634,396198.87,Mobile Money,Successful,Mbarara,iPhone,19,0,0,0
TXN002874,CUST01405,419391.59,Card,Failed,Kampala,Web,20,24,2,0
TXN002875,CUST01126,327560.49,Bank Transfer,Successful,Jinja,Web,8,12,1,0
TXN002876,CUST00494,114598.71,Bank Transfer,Successful,Gulu,Web,3,12,1,0
TXN002877,CUST01668,137368.88,Card,Successful,Gulu,Android,14,0,0,0
TXN002878,CUST01638,157763.16,Bank Transfer,Failed,Jinja,iPhone,2,36,3,0
TXN002879,CUST00019,58843.65,Mobile Money,Successful,Kampala,iPhone,22,0,0,0
TXN002880,CUST01478,136943.23,Card,Successful,Jinja,Android,6,0,0,0
TXN002881,CUST01506,105154.85,Mobile Money,Successful,Mbale,Android,23,0,0,0
TXN002882,CUST01618,227936.71,Card,Successful,Mbale,Android,19,12,1,0
TXN002883,CUST00397,454264.56,Mobile Money,Successful,Mbale,Android,19,12,1,0
TXN002884,CUST01001,52687.92,Bank Transfer,Successful,Gulu,iPhone,13,0,0,0
TXN002885,CUST01303,360273.83,Bank Transfer,Successful,Gulu,Android,13,0,0,0
TXN002886,CUST00851,343797.86,Bank Transfer,Successful,Kampala,Android,8,0,0,0
TXN002887,CUST01389,48329.22,Card,Successful,Mbarara,iPhone,22,0,0,0
TXN002888,CUST01355,461324.92,Bank Transfer,Suspicious,Jinja,iPhone,2,52,1,1
TXN002889,CUST01665,284451.86,Card,Successful,Mbarara,iPhone,8,0,0,0
TXN002890,CUST01368,182180.9,Mobile Money,Successful,Gulu,iPhone,20,0,0,0
TXN002891,CUST00822,378391.02,Bank Transfer,Successful,Jinja,Web,3,12,1,0
TXN002892,CUST00455,129054.05,Mobile Money,Successful,Gulu,Web,16,0,0,0
TXN002893,CUST01625,346908.16,Bank Transfer,Successful,Kampala,Web,5,0,0,0
TXN002894,CUST00725,20335.75,Mobile Money,Successful,Jinja,Web,15,0,0,0
TXN002895,CUST01679,419784.31,Card,Successful,Gulu,iPhone,17,0,0,0
TXN002896,CUST01089,224361.34,Bank Transfer,Successful,Mbale,Web,12,0,0,0
TXN002897,CUST01100,318528.11,Card,Successful,Mbale,Android,6,0,0,0
TXN002898,CUST00711,111008.29,Card,Successful,Gulu,Android,2,12,1,0
TXN002899,CUST00143,338698.32,Mobile Money,Successful,Mbarara,Android,5,12,1,0
TXN002900,CUST00917,386234.02,Bank Transfer,Failed,Kampala,Web,23,36,3,0
TXN002901,CUST01939,236869.99,Card,Successful,Kampala,Web,2,12,1,0
TXN002902,CUST00828,309054.6,Mobile Money,Successful,Gulu,Android,11,0,0,0
TXN002903,CUST00605,228434.8,Mobile Money,Failed,Kampala,Web,4,24,2,0
TXN002904,CUST01497,447098.64,Mobile Money,Successful,Jinja,iPhone,21,12,1,0
TXN002905,CUST01441,249185.66,Bank Transfer,Successful,Kampala,Web,16,0,0,0
TXN002906,CUST00305,420983.45,Bank Transfer,Successful,Mbale,Android,9,12,1,0
TXN002907,CUST00736,400775.35,Mobile Money,Successful,Gulu,Android,6,0,0,0
TXN002908,CUST01521,205547.16,Bank Transfer,Successful,Jinja,Web,3,0,0,0
TXN002909,CUST00291,115427.2,Mobile Money,Failed,Kampala,Web,9,24,2,0
TXN002910,CUST01964,203338.03,Bank Transfer,Successful,Mbale,Android,6,0,0,0
TXN002911,CUST00102,413195.58,Bank Transfer,Successful,Mbarara,Android,22,0,0,0
TXN002912,CUST01291,114202.45,Mobile Money,Failed,Kampala,Web,10,24,2,0
TXN002913,CUST00867,262455.95,Mobile Money,Successful,Mbale,Web,20,12,1,0
TXN002914,CUST00968,403145.33,Bank Transfer,Successful,Mbale,Android,7,0,0,0
TXN002915,CUST01646,177062.0,Mobile Money,Successful,Mbale,Android,7,0,0,0
TXN002916,CUST00974,321283.71,Mobile Money,Successful,Mbale,Android,4,0,0,0
TXN002917,CUST00842,123192.97,Mobile Money,Successful,Mbarara,Android,4,0,0,0
TXN002918,CUST00962,55085.08,Mobile Money,Successful,Gulu,Android,6,0,0,0
TXN002919,CUST00942,397294.92,Bank Transfer,Successful,Mbale,Android,21,0,0,0
TXN002920,CUST01801,49934.83,Card,Successful,Gulu,Android,3,0,0,0
TXN002921,CUST01027,136055.01,Bank Transfer,Successful,Mbarara,Web,1,0,0,0
TXN002922,CUST00085,427627.16,Mobile Money,Failed,Mbarara,iPhone,23,24,2,0
TXN002923,CUST01818,173561.41,Mobile Money,Successful,Jinja,iPhone,18,12,1,0
TXN002924,CUST00328,486536.15,Bank Transfer,Suspicious,Jinja,Web,1,40,0,1
TXN002925,CUST00816,489877.3,Mobile Money,Successful,Mbale,iPhone,15,0,0,0
TXN002926,CUST01474,134503.87,Bank Transfer,Successful,Gulu,Web,11,0,0,0
TXN002927,CUST00454,20968.62,Card,Successful,Mbarara,Web,14,0,0,0
TXN002928,CUST01948,352679.11,Mobile Money,Successful,Kampala,Web,9,12,1,0
TXN002929,CUST00629,225767.76,Card,Successful,Jinja,Web,22,12,1,0
TXN002930,CUST01245,50826.05,Card,Successful,Jinja,iPhone,5,0,0,0
TXN002931,CUST01178,353907.65,Mobile Money,Successful,Kampala,Web,23,12,1,0
TXN002932,CUST00665,16071.87,Mobile Money,Successful,Gulu,Android,12,0,0,0
TXN002933,CUST00012,435163.25,Bank Transfer,Successful,Gulu,Web,5,0,0,0
TXN002934,CUST01157,69756.94,Bank Transfer,Successful,Gulu,iPhone,22,0,0,0
TXN002935,CUST00304,64092.28,Mobile Money,Successful,Mbale,iPhone,1,12,1,0
TXN002936,CUST01317,88248.31,Bank Transfer,Successful,Mbale,iPhone,13,0,0,0
TXN002937,CUST00975,480153.05,Card,Failed,Kampala,iPhone,17,24,2,0
TXN002938,CUST01324,346738.1,Card,Successful,Mbarara,Android,5,0,0,0
TXN002939,CUST01764,400785.08,Mobile Money,Successful,Kampala,Web,18,12,1,0
TXN002940,CUST00783,199118.68,Bank Transfer,Successful,Mbarara,Android,13,0,0,0
TXN002941,CUST00043,168488.21,Mobile Money,Successful,Kampala,Web,12,0,0,0
TXN002942,CUST00944,117624.76,Card,Successful,Mbale,Web,7,0,0,0
TXN002943,CUST00343,240583.69,Mobile Money,Successful,Gulu,Android,4,0,0,0
TXN002944,CUST01350,276138.45,Mobile Money,Successful,Jinja,Android,12,0,0,0
TXN002945,CUST01838,316071.53,Mobile Money,Failed,Kampala,iPhone,5,24,2,0
TXN002946,CUST00498,128930.69,Mobile Money,Successful,Kampala,Web,21,0,0,0
TXN002947,CUST00364,474352.71,Card,Successful,Jinja,Web,18,0,0,0
TXN002948,CUST00891,85294.37,Mobile Money,Successful,Kampala,Web,10,0,0,0
TXN002949,CUST00427,482843.76,Mobile Money,Successful,Gulu,Web,15,0,0,0
TXN002950,CUST01005,7920.63,Bank Transfer,Successful,Jinja,Web,4,0,0,0
TXN002951,CUST00021,240822.28,Mobile Money,Successful,Jinja,Web,11,0,0,0
TXN002952,CUST00407,167017.24,Bank Transfer,Successful,Gulu,iPhone,16,0,0,0
TXN002953,CUST00619,224837.15,Mobile Money,Successful,Gulu,Web,1,12,1,0
TXN002954,CUST01015,285546.96,Bank Transfer,Successful,Jinja,iPhone,9,0,0,0
TXN002955,CUST00336,218076.78,Mobile Money,Successful,Gulu,Web,14,12,1,0
TXN002956,CUST01839,207716.0,Bank Transfer,Successful,Gulu,Web,18,0,0,0
TXN002957,CUST01141,366495.35,Mobile Money,Successful,Gulu,Android,19,0,0,0
TXN002958,CUST01148,343095.2,Mobile Money,Successful,Jinja,Web,16,12,1,0
TXN002959,CUST00399,416719.01,Bank Transfer,Successful,Kampala,Android,18,12,1,0
TXN002960,CUST00793,125354.51,Mobile Money,Successful,Mbarara,Android,18,0,0,0
TXN002961,CUST01828,304959.49,Mobile Money,Successful,Jinja,Android,12,0,0,0
TXN002962,CUST00715,292804.8,Mobile Money,Failed,Mbarara,iPhone,12,24,2,0
TXN002963,CUST00051,185184.04,Mobile Money,Successful,Gulu,Android,15,0,0,0
TXN002964,CUST01807,243285.74,Card,Successful,Gulu,Android,21,0,0,0
TXN002965,CUST00324,157234.18,Mobile Money,Failed,Kampala,Android,20,24,2,0
TXN002966,CUST00789,71351.28,Card,Successful,Gulu,Web,2,12,1,0
TXN002967,CUST00141,107293.7,Card,Successful,Mbarara,iPhone,3,0,0,0
TXN002968,CUST00470,53204.07,Mobile Money,Successful,Jinja,iPhone,6,0,0,0
TXN002969,CUST00787,341693.25,Bank Transfer,Successful,Jinja,iPhone,2,0,0,0
TXN002970,CUST01826,330533.33,Bank Transfer,Successful,Kampala,iPhone,8,12,1,0
TXN002971,CUST01358,475327.88,Mobile Money,Failed,Mbarara,Web,7,24,2,0
TXN002972,CUST01917,364974.37,Card,Successful,Gulu,Android,17,0,0,0
TXN002973,CUST00964,26496.9,Bank Transfer,Successful,Mbale,Web,20,12,1,0
TXN002974,CUST01008,442180.46,Mobile Money,Successful,Kampala,iPhone,13,12,1,0
TXN002975,CUST00373,431406.24,Mobile Money,Failed,Kampala,Web,19,36,3,0
TXN002976,CUST01588,221938.5,Card,Successful,Mbale,Web,4,0,0,0
TXN002977,CUST00494,293138.59,Bank Transfer,Successful,Jinja,iPhone,2,0,0,0
TXN002978,CUST01563,488051.13,Mobile Money,Successful,Jinja,Android,9,0,0,0
TXN002979,CUST01693,266386.03,Bank Transfer,Successful,Jinja,Web,10,0,0,0
TXN002980,CUST00751,452708.25,Mobile Money,Failed,Mbale,iPhone,16,24,2,0
TXN002981,CUST01180,41977.86,Mobile Money,Failed,Gulu,Web,7,36,3,0
TXN002982,CUST00291,95930.41,Mobile Money,Successful,Gulu,Web,8,12,1,0
TXN002983,CUST01672,220657.09,Card,Successful,Mbarara,Web,7,12,1,0
TXN002984,CUST01168,292586.03,Card,Successful,Mbarara,Android,19,12,1,0
TXN002985,CUST00106,408205.81,Card,Suspicious,Jinja,Web,1,40,0,1
TXN002986,CUST01444,494136.93,Bank Transfer,Suspicious,Mbale,Web,3,52,1,1
TXN002987,CUST00670,194731.32,Card,Successful,Kampala,Android,15,0,0,0
TXN002988,CUST01682,24184.11,Card,Successful,Gulu,Web,8,0,0,0
TXN002989,CUST00002,400685.17,Bank Transfer,Successful,Mbale,Web,8,12,1,0
TXN002990,CUST01969,302388.17,Bank Transfer,Successful,Mbarara,Android,20,12,1,0
TXN002991,CUST00589,99672.16,Bank Transfer,Successful,Gulu,iPhone,4,12,1,0
TXN002992,CUST00644,247666.81,Bank Transfer,Successful,Gulu,Web,2,0,0,0
TXN002993,CUST00090,371283.97,Card,Successful,Mbale,iPhone,13,0,0,0
TXN002994,CUST01369,385320.69,Card,Successful,Mbarara,iPhone,14,0,0,0
TXN002995,CUST00350,250059.4,Bank Transfer,Successful,Mbale,iPhone,5,0,0,0
TXN002996,CUST01483,152954.66,Card,Successful,Kampala,Android,15,0,0,0
TXN002997,CUST01287,486884.42,Mobile Money,Successful,Gulu,Android,22,0,0,0
TXN002998,CUST01375,331849.62,Card,Successful,Mbale,Web,9,0,0,0
TXN002999,CUST01132,204414.64,Mobile Money,Successful,Mbale,iPhone,13,0,0,0
TXN003000,CUST01610,140591.38,Bank Transfer,Successful,Kampala,Android,11,12,1,0
TXN003001,CUST01063,365685.94,Bank Transfer,Successful,Mbale,Android,8,12,1,0
TXN003002,CUST00909,121470.63,Card,Successful,Gulu,iPhone,22,12,1,0
TXN003003,CUST00159,86269.14,Bank Transfer,Successful,Jinja,Android,18,0,0,0
TXN003004,CUST01607,265152.03,Card,Successful,Jinja,iPhone,11,0,0,0
TXN003005,CUST00959,145348.7,Card,Successful,Mbarara,Android,12,0,0,0
TXN003006,CUST00312,314638.12,Card,Successful,Kampala,iPhone,22,12,1,0
TXN003007,CUST01265,59410.37,Card,Successful,Mbarara,Android,12,0,0,0
TXN003008,CUST01962,327643.08,Mobile Money,Successful,Jinja,Android,16,12,1,0
TXN003009,CUST00445,142006.62,Mobile Money,Successful,Kampala,Android,1,0,0,0
TXN003010,CUST00298,621.35,Bank Transfer,Successful,Mbale,Android,19,0,0,0
TXN003011,CUST00952,63904.56,Mobile Money,Successful,Mbale,iPhone,22,0,0,0
TXN003012,CUST00036,466840.88,Bank Transfer,Successful,Gulu,Web,8,0,0,0
TXN003013,CUST01108,433743.64,Bank Transfer,Successful,Jinja,Web,20,12,1,0
TXN003014,CUST01476,117187.71,Card,Successful,Mbale,Android,7,12,1,0
TXN003015,CUST01910,389296.77,Card,Successful,Kampala,Web,6,12,1,0
TXN003016,CUST01799,304481.51,Card,Successful,Mbale,Android,4,0,0,0
TXN003017,CUST01846,485466.9,Card,Successful,Mbarara,Web,18,0,0,0
TXN003018,CUST01409,187116.03,Card,Failed,Mbarara,Android,2,24,2,0
TXN003019,CUST01196,340889.58,Card,Successful,Mbarara,Web,12,12,1,0
TXN003020,CUST01400,32236.09,Mobile Money,Suspicious,Mbarara,Web,5,88,4,1
TXN003021,CUST01709,198425.55,Bank Transfer,Successful,Mbarara,Android,10,0,0,0
TXN003022,CUST01386,481926.92,Bank Transfer,Suspicious,Gulu,Web,3,40,0,1
TXN003023,CUST00559,269720.95,Card,Failed,Mbarara,Android,2,24,2,0
TXN003024,CUST00891,144295.81,Mobile Money,Successful,Gulu,Web,3,0,0,0
TXN003025,CUST00141,60575.35,Card,Successful,Gulu,iPhone,2,0,0,0
TXN003026,CUST00887,351912.41,Mobile Money,Successful,Mbale,iPhone,12,0,0,0
TXN003027,CUST01942,322605.59,Mobile Money,Successful,Kampala,iPhone,14,0,0,0
TXN003028,CUST01142,187282.39,Bank Transfer,Successful,Mbarara,Android,11,12,1,0
TXN003029,CUST01301,475495.21,Bank Transfer,Successful,Kampala,Android,14,12,1,0
TXN003030,CUST00726,11590.31,Mobile Money,Failed,Jinja,Android,10,24,2,0
TXN003031,CUST01244,152210.06,Bank Transfer,Successful,Gulu,iPhone,10,12,1,0
TXN003032,CUST01929,460574.21,Mobile Money,Failed,Jinja,Web,12,36,3,0
TXN003033,CUST01050,160807.25,Mobile Money,Successful,Gulu,Android,11,0,0,0
TXN003034,CUST00521,126500.29,Mobile Money,Successful,Mbarara,iPhone,5,0,0,0
TXN003035,CUST01807,267343.09,Bank Transfer,Successful,Jinja,Android,22,0,0,0
TXN003036,CUST00010,411988.97,Card,Successful,Mbale,Android,19,12,1,0
TXN003037,CUST00984,52021.81,Bank Transfer,Successful,Jinja,Web,18,0,0,0
TXN003038,CUST00378,471538.84,Card,Successful,Gulu,Android,18,0,0,0
TXN003039,CUST01657,397638.9,Bank Transfer,Failed,Gulu,Android,2,24,2,0
TXN003040,CUST01661,91034.5,Bank Transfer,Successful,Kampala,Web,15,0,0,0
TXN003041,CUST00682,356147.98,Card,Successful,Jinja,Android,8,0,0,0
TXN003042,CUST00584,192786.88,Mobile Money,Successful,Mbale,Android,13,0,0,0
TXN003043,CUST00152,201446.19,Card,Failed,Mbarara,Web,2,36,3,0
TXN003044,CUST00720,391753.4,Mobile Money,Successful,Kampala,Android,2,12,1,0
TXN003045,CUST01073,481411.01,Mobile Money,Successful,Jinja,Android,23,12,1,0
TXN003046,CUST01178,63764.61,Bank Transfer,Successful,Kampala,iPhone,19,0,0,0
TXN003047,CUST00859,210604.8,Bank Transfer,Successful,Jinja,Web,6,12,1,0
TXN003048,CUST01317,240730.33,Bank Transfer,Successful,Mbarara,iPhone,18,12,1,0
TXN003049,CUST01604,188467.75,Bank Transfer,Successful,Mbarara,Web,23,0,0,0
TXN003050,CUST00050,181912.97,Bank Transfer,Successful,Mbale,Android,2,0,0,0
TXN003051,CUST00664,26608.2,Card,Failed,Kampala,iPhone,20,36,3,0
TXN003052,CUST00531,342926.54,Card,Successful,Mbale,iPhone,0,0,0,0
TXN003053,CUST01636,218389.1,Card,Successful,Jinja,iPhone,11,0,0,0
TXN003054,CUST01084,97799.5,Card,Failed,Mbarara,iPhone,20,36,3,0
TXN003055,CUST01191,408108.73,Bank Transfer,Successful,Mbarara,Web,5,12,1,0
TXN003056,CUST01226,401379.09,Card,Successful,Gulu,Android,6,0,0,0
TXN003057,CUST00857,243452.62,Card,Successful,Gulu,Android,1,12,1,0
TXN003058,CUST00146,149576.11,Mobile Money,Successful,Mbale,iPhone,17,12,1,0
TXN003059,CUST00915,319227.32,Bank Transfer,Successful,Kampala,Android,14,0,0,0
TXN003060,CUST01700,144431.99,Card,Successful,Jinja,Android,14,0,0,0
TXN003061,CUST01994,118385.96,Card,Successful,Mbale,Web,9,0,0,0
TXN003062,CUST00993,365392.07,Card,Successful,Mbarara,Android,16,12,1,0
TXN003063,CUST01463,20642.46,Bank Transfer,Successful,Mbarara,Android,17,0,0,0
TXN003064,CUST00242,47836.85,Card,Successful,Mbarara,Android,17,12,1,0
TXN003065,CUST00581,3890.69,Mobile Money,Successful,Jinja,Android,14,0,0,0
TXN003066,CUST00687,76895.12,Bank Transfer,Successful,Mbale,iPhone,22,0,0,0
TXN003067,CUST01585,34960.51,Mobile Money,Successful,Jinja,Web,5,0,0,0
TXN003068,CUST00483,497903.28,Bank Transfer,Failed,Mbarara,Web,8,24,2,0
TXN003069,CUST01132,144760.58,Card,Successful,Gulu,Web,10,12,1,0
TXN003070,CUST01250,75059.37,Bank Transfer,Successful,Mbale,Android,14,12,1,0
TXN003071,CUST00673,120877.63,Bank Transfer,Successful,Gulu,iPhone,22,0,0,0
TXN003072,CUST00631,468094.72,Bank Transfer,Suspicious,Mbale,Web,2,40,0,1
TXN003073,CUST00661,260320.03,Mobile Money,Successful,Mbarara,iPhone,18,0,0,0
TXN003074,CUST00662,182726.64,Bank Transfer,Successful,Gulu,Web,0,12,1,0
TXN003075,CUST01456,436759.03,Card,Successful,Gulu,iPhone,23,0,0,0
TXN003076,CUST00805,197797.64,Bank Transfer,Successful,Mbale,Android,16,0,0,0
TXN003077,CUST01679,167836.78,Bank Transfer,Successful,Gulu,Android,10,0,0,0
TXN003078,CUST00419,104037.62,Card,Successful,Gulu,Web,17,12,1,0
TXN003079,CUST00988,189209.51,Card,Successful,Mbarara,Web,10,12,1,0
TXN003080,CUST01479,158683.84,Mobile Money,Successful,Mbale,Web,6,0,0,0
TXN003081,CUST01184,338813.33,Card,Successful,Mbale,Android,0,0,0,0
TXN003082,CUST01547,145146.56,Card,Successful,Kampala,Android,11,12,1,0
TXN003083,CUST00650,288811.27,Card,Successful,Mbale,Web,3,12,1,0
TXN003084,CUST00969,33413.14,Bank Transfer,Failed,Mbarara,Web,7,24,2,0
TXN003085,CUST00590,96048.93,Mobile Money,Successful,Gulu,Android,14,0,0,0
TXN003086,CUST01101,203998.93,Card,Successful,Kampala,Web,10,0,0,0
TXN003087,CUST00509,468506.15,Card,Successful,Gulu,Web,7,12,1,0
TXN003088,CUST00441,188937.37,Card,Successful,Mbale,Web,11,0,0,0
TXN003089,CUST01278,332205.02,Bank Transfer,Successful,Jinja,Android,2,0,0,0
TXN003090,CUST00921,127916.07,Bank Transfer,Failed,Gulu,Android,20,24,2,0
TXN003091,CUST00770,63953.27,Mobile Money,Successful,Mbale,iPhone,3,0,0,0
TXN003092,CUST01344,29739.03,Mobile Money,Failed,Mbarara,iPhone,11,24,2,0
TXN003093,CUST01827,153054.04,Bank Transfer,Successful,Mbale,iPhone,7,0,0,0
TXN003094,CUST00263,79251.68,Card,Successful,Kampala,iPhone,22,12,1,0
TXN003095,CUST01621,87418.22,Card,Successful,Jinja,Web,22,0,0,0
TXN003096,CUST01682,380499.27,Mobile Money,Successful,Jinja,Android,9,12,1,0
TXN003097,CUST01859,8411.12,Card,Successful,Jinja,Android,22,0,0,0
TXN003098,CUST01578,279126.16,Bank Transfer,Successful,Mbarara,iPhone,0,0,0,0
TXN003099,CUST01398,190040.96,Mobile Money,Successful,Jinja,Web,12,12,1,0
TXN003100,CUST00637,253521.72,Bank Transfer,Successful,Gulu,Android,6,0,0,0
TXN003101,CUST01191,281633.7,Bank Transfer,Successful,Mbarara,Android,19,0,0,0
TXN003102,CUST01961,157027.16,Card,Successful,Mbale,Web,2,0,0,0
TXN003103,CUST01777,147906.88,Bank Transfer,Failed,Kampala,Web,15,24,2,0
TXN003104,CUST00459,366834.22,Bank Transfer,Successful,Mbarara,iPhone,11,0,0,0
TXN003105,CUST00999,435702.86,Card,Suspicious,Kampala,iPhone,4,40,0,1
TXN003106,CUST01304,96694.53,Bank Transfer,Successful,Mbarara,Web,17,0,0,0
TXN003107,CUST00700,49260.57,Card,Successful,Mbale,Android,7,0,0,0
TXN003108,CUST00302,448949.01,Bank Transfer,Successful,Kampala,Web,11,0,0,0
TXN003109,CUST01555,175272.78,Card,Successful,Mbarara,Web,20,0,0,0
TXN003110,CUST01604,275883.04,Card,Failed,Kampala,Android,2,24,2,0
TXN003111,CUST01242,180091.8,Mobile Money,Successful,Jinja,Android,15,0,0,0
TXN003112,CUST01126,63338.27,Bank Transfer,Successful,Jinja,iPhone,9,12,1,0
TXN003113,CUST00554,294871.16,Bank Transfer,Successful,Jinja,Web,22,0,0,0
TXN003114,CUST00288,262807.86,Mobile Money,Successful,Gulu,iPhone,16,0,0,0
TXN003115,CUST01191,101895.28,Card,Successful,Jinja,Web,9,0,0,0
TXN003116,CUST00621,226208.59,Card,Successful,Jinja,Web,2,0,0,0
TXN003117,CUST01006,398575.28,Mobile Money,Successful,Mbale,Android,1,0,0,0
TXN003118,CUST00036,295417.84,Mobile Money,Successful,Kampala,Web,13,0,0,0
TXN003119,CUST00744,48910.2,Card,Successful,Kampala,Web,8,12,1,0
TXN003120,CUST01765,274236.74,Card,Successful,Jinja,Android,16,0,0,0
TXN003121,CUST00353,351517.78,Mobile Money,Successful,Kampala,Android,3,0,0,0
TXN003122,CUST01700,396455.35,Bank Transfer,Successful,Mbarara,Android,21,0,0,0
TXN003123,CUST01923,314744.23,Card,Successful,Jinja,Web,14,0,0,0
TXN003124,CUST00073,76752.75,Mobile Money,Successful,Jinja,Android,12,0,0,0
TXN003125,CUST00648,355231.55,Bank Transfer,Successful,Gulu,Web,22,0,0,0
TXN003126,CUST01377,338832.25,Bank Transfer,Successful,Mbarara,iPhone,18,12,1,0
TXN003127,CUST01915,12701.23,Bank Transfer,Successful,Jinja,Android,8,0,0,0
TXN003128,CUST01094,206167.96,Bank Transfer,Successful,Jinja,iPhone,3,0,0,0
TXN003129,CUST00425,166808.65,Mobile Money,Suspicious,Kampala,iPhone,20,88,4,1
TXN003130,CUST00999,334871.33,Card,Successful,Jinja,Android,7,0,0,0
TXN003131,CUST00708,108459.84,Bank Transfer,Successful,Jinja,Android,14,12,1,0
TXN003132,CUST01805,295640.53,Bank Transfer,Successful,Jinja,Web,13,0,0,0
TXN003133,CUST00561,456646.38,Mobile Money,Suspicious,Jinja,Android,2,52,1,1
TXN003134,CUST00828,399002.28,Bank Transfer,Successful,Gulu,iPhone,23,0,0,0
TXN003135,CUST01666,460768.14,Mobile Money,Successful,Mbarara,iPhone,16,0,0,0
TXN003136,CUST00956,489263.73,Mobile Money,Successful,Gulu,iPhone,7,0,0,0
TXN003137,CUST00517,5829.73,Card,Failed,Kampala,Web,13,24,2,0
TXN003138,CUST00428,311559.27,Bank Transfer,Successful,Mbale,Web,12,0,0,0
TXN003139,CUST01563,206713.28,Card,Successful,Jinja,Android,14,0,0,0
TXN003140,CUST00160,429997.32,Mobile Money,Successful,Kampala,Android,10,0,0,0
TXN003141,CUST00149,126281.44,Bank Transfer,Successful,Mbale,Android,14,0,0,0
TXN003142,CUST00776,490524.23,Mobile Money,Successful,Jinja,iPhone,11,0,0,0
TXN003143,CUST01254,307047.13,Mobile Money,Successful,Jinja,iPhone,23,0,0,0
TXN003144,CUST01736,396871.93,Mobile Money,Successful,Mbale,iPhone,21,0,0,0
TXN003145,CUST01586,43256.98,Bank Transfer,Failed,Gulu,Android,20,24,2,0
TXN003146,CUST00067,92137.21,Mobile Money,Successful,Mbale,Android,8,0,0,0
TXN003147,CUST01014,379322.63,Mobile Money,Failed,Mbale,iPhone,21,24,2,0
TXN003148,CUST01836,11482.27,Bank Transfer,Successful,Mbarara,Android,14,0,0,0
TXN003149,CUST00381,408530.55,Card,Suspicious,Jinja,Web,0,40,0,1
TXN003150,CUST00058,7467.53,Mobile Money,Successful,Jinja,Android,11,0,0,0
TXN003151,CUST01283,328730.86,Card,Successful,Gulu,iPhone,5,0,0,0
TXN003152,CUST00342,182864.41,Card,Successful,Gulu,Android,0,0,0,0
TXN003153,CUST01862,305941.68,Card,Successful,Mbarara,Web,21,12,1,0
TXN003154,CUST01154,348167.69,Card,Successful,Mbarara,iPhone,18,12,1,0
TXN003155,CUST00727,171566.37,Card,Successful,Mbarara,Android,21,0,0,0
TXN003156,CUST01196,54427.24,Card,Successful,Gulu,Android,12,12,1,0
TXN003157,CUST00770,35288.11,Bank Transfer,Successful,Mbale,Android,5,0,0,0
TXN003158,CUST00614,294673.54,Bank Transfer,Successful,Jinja,Android,16,0,0,0
TXN003159,CUST01233,260567.35,Card,Successful,Jinja,Web,12,0,0,0
TXN003160,CUST01827,371229.4,Bank Transfer,Successful,Kampala,Android,8,0,0,0
TXN003161,CUST00354,255112.89,Bank Transfer,Successful,Gulu,Android,7,0,0,0
TXN003162,CUST01495,211511.67,Card,Successful,Gulu,iPhone,14,0,0,0
TXN003163,CUST01822,199344.55,Card,Successful,Mbarara,Web,17,0,0,0
TXN003164,CUST00116,13710.23,Mobile Money,Successful,Kampala,iPhone,1,0,0,0
TXN003165,CUST01288,168110.82,Bank Transfer,Successful,Kampala,Web,20,12,1,0
TXN003166,CUST00662,488022.07,Card,Suspicious,Gulu,Android,1,40,0,1
TXN003167,CUST01836,436841.01,Bank Transfer,Successful,Mbarara,Web,10,12,1,0
TXN003168,CUST01466,165024.34,Bank Transfer,Successful,Jinja,iPhone,0,0,0,0
TXN003169,CUST01572,294103.8,Bank Transfer,Successful,Mbarara,Android,17,0,0,0
TXN003170,CUST00453,423724.72,Mobile Money,Failed,Jinja,iPhone,20,24,2,0
TXN003171,CUST01869,220916.53,Card,Successful,Gulu,iPhone,6,12,1,0
TXN003172,CUST01501,9469.95,Bank Transfer,Successful,Mbarara,Web,20,0,0,0
TXN003173,CUST00287,37717.98,Card,Successful,Kampala,Android,16,0,0,0
TXN003174,CUST01327,255441.16,Bank Transfer,Successful,Mbale,iPhone,15,12,1,0
TXN003175,CUST01017,484734.97,Card,Successful,Kampala,iPhone,6,0,0,0
TXN003176,CUST00311,346758.17,Card,Successful,Jinja,Web,21,0,0,0
TXN003177,CUST00208,35922.64,Card,Successful,Gulu,iPhone,6,0,0,0
TXN003178,CUST00618,95085.76,Bank Transfer,Successful,Mbarara,Android,1,0,0,0
TXN003179,CUST00446,385775.91,Mobile Money,Failed,Gulu,Android,4,24,2,0
TXN003180,CUST00670,420799.16,Card,Successful,Gulu,Web,13,0,0,0
TXN003181,CUST00633,309038.45,Mobile Money,Successful,Jinja,iPhone,7,12,1,0
TXN003182,CUST00055,322389.37,Card,Successful,Gulu,Web,11,12,1,0
TXN003183,CUST00912,14654.56,Mobile Money,Successful,Mbarara,Web,6,12,1,0
TXN003184,CUST01036,414350.86,Card,Successful,Kampala,iPhone,5,0,0,0
TXN003185,CUST00657,394243.47,Mobile Money,Successful,Gulu,Android,12,0,0,0
TXN003186,CUST01424,129888.05,Card,Successful,Mbarara,Web,21,0,0,0
TXN003187,CUST01932,354484.02,Card,Failed,Mbarara,Android,11,36,3,0
TXN003188,CUST01672,107819.88,Mobile Money,Successful,Jinja,Android,16,12,1,0
TXN003189,CUST00980,20644.92,Card,Successful,Gulu,iPhone,15,12,1,0
TXN003190,CUST00515,100967.7,Bank Transfer,Successful,Jinja,iPhone,0,0,0,0
TXN003191,CUST01680,89725.12,Card,Successful,Kampala,Android,6,12,1,0
TXN003192,CUST01566,169205.12,Card,Successful,Kampala,Android,2,12,1,0
TXN003193,CUST00237,209515.52,Bank Transfer,Successful,Mbarara,Android,5,12,1,0
TXN003194,CUST01303,254515.18,Bank Transfer,Successful,Gulu,Web,20,12,1,0
TXN003195,CUST00348,238638.56,Bank Transfer,Successful,Mbarara,Android,2,12,1,0
TXN003196,CUST00627,135701.97,Mobile Money,Successful,Gulu,Web,21,0,0,0
TXN003197,CUST01128,15070.75,Bank Transfer,Successful,Jinja,iPhone,2,0,0,0
TXN003198,CUST00630,302748.26,Mobile Money,Successful,Kampala,iPhone,7,12,1,0
TXN003199,CUST01541,198174.54,Bank Transfer,Successful,Kampala,Android,13,0,0,0
TXN003200,CUST01896,149686.74,Mobile Money,Successful,Jinja,iPhone,22,12,1,0
TXN003201,CUST01272,433537.05,Bank Transfer,Successful,Mbale,Android,8,0,0,0
TXN003202,CUST00364,373498.28,Bank Transfer,Successful,Mbale,Web,4,12,1,0
TXN003203,CUST00321,428953.89,Card,Successful,Mbale,Android,14,0,0,0
TXN003204,CUST01657,247743.91,Bank Transfer,Successful,Gulu,iPhone,16,0,0,0
TXN003205,CUST00286,65900.16,Card,Successful,Jinja,Android,9,0,0,0
TXN003206,CUST00149,348262.61,Bank Transfer,Successful,Gulu,iPhone,7,0,0,0
TXN003207,CUST01108,103433.85,Bank Transfer,Successful,Gulu,Web,17,12,1,0
TXN003208,CUST01990,220894.22,Card,Successful,Jinja,iPhone,5,0,0,0
TXN003209,CUST00406,32967.89,Card,Successful,Gulu,iPhone,16,0,0,0
TXN003210,CUST00978,412741.55,Mobile Money,Successful,Jinja,iPhone,21,0,0,0
TXN003211,CUST00456,63407.35,Card,Successful,Mbale,iPhone,3,0,0,0
TXN003212,CUST01767,451597.2,Mobile Money,Successful,Mbale,iPhone,20,12,1,0
TXN003213,CUST00800,432183.19,Bank Transfer,Successful,Gulu,iPhone,14,12,1,0
TXN003214,CUST01185,232559.09,Card,Successful,Kampala,Android,9,12,1,0
TXN003215,CUST01013,372311.92,Card,Successful,Jinja,Web,22,0,0,0
TXN003216,CUST00784,309912.81,Bank Transfer,Successful,Mbarara,Android,12,0,0,0
TXN003217,CUST00460,401636.28,Bank Transfer,Successful,Mbarara,Web,21,12,1,0
TXN003218,CUST01574,216186.65,Bank Transfer,Successful,Gulu,Android,0,0,0,0
TXN003219,CUST01524,393011.34,Bank Transfer,Successful,Kampala,Web,21,12,1,0
TXN003220,CUST00738,231497.18,Card,Successful,Jinja,Web,21,0,0,0
TXN003221,CUST00509,470512.41,Bank Transfer,Successful,Mbale,Android,8,0,0,0
TXN003222,CUST01678,243442.86,Bank Transfer,Successful,Gulu,Android,4,0,0,0
TXN003223,CUST01828,231578.33,Card,Successful,Jinja,Web,10,12,1,0
TXN003224,CUST00481,392643.39,Mobile Money,Successful,Jinja,iPhone,21,0,0,0
TXN003225,CUST01687,410878.06,Card,Successful,Jinja,Web,21,12,1,0
TXN003226,CUST00114,277467.31,Mobile Money,Successful,Kampala,iPhone,22,0,0,0
TXN003227,CUST00749,90309.01,Bank Transfer,Successful,Jinja,Web,20,0,0,0
TXN003228,CUST01602,234145.24,Card,Failed,Kampala,iPhone,20,24,2,0
TXN003229,CUST00361,484052.22,Bank Transfer,Suspicious,Kampala,Android,3,40,0,1
TXN003230,CUST00341,376616.6,Card,Successful,Jinja,Android,19,12,1,0
TXN003231,CUST00770,405675.72,Mobile Money,Successful,Mbale,iPhone,15,0,0,0
TXN003232,CUST00761,16896.34,Card,Successful,Jinja,iPhone,23,12,1,0
TXN003233,CUST00969,234195.8,Bank Transfer,Failed,Mbale,iPhone,17,36,3,0
TXN003234,CUST00449,323487.26,Card,Successful,Gulu,iPhone,7,0,0,0
TXN003235,CUST01867,415101.33,Bank Transfer,Suspicious,Mbarara,Android,1,40,0,1
TXN003236,CUST00835,25112.19,Card,Successful,Gulu,Web,16,12,1,0
TXN003237,CUST01204,426293.22,Mobile Money,Failed,Kampala,Android,9,24,2,0
TXN003238,CUST01726,274426.27,Card,Successful,Gulu,Web,12,0,0,0
TXN003239,CUST01431,99058.33,Card,Successful,Mbarara,Android,14,0,0,0
TXN003240,CUST01690,158968.98,Card,Successful,Mbarara,iPhone,8,0,0,0
TXN003241,CUST01220,141323.81,Card,Successful,Mbale,Android,7,12,1,0
TXN003242,CUST01490,265664.09,Mobile Money,Successful,Gulu,Android,5,12,1,0
TXN003243,CUST00311,26317.0,Bank Transfer,Successful,Kampala,iPhone,3,12,1,0
TXN003244,CUST00262,79688.81,Card,Successful,Kampala,iPhone,17,0,0,0
TXN003245,CUST01443,406440.18,Card,Successful,Mbale,Android,23,0,0,0
TXN003246,CUST00406,66735.69,Card,Successful,Mbale,Android,2,0,0,0
TXN003247,CUST01963,117081.44,Mobile Money,Failed,Gulu,Web,3,24,2,0
TXN003248,CUST00143,226958.62,Bank Transfer,Successful,Mbale,Web,20,0,0,0
TXN003249,CUST00342,258801.88,Bank Transfer,Failed,Mbarara,Android,12,24,2,0
TXN003250,CUST01340,381923.43,Card,Successful,Kampala,Web,19,0,0,0
TXN003251,CUST01125,223942.55,Card,Successful,Mbarara,iPhone,10,0,0,0
TXN003252,CUST00244,395037.38,Bank Transfer,Successful,Jinja,Android,7,0,0,0
TXN003253,CUST00490,309363.98,Card,Successful,Mbarara,Android,13,0,0,0
TXN003254,CUST00012,56993.32,Card,Successful,Kampala,Web,13,0,0,0
TXN003255,CUST01263,78587.55,Card,Successful,Jinja,Android,15,0,0,0
TXN003256,CUST00561,218798.35,Mobile Money,Successful,Gulu,Android,13,0,0,0
TXN003257,CUST00042,198746.25,Mobile Money,Successful,Jinja,iPhone,0,0,0,0
TXN003258,CUST00678,371900.36,Bank Transfer,Successful,Mbale,Android,1,0,0,0
TXN003259,CUST00594,290578.2,Mobile Money,Successful,Kampala,Web,19,0,0,0
TXN003260,CUST01453,194372.47,Mobile Money,Successful,Mbale,iPhone,0,0,0,0
TXN003261,CUST01827,85794.76,Bank Transfer,Successful,Mbarara,Web,10,0,0,0
TXN003262,CUST01182,113805.13,Mobile Money,Successful,Gulu,Android,5,0,0,0
TXN003263,CUST01240,287962.76,Bank Transfer,Successful,Kampala,Web,14,12,1,0
TXN003264,CUST01694,212007.68,Card,Successful,Gulu,Web,11,12,1,0
TXN003265,CUST01486,257706.29,Bank Transfer,Successful,Kampala,iPhone,4,0,0,0
TXN003266,CUST00134,85753.38,Bank Transfer,Successful,Mbale,Android,22,12,1,0
TXN003267,CUST01091,331621.67,Bank Transfer,Successful,Mbarara,iPhone,11,0,0,0
TXN003268,CUST01872,426343.1,Card,Successful,Jinja,Android,21,0,0,0
TXN003269,CUST01031,129340.78,Card,Successful,Gulu,iPhone,13,0,0,0
TXN003270,CUST00948,246011.36,Card,Successful,Kampala,Android,13,0,0,0
TXN003271,CUST01550,487775.9,Bank Transfer,Successful,Kampala,iPhone,18,12,1,0
TXN003272,CUST00073,166954.25,Bank Transfer,Successful,Gulu,Android,4,12,1,0
TXN003273,CUST00399,297725.65,Bank Transfer,Successful,Jinja,iPhone,2,0,0,0
TXN003274,CUST01429,45552.75,Bank Transfer,Successful,Mbarara,Web,17,12,1,0
TXN003275,CUST01699,303204.49,Bank Transfer,Successful,Kampala,iPhone,5,12,1,0
TXN003276,CUST00578,45271.07,Bank Transfer,Successful,Kampala,Web,8,0,0,0
TXN003277,CUST00859,479638.1,Bank Transfer,Successful,Gulu,iPhone,6,0,0,0
TXN003278,CUST00130,357973.49,Mobile Money,Successful,Gulu,Web,20,0,0,0
TXN003279,CUST00931,394185.81,Card,Successful,Kampala,Android,17,0,0,0
TXN003280,CUST01490,352200.13,Mobile Money,Successful,Kampala,Web,1,0,0,0
TXN003281,CUST01230,295069.65,Card,Successful,Kampala,Android,19,0,0,0
TXN003282,CUST01812,225231.43,Bank Transfer,Successful,Mbale,Web,9,0,0,0
TXN003283,CUST01792,429257.5,Mobile Money,Successful,Kampala,Android,11,0,0,0
TXN003284,CUST00266,478439.42,Bank Transfer,Suspicious,Mbarara,Web,1,52,1,1
TXN003285,CUST01561,249768.57,Mobile Money,Successful,Mbarara,iPhone,12,12,1,0
TXN003286,CUST01986,465801.76,Mobile Money,Successful,Jinja,Android,7,0,0,0
TXN003287,CUST00793,291874.79,Bank Transfer,Successful,Gulu,Android,22,0,0,0
TXN003288,CUST00253,269422.9,Mobile Money,Failed,Jinja,Web,6,24,2,0
TXN003289,CUST00822,227514.13,Mobile Money,Successful,Kampala,iPhone,2,0,0,0
TXN003290,CUST01313,105039.24,Card,Successful,Gulu,Android,22,0,0,0
TXN003291,CUST00164,2357.97,Bank Transfer,Successful,Kampala,Android,7,12,1,0
TXN003292,CUST00095,121132.36,Bank Transfer,Successful,Gulu,iPhone,20,12,1,0
TXN003293,CUST01806,255106.72,Mobile Money,Successful,Mbale,iPhone,0,12,1,0
TXN003294,CUST00833,190290.0,Bank Transfer,Successful,Mbale,iPhone,14,12,1,0
TXN003295,CUST01134,224518.37,Card,Successful,Mbale,Android,0,0,0,0
TXN003296,CUST00336,490333.79,Card,Successful,Jinja,Web,11,0,0,0
TXN003297,CUST00822,175461.05,Bank Transfer,Successful,Gulu,Web,10,12,1,0
TXN003298,CUST00238,226365.38,Bank Transfer,Successful,Jinja,Android,15,12,1,0
TXN003299,CUST00381,67191.02,Card,Successful,Gulu,Android,3,12,1,0
TXN003300,CUST01460,24454.89,Bank Transfer,Successful,Kampala,Android,1,12,1,0
TXN003301,CUST00899,387817.05,Mobile Money,Successful,Mbale,Android,22,12,1,0
TXN003302,CUST00483,285556.25,Bank Transfer,Successful,Mbale,iPhone,2,12,1,0
TXN003303,CUST01961,380472.05,Mobile Money,Successful,Gulu,Android,3,12,1,0
TXN003304,CUST00902,75356.47,Card,Successful,Jinja,Android,17,12,1,0
TXN003305,CUST01049,286128.47,Bank Transfer,Successful,Jinja,Android,11,12,1,0
TXN003306,CUST01677,127194.42,Card,Successful,Mbarara,iPhone,23,12,1,0
TXN003307,CUST01141,114416.88,Bank Transfer,Successful,Mbale,iPhone,0,0,0,0
TXN003308,CUST00482,6257.24,Mobile Money,Failed,Mbale,iPhone,2,24,2,0
TXN003309,CUST01416,65605.19,Bank Transfer,Successful,Jinja,Android,3,12,1,0
TXN003310,CUST00917,154979.42,Card,Successful,Mbale,iPhone,5,0,0,0
TXN003311,CUST00994,58880.94,Mobile Money,Successful,Jinja,Android,16,0,0,0
TXN003312,CUST00964,492936.29,Bank Transfer,Successful,Mbarara,Android,7,0,0,0
TXN003313,CUST00537,154662.01,Card,Successful,Gulu,Web,17,0,0,0
TXN003314,CUST01103,65596.81,Card,Successful,Gulu,iPhone,15,12,1,0
TXN003315,CUST01604,99941.62,Bank Transfer,Successful,Mbarara,Web,20,0,0,0
TXN003316,CUST01197,294057.76,Card,Successful,Mbale,Web,5,0,0,0
TXN003317,CUST01980,32489.74,Mobile Money,Successful,Kampala,iPhone,23,0,0,0
TXN003318,CUST01036,431285.85,Bank Transfer,Successful,Mbale,iPhone,18,0,0,0
TXN003319,CUST01824,480769.09,Mobile Money,Successful,Jinja,Web,20,0,0,0
TXN003320,CUST00128,123750.34,Card,Successful,Kampala,Android,7,12,1,0
TXN003321,CUST01632,225322.59,Card,Successful,Mbarara,Web,3,12,1,0
TXN003322,CUST00092,11556.16,Card,Successful,Gulu,iPhone,8,0,0,0
TXN003323,CUST01677,320534.76,Mobile Money,Successful,Gulu,Android,7,0,0,0
TXN003324,CUST00543,207256.07,Card,Failed,Mbale,Web,20,24,2,0
TXN003325,CUST00846,135394.2,Bank Transfer,Successful,Gulu,Web,18,0,0,0
TXN003326,CUST01556,103815.14,Bank Transfer,Successful,Mbale,Web,0,0,0,0
TXN003327,CUST01682,327184.53,Card,Successful,Jinja,iPhone,20,0,0,0
TXN003328,CUST00989,208400.41,Bank Transfer,Successful,Jinja,Web,20,12,1,0
TXN003329,CUST01852,90239.81,Mobile Money,Successful,Mbarara,iPhone,3,0,0,0
TXN003330,CUST00447,344709.99,Mobile Money,Successful,Jinja,Android,9,12,1,0
TXN003331,CUST00390,282753.61,Card,Successful,Mbale,Android,7,12,1,0
TXN003332,CUST00672,429406.69,Bank Transfer,Suspicious,Gulu,Web,2,40,0,1
TXN003333,CUST01885,59179.21,Bank Transfer,Successful,Jinja,iPhone,11,0,0,0
TXN003334,CUST00043,392940.47,Card,Successful,Jinja,Web,8,0,0,0
TXN003335,CUST00254,336921.64,Mobile Money,Failed,Mbale,Android,2,24,2,0
TXN003336,CUST01154,57947.96,Card,Successful,Jinja,iPhone,3,12,1,0
TXN003337,CUST01084,347562.95,Bank Transfer,Successful,Gulu,Android,5,0,0,0
TXN003338,CUST00663,221052.87,Bank Transfer,Successful,Gulu,Android,8,0,0,0
TXN003339,CUST00467,472519.9,Card,Suspicious,Gulu,iPhone,1,52,1,1
TXN003340,CUST00287,71234.87,Mobile Money,Successful,Gulu,iPhone,1,12,1,0
TXN003341,CUST01011,321595.28,Mobile Money,Successful,Kampala,iPhone,17,0,0,0
TXN003342,CUST01541,191299.03,Card,Successful,Gulu,Web,20,12,1,0
TXN003343,CUST01491,478428.93,Bank Transfer,Successful,Kampala,Web,21,12,1,0
TXN003344,CUST01954,165322.46,Mobile Money,Successful,Gulu,iPhone,2,12,1,0
TXN003345,CUST00778,481111.86,Card,Suspicious,Gulu,iPhone,2,40,0,1
TXN003346,CUST00345,450792.18,Bank Transfer,Successful,Mbale,Web,17,0,0,0
TXN003347,CUST00642,135556.43,Mobile Money,Successful,Gulu,iPhone,5,0,0,0
TXN003348,CUST00382,401869.12,Mobile Money,Suspicious,Jinja,Android,0,40,0,1
TXN003349,CUST01803,497804.3,Card,Successful,Gulu,iPhone,14,0,0,0
TXN003350,CUST00690,126705.17,Bank Transfer,Failed,Mbarara,Web,10,24,2,0
TXN003351,CUST01277,218670.2,Mobile Money,Successful,Mbale,iPhone,9,12,1,0
TXN003352,CUST01951,260330.28,Card,Successful,Mbale,iPhone,3,12,1,0
TXN003353,CUST01080,147818.1,Mobile Money,Successful,Gulu,Android,13,0,0,0
TXN003354,CUST01487,8124.79,Bank Transfer,Successful,Mbarara,iPhone,1,0,0,0
TXN003355,CUST00457,110454.56,Mobile Money,Successful,Gulu,Web,12,12,1,0
TXN003356,CUST00983,141327.47,Bank Transfer,Successful,Jinja,Web,15,0,0,0
TXN003357,CUST00083,222078.05,Mobile Money,Successful,Mbale,Android,11,0,0,0
TXN003358,CUST01929,85965.69,Mobile Money,Successful,Mbale,Android,21,0,0,0
TXN003359,CUST01123,436690.55,Card,Suspicious,Mbarara,Web,4,40,0,1
TXN003360,CUST00149,352603.11,Mobile Money,Successful,Kampala,iPhone,18,12,1,0
TXN003361,CUST01353,43057.64,Bank Transfer,Successful,Mbarara,Web,2,0,0,0
TXN003362,CUST01180,325221.18,Card,Successful,Jinja,Android,20,0,0,0
TXN003363,CUST00190,327001.41,Bank Transfer,Successful,Mbarara,Web,19,0,0,0
TXN003364,CUST01518,478132.48,Bank Transfer,Successful,Kampala,Android,20,0,0,0
TXN003365,CUST00883,2008.93,Card,Successful,Jinja,Web,1,0,0,0
TXN003366,CUST00263,124342.26,Bank Transfer,Successful,Jinja,iPhone,16,0,0,0
TXN003367,CUST01104,463931.84,Mobile Money,Successful,Kampala,iPhone,20,0,0,0
TXN003368,CUST00400,466100.89,Card,Successful,Gulu,Android,10,0,0,0
TXN003369,CUST00764,360432.92,Mobile Money,Successful,Mbarara,iPhone,0,0,0,0
TXN003370,CUST00609,382998.78,Mobile Money,Successful,Jinja,Android,18,0,0,0
TXN003371,CUST01284,46195.74,Bank Transfer,Successful,Mbarara,iPhone,7,12,1,0
TXN003372,CUST01796,257180.98,Bank Transfer,Successful,Kampala,Web,10,0,0,0
TXN003373,CUST01639,116175.7,Mobile Money,Successful,Mbale,iPhone,7,0,0,0
TXN003374,CUST01576,91018.41,Card,Successful,Kampala,Web,16,0,0,0
TXN003375,CUST00785,405246.5,Mobile Money,Successful,Mbarara,Android,19,12,1,0
TXN003376,CUST00101,67951.55,Mobile Money,Successful,Jinja,iPhone,5,0,0,0
TXN003377,CUST01383,234591.49,Bank Transfer,Successful,Mbarara,iPhone,6,0,0,0
TXN003378,CUST01404,469319.83,Bank Transfer,Successful,Mbale,Web,20,0,0,0
TXN003379,CUST00820,93323.11,Mobile Money,Successful,Jinja,Android,12,0,0,0
TXN003380,CUST01245,489007.72,Mobile Money,Successful,Mbale,iPhone,6,12,1,0
TXN003381,CUST00820,497146.85,Bank Transfer,Successful,Gulu,Android,10,0,0,0
TXN003382,CUST00420,278030.77,Mobile Money,Successful,Kampala,Android,9,12,1,0
TXN003383,CUST00124,85486.3,Bank Transfer,Successful,Gulu,iPhone,7,0,0,0
TXN003384,CUST00422,158394.39,Mobile Money,Successful,Mbarara,Web,9,0,0,0
TXN003385,CUST01255,212534.17,Card,Successful,Gulu,Android,21,0,0,0
TXN003386,CUST01714,155007.45,Card,Successful,Kampala,Android,10,12,1,0
TXN003387,CUST01087,140677.47,Mobile Money,Successful,Jinja,iPhone,19,12,1,0
TXN003388,CUST01509,486128.74,Bank Transfer,Successful,Mbale,Android,16,0,0,0
TXN003389,CUST01652,77105.73,Mobile Money,Successful,Jinja,iPhone,10,0,0,0
TXN003390,CUST01727,366797.29,Mobile Money,Successful,Gulu,Android,15,0,0,0
TXN003391,CUST01598,704.94,Bank Transfer,Successful,Mbarara,Web,4,12,1,0
TXN003392,CUST00768,298293.24,Mobile Money,Successful,Gulu,Web,9,0,0,0
TXN003393,CUST00483,458013.53,Bank Transfer,Successful,Kampala,Web,19,12,1,0
TXN003394,CUST00519,144323.08,Mobile Money,Successful,Kampala,Web,4,0,0,0
TXN003395,CUST00155,93170.22,Bank Transfer,Successful,Mbarara,iPhone,19,0,0,0
TXN003396,CUST00092,326014.06,Mobile Money,Successful,Jinja,iPhone,8,0,0,0
TXN003397,CUST00982,356444.4,Card,Successful,Kampala,iPhone,2,0,0,0
TXN003398,CUST01550,344171.24,Bank Transfer,Successful,Kampala,iPhone,2,12,1,0
TXN003399,CUST00455,159998.78,Card,Successful,Mbarara,iPhone,9,0,0,0
TXN003400,CUST01765,126475.1,Bank Transfer,Successful,Jinja,Web,6,0,0,0
TXN003401,CUST00598,477981.44,Bank Transfer,Suspicious,Gulu,Android,1,52,1,1
TXN003402,CUST01669,461688.1,Bank Transfer,Successful,Mbale,Android,7,0,0,0
TXN003403,CUST00510,228929.65,Bank Transfer,Successful,Mbarara,Web,11,0,0,0
TXN003404,CUST01207,423173.84,Mobile Money,Successful,Jinja,Web,21,12,1,0
TXN003405,CUST00386,226435.58,Mobile Money,Successful,Mbale,iPhone,8,0,0,0
TXN003406,CUST01598,212482.31,Bank Transfer,Successful,Mbarara,iPhone,10,0,0,0
TXN003407,CUST01755,78803.09,Mobile Money,Successful,Gulu,Android,18,0,0,0
TXN003408,CUST00405,213489.83,Bank Transfer,Successful,Gulu,Android,19,0,0,0
TXN003409,CUST00246,268939.76,Bank Transfer,Successful,Jinja,iPhone,22,12,1,0
TXN003410,CUST00742,11740.91,Card,Successful,Jinja,iPhone,16,0,0,0
TXN003411,CUST01615,222334.45,Bank Transfer,Successful,Gulu,Web,12,0,0,0
TXN003412,CUST00661,390787.43,Bank Transfer,Successful,Gulu,iPhone,0,0,0,0
TXN003413,CUST00650,340183.01,Mobile Money,Successful,Mbarara,Web,0,0,0,0
TXN003414,CUST01495,317760.92,Bank Transfer,Successful,Jinja,iPhone,7,0,0,0
TXN003415,CUST01850,454822.94,Bank Transfer,Successful,Mbale,Android,12,0,0,0
TXN003416,CUST01912,9506.99,Card,Successful,Gulu,Web,5,0,0,0
TXN003417,CUST01447,278745.27,Mobile Money,Successful,Mbale,Android,2,0,0,0
TXN003418,CUST00901,393780.75,Mobile Money,Successful,Jinja,Web,15,12,1,0
TXN003419,CUST00065,270897.02,Card,Successful,Jinja,Web,9,12,1,0
TXN003420,CUST01037,162285.83,Bank Transfer,Successful,Kampala,Android,6,0,0,0
TXN003421,CUST00213,68557.16,Card,Successful,Gulu,Android,21,0,0,0
TXN003422,CUST00242,443837.75,Mobile Money,Successful,Jinja,iPhone,20,0,0,0
TXN003423,CUST00493,235645.81,Card,Successful,Jinja,Web,2,0,0,0
TXN003424,CUST01237,439118.54,Mobile Money,Successful,Gulu,iPhone,13,0,0,0
TXN003425,CUST01717,293133.14,Card,Successful,Kampala,Web,15,0,0,0
TXN003426,CUST00338,337258.96,Bank Transfer,Successful,Kampala,iPhone,3,0,0,0
TXN003427,CUST00173,402228.45,Bank Transfer,Successful,Kampala,Android,12,12,1,0
TXN003428,CUST00672,329748.19,Mobile Money,Successful,Kampala,Android,0,0,0,0
TXN003429,CUST00164,199328.39,Card,Successful,Mbarara,iPhone,4,12,1,0
TXN003430,CUST00465,257059.88,Mobile Money,Failed,Gulu,Android,17,24,2,0
TXN003431,CUST00995,401621.24,Bank Transfer,Successful,Gulu,iPhone,11,0,0,0
TXN003432,CUST00497,187138.32,Mobile Money,Successful,Gulu,Web,10,12,1,0
TXN003433,CUST00700,194366.67,Bank Transfer,Successful,Kampala,Web,8,0,0,0
TXN003434,CUST00395,48297.21,Mobile Money,Successful,Kampala,Android,6,0,0,0
TXN003435,CUST00703,457334.93,Card,Successful,Jinja,Android,13,0,0,0
TXN003436,CUST01941,45972.64,Bank Transfer,Successful,Mbarara,Android,23,12,1,0
TXN003437,CUST00308,324280.48,Mobile Money,Successful,Gulu,Web,2,0,0,0
TXN003438,CUST01792,206890.64,Bank Transfer,Successful,Mbarara,iPhone,15,0,0,0
TXN003439,CUST00183,203106.89,Card,Successful,Gulu,Android,6,0,0,0
TXN003440,CUST00629,339936.14,Bank Transfer,Successful,Kampala,iPhone,0,0,0,0
TXN003441,CUST01818,34013.32,Card,Failed,Kampala,Android,5,24,2,0
TXN003442,CUST00510,297056.04,Bank Transfer,Successful,Gulu,Android,5,0,0,0
TXN003443,CUST01732,386129.88,Card,Successful,Mbale,Android,9,0,0,0
TXN003444,CUST00546,414192.27,Bank Transfer,Successful,Kampala,iPhone,11,0,0,0
TXN003445,CUST01588,85679.93,Card,Successful,Jinja,iPhone,21,0,0,0
TXN003446,CUST00624,448760.82,Mobile Money,Successful,Kampala,iPhone,18,12,1,0
TXN003447,CUST01788,328244.97,Mobile Money,Successful,Jinja,Web,5,12,1,0
TXN003448,CUST00594,440986.47,Bank Transfer,Successful,Mbarara,Web,13,12,1,0
TXN003449,CUST00744,242897.72,Card,Successful,Kampala,Web,2,12,1,0
TXN003450,CUST01251,271245.66,Mobile Money,Failed,Kampala,iPhone,9,24,2,0
TXN003451,CUST01769,459559.62,Bank Transfer,Successful,Mbarara,Web,8,0,0,0
TXN003452,CUST01757,450004.82,Mobile Money,Successful,Jinja,Android,22,0,0,0
TXN003453,CUST01460,224356.36,Card,Successful,Mbale,iPhone,19,0,0,0
TXN003454,CUST01949,137569.11,Bank Transfer,Successful,Jinja,Android,18,0,0,0
TXN003455,CUST01446,196888.63,Card,Successful,Gulu,Android,21,12,1,0
TXN003456,CUST00554,194188.28,Card,Successful,Gulu,iPhone,14,0,0,0
TXN003457,CUST00021,143790.0,Card,Successful,Gulu,Android,8,0,0,0
TXN003458,CUST00554,134655.51,Mobile Money,Successful,Mbarara,iPhone,18,0,0,0
TXN003459,CUST00397,430600.94,Bank Transfer,Successful,Jinja,Web,7,0,0,0
TXN003460,CUST00625,35396.03,Card,Successful,Kampala,iPhone,21,0,0,0
TXN003461,CUST00105,338966.79,Mobile Money,Successful,Gulu,iPhone,3,0,0,0
TXN003462,CUST00192,86823.62,Card,Successful,Jinja,Android,4,0,0,0
TXN003463,CUST00017,172580.69,Mobile Money,Successful,Kampala,Android,18,0,0,0
TXN003464,CUST01144,31240.75,Bank Transfer,Failed,Jinja,Android,13,24,2,0
TXN003465,CUST00393,135351.83,Bank Transfer,Successful,Mbarara,Android,17,0,0,0
TXN003466,CUST00425,384326.33,Bank Transfer,Successful,Gulu,Android,18,0,0,0
TXN003467,CUST00129,442565.15,Bank Transfer,Successful,Mbale,Android,5,12,1,0
TXN003468,CUST01154,111152.81,Card,Successful,Gulu,Android,4,12,1,0
TXN003469,CUST00572,232042.15,Mobile Money,Failed,Gulu,Android,10,24,2,0
TXN003470,CUST01584,235426.86,Bank Transfer,Failed,Mbarara,Android,23,24,2,0
TXN003471,CUST00029,436850.87,Card,Suspicious,Kampala,iPhone,4,64,2,1
TXN003472,CUST01121,381518.13,Bank Transfer,Successful,Gulu,Android,7,0,0,0
TXN003473,CUST01034,256782.07,Bank Transfer,Successful,Kampala,Android,4,12,1,0
TXN003474,CUST00242,335538.23,Bank Transfer,Successful,Kampala,iPhone,10,12,1,0
TXN003475,CUST01850,423753.85,Mobile Money,Successful,Mbarara,Web,12,12,1,0
TXN003476,CUST01980,5264.71,Mobile Money,Successful,Gulu,Web,5,0,0,0
TXN003477,CUST00232,201743.57,Mobile Money,Successful,Mbarara,iPhone,4,12,1,0
TXN003478,CUST00789,453667.96,Bank Transfer,Successful,Mbarara,Web,17,12,1,0
TXN003479,CUST01308,370286.36,Card,Successful,Mbale,Android,9,12,1,0
TXN003480,CUST00715,271649.27,Card,Successful,Mbarara,Android,15,0,0,0
TXN003481,CUST00759,265057.44,Card,Successful,Mbale,Android,21,12,1,0
TXN003482,CUST00802,174211.16,Bank Transfer,Failed,Kampala,Web,13,24,2,0
TXN003483,CUST00776,260500.01,Mobile Money,Successful,Kampala,iPhone,22,0,0,0
TXN003484,CUST01979,327863.91,Card,Successful,Jinja,Android,14,0,0,0
TXN003485,CUST00726,209472.34,Bank Transfer,Successful,Jinja,iPhone,2,0,0,0
TXN003486,CUST00200,357219.5,Bank Transfer,Successful,Kampala,iPhone,2,0,0,0
TXN003487,CUST00945,430685.5,Card,Successful,Gulu,Android,11,0,0,0
TXN003488,CUST00079,77765.08,Card,Successful,Jinja,iPhone,22,12,1,0
TXN003489,CUST01937,226047.74,Bank Transfer,Successful,Mbarara,iPhone,14,0,0,0
TXN003490,CUST00956,204306.04,Card,Successful,Jinja,Android,10,0,0,0
TXN003491,CUST01879,343888.67,Bank Transfer,Successful,Kampala,iPhone,9,0,0,0
TXN003492,CUST00856,125308.8,Card,Successful,Gulu,Web,19,12,1,0
TXN003493,CUST01197,320305.33,Mobile Money,Successful,Kampala,Android,14,12,1,0
TXN003494,CUST00467,438805.88,Bank Transfer,Successful,Gulu,Android,17,0,0,0
TXN003495,CUST00581,209356.73,Mobile Money,Successful,Jinja,Android,13,12,1,0
TXN003496,CUST01440,455552.34,Card,Successful,Mbarara,Android,5,12,1,0
TXN003497,CUST00940,496585.29,Bank Transfer,Successful,Mbarara,Android,13,0,0,0
TXN003498,CUST00449,53492.98,Card,Successful,Kampala,Android,15,0,0,0
TXN003499,CUST00087,116910.07,Bank Transfer,Successful,Gulu,Android,1,0,0,0
TXN003500,CUST00101,475214.69,Card,Successful,Jinja,Web,18,0,0,0
TXN003501,CUST01032,479184.68,Mobile Money,Suspicious,Gulu,iPhone,4,52,1,1
TXN003502,CUST00845,49304.78,Mobile Money,Successful,Gulu,Web,10,0,0,0
TXN003503,CUST01224,7991.75,Card,Successful,Gulu,iPhone,10,0,0,0
TXN003504,CUST01529,80969.46,Mobile Money,Successful,Jinja,Android,20,0,0,0
TXN003505,CUST00087,498008.39,Mobile Money,Successful,Gulu,Web,18,0,0,0
TXN003506,CUST00043,90409.81,Card,Failed,Mbarara,Android,17,24,2,0
TXN003507,CUST01409,251522.53,Bank Transfer,Successful,Kampala,iPhone,7,0,0,0
TXN003508,CUST01645,424284.65,Card,Successful,Mbale,Web,22,12,1,0
TXN003509,CUST01459,10690.6,Bank Transfer,Successful,Gulu,Web,11,0,0,0
TXN003510,CUST00408,302442.25,Mobile Money,Successful,Mbarara,iPhone,8,0,0,0
TXN003511,CUST01507,138874.21,Mobile Money,Successful,Mbarara,iPhone,2,0,0,0
TXN003512,CUST00664,431236.29,Mobile Money,Failed,Kampala,Web,5,24,2,0
TXN003513,CUST01041,142088.84,Mobile Money,Successful,Kampala,Web,20,0,0,0
TXN003514,CUST01669,343534.48,Mobile Money,Successful,Mbale,Web,20,0,0,0
TXN003515,CUST00148,337272.71,Bank Transfer,Successful,Mbale,iPhone,23,0,0,0
TXN003516,CUST00277,111136.03,Bank Transfer,Successful,Mbale,Android,0,12,1,0
TXN003517,CUST00232,17882.2,Bank Transfer,Successful,Jinja,Web,16,0,0,0
TXN003518,CUST01850,204920.16,Card,Successful,Jinja,iPhone,2,0,0,0
TXN003519,CUST01951,144951.98,Mobile Money,Successful,Mbarara,Web,17,0,0,0
TXN003520,CUST00366,404584.39,Mobile Money,Successful,Kampala,iPhone,17,0,0,0
TXN003521,CUST01252,400281.91,Mobile Money,Suspicious,Gulu,Web,1,40,0,1
TXN003522,CUST01675,228783.46,Card,Successful,Kampala,iPhone,3,12,1,0
TXN003523,CUST00436,303452.86,Card,Successful,Jinja,iPhone,0,12,1,0
TXN003524,CUST00399,302327.63,Card,Successful,Mbarara,Web,9,12,1,0
TXN003525,CUST01235,413665.5,Mobile Money,Suspicious,Gulu,iPhone,4,52,1,1
TXN003526,CUST01415,212788.71,Bank Transfer,Successful,Mbale,iPhone,4,0,0,0
TXN003527,CUST00499,138085.62,Card,Successful,Mbale,iPhone,8,12,1,0
TXN003528,CUST00540,132884.94,Card,Successful,Jinja,iPhone,13,12,1,0
TXN003529,CUST00563,268328.04,Bank Transfer,Successful,Mbarara,iPhone,20,12,1,0
TXN003530,CUST01515,224849.53,Card,Successful,Kampala,iPhone,12,0,0,0
TXN003531,CUST00442,220340.33,Bank Transfer,Successful,Jinja,iPhone,12,0,0,0
TXN003532,CUST01285,46023.1,Mobile Money,Successful,Kampala,iPhone,23,0,0,0
TXN003533,CUST00773,359442.57,Bank Transfer,Successful,Gulu,Web,0,12,1,0
TXN003534,CUST00350,107261.48,Bank Transfer,Successful,Kampala,iPhone,16,0,0,0
TXN003535,CUST01376,98878.34,Mobile Money,Successful,Gulu,Android,19,12,1,0
TXN003536,CUST00520,206672.78,Card,Successful,Mbarara,Web,7,0,0,0
TXN003537,CUST01344,114275.28,Mobile Money,Successful,Jinja,Web,2,0,0,0
TXN003538,CUST00138,292137.2,Card,Successful,Kampala,Android,16,12,1,0
TXN003539,CUST01574,186045.94,Card,Failed,Mbarara,iPhone,11,24,2,0
TXN003540,CUST01647,224731.41,Bank Transfer,Successful,Mbarara,Android,17,12,1,0
TXN003541,CUST00992,268816.08,Mobile Money,Successful,Kampala,Android,13,0,0,0
TXN003542,CUST00368,102165.99,Bank Transfer,Successful,Mbale,Android,10,0,0,0
TXN003543,CUST01244,78297.94,Mobile Money,Successful,Mbale,Web,15,0,0,0
TXN003544,CUST01361,440270.74,Mobile Money,Suspicious,Gulu,iPhone,3,52,1,1
TXN003545,CUST01247,217144.99,Bank Transfer,Successful,Mbarara,Web,17,12,1,0
TXN003546,CUST01672,206340.76,Card,Successful,Jinja,iPhone,6,0,0,0
TXN003547,CUST01792,18288.27,Card,Successful,Jinja,Android,10,0,0,0
TXN003548,CUST00360,249239.16,Mobile Money,Successful,Mbarara,Web,15,0,0,0
TXN003549,CUST00921,277307.78,Card,Failed,Mbale,iPhone,15,24,2,0
TXN003550,CUST00329,279641.02,Bank Transfer,Successful,Mbarara,iPhone,2,0,0,0
TXN003551,CUST00962,353662.07,Bank Transfer,Successful,Gulu,Android,22,0,0,0
TXN003552,CUST00463,89152.18,Bank Transfer,Successful,Mbarara,Web,23,0,0,0
TXN003553,CUST00946,126485.46,Mobile Money,Successful,Kampala,Web,8,12,1,0
TXN003554,CUST00963,405459.87,Mobile Money,Successful,Mbale,Web,7,0,0,0
TXN003555,CUST01585,473611.72,Card,Successful,Kampala,Web,6,12,1,0
TXN003556,CUST01828,68398.41,Bank Transfer,Successful,Kampala,Web,16,12,1,0
TXN003557,CUST01406,249075.95,Bank Transfer,Successful,Mbarara,Web,10,0,0,0
TXN003558,CUST00836,107481.04,Mobile Money,Successful,Mbarara,Web,3,0,0,0
TXN003559,CUST01614,30506.55,Mobile Money,Successful,Jinja,Android,3,12,1,0
TXN003560,CUST01641,163088.92,Mobile Money,Successful,Kampala,iPhone,4,0,0,0
TXN003561,CUST00169,72271.97,Bank Transfer,Successful,Mbarara,Android,7,0,0,0
TXN003562,CUST00217,355111.57,Bank Transfer,Successful,Jinja,iPhone,9,12,1,0
TXN003563,CUST00378,267095.84,Card,Successful,Kampala,iPhone,16,0,0,0
TXN003564,CUST00119,72345.32,Bank Transfer,Successful,Jinja,iPhone,5,0,0,0
TXN003565,CUST00190,5116.17,Card,Successful,Mbale,Web,8,0,0,0
TXN003566,CUST00767,404174.45,Card,Successful,Gulu,Web,9,0,0,0
TXN003567,CUST00370,88509.11,Bank Transfer,Successful,Kampala,iPhone,7,0,0,0
TXN003568,CUST01802,303305.21,Card,Successful,Mbarara,iPhone,14,0,0,0
TXN003569,CUST00149,168792.5,Card,Failed,Mbale,Web,17,24,2,0
TXN003570,CUST01700,292950.23,Mobile Money,Successful,Jinja,Web,22,12,1,0
TXN003571,CUST00652,158168.99,Bank Transfer,Successful,Gulu,iPhone,4,12,1,0
TXN003572,CUST01883,43926.31,Card,Successful,Kampala,iPhone,17,0,0,0
TXN003573,CUST01512,111863.53,Card,Successful,Gulu,Android,0,0,0,0
TXN003574,CUST00770,94435.25,Card,Successful,Mbale,Web,1,0,0,0
TXN003575,CUST00374,214295.67,Bank Transfer,Successful,Gulu,Web,9,12,1,0
TXN003576,CUST00781,329312.75,Mobile Money,Successful,Kampala,iPhone,5,0,0,0
TXN003577,CUST01717,132271.13,Mobile Money,Failed,Mbale,Android,23,24,2,0
TXN003578,CUST00160,6528.93,Bank Transfer,Successful,Jinja,Web,18,0,0,0
TXN003579,CUST00351,259709.21,Bank Transfer,Successful,Kampala,Android,20,12,1,0
TXN003580,CUST01936,303076.86,Bank Transfer,Successful,Gulu,Android,10,12,1,0
TXN003581,CUST01312,481453.81,Bank Transfer,Successful,Kampala,Web,17,0,0,0
TXN003582,CUST01312,294940.67,Mobile Money,Successful,Mbale,iPhone,15,12,1,0
TXN003583,CUST00892,235850.69,Card,Successful,Gulu,Android,7,12,1,0
TXN003584,CUST01250,286914.11,Card,Successful,Jinja,iPhone,3,12,1,0
TXN003585,CUST00523,463986.36,Bank Transfer,Successful,Mbarara,Web,10,0,0,0
TXN003586,CUST00522,414274.88,Bank Transfer,Successful,Jinja,Android,9,12,1,0
TXN003587,CUST00783,161827.88,Card,Failed,Kampala,iPhone,15,24,2,0
TXN003588,CUST00273,119008.55,Mobile Money,Successful,Mbarara,Android,11,12,1,0
TXN003589,CUST00936,131685.49,Bank Transfer,Successful,Mbale,Android,21,0,0,0
TXN003590,CUST01426,252458.31,Bank Transfer,Successful,Gulu,Android,2,12,1,0
TXN003591,CUST00183,372152.7,Mobile Money,Successful,Gulu,Web,10,0,0,0
TXN003592,CUST01993,251857.99,Mobile Money,Successful,Mbale,iPhone,23,0,0,0
TXN003593,CUST01689,34364.3,Mobile Money,Successful,Kampala,Android,15,0,0,0
TXN003594,CUST00488,361928.56,Bank Transfer,Successful,Jinja,iPhone,23,12,1,0
TXN003595,CUST01851,403082.08,Mobile Money,Suspicious,Mbarara,Web,2,40,0,1
TXN003596,CUST00846,145104.18,Bank Transfer,Successful,Mbale,Android,9,0,0,0
TXN003597,CUST00124,332230.81,Bank Transfer,Successful,Kampala,Android,20,12,1,0
TXN003598,CUST00985,213582.65,Mobile Money,Successful,Kampala,Android,15,0,0,0
TXN003599,CUST01650,444615.12,Card,Successful,Mbarara,iPhone,6,12,1,0
TXN003600,CUST00790,422690.17,Mobile Money,Failed,Mbale,iPhone,14,36,3,0
TXN003601,CUST00414,262953.28,Card,Successful,Jinja,Android,14,0,0,0
TXN003602,CUST01749,345907.02,Mobile Money,Successful,Jinja,iPhone,9,12,1,0
TXN003603,CUST01196,441733.18,Mobile Money,Suspicious,Mbale,iPhone,2,40,0,1
TXN003604,CUST01312,248110.65,Bank Transfer,Successful,Gulu,Android,5,0,0,0
TXN003605,CUST01459,156968.74,Bank Transfer,Successful,Jinja,Android,17,0,0,0
TXN003606,CUST00686,376956.24,Bank Transfer,Successful,Gulu,Android,21,12,1,0
TXN003607,CUST00113,110423.09,Bank Transfer,Successful,Mbale,Web,4,0,0,0
TXN003608,CUST00888,194571.31,Bank Transfer,Successful,Kampala,Android,15,0,0,0
TXN003609,CUST01941,432930.75,Bank Transfer,Successful,Mbale,Android,12,0,0,0
TXN003610,CUST00122,362348.96,Bank Transfer,Successful,Kampala,Android,2,0,0,0
TXN003611,CUST01568,202203.6,Card,Successful,Mbale,Android,14,0,0,0
TXN003612,CUST01246,107764.88,Card,Failed,Gulu,Android,22,24,2,0
TXN003613,CUST01655,178306.21,Bank Transfer,Successful,Gulu,Android,19,0,0,0
TXN003614,CUST00039,142410.02,Card,Successful,Mbale,Android,5,0,0,0
TXN003615,CUST00497,88456.6,Mobile Money,Successful,Kampala,Android,21,0,0,0
TXN003616,CUST00780,371794.79,Card,Successful,Mbale,Web,3,12,1,0
TXN003617,CUST01257,126408.91,Bank Transfer,Successful,Kampala,iPhone,14,0,0,0
TXN003618,CUST00943,227356.65,Card,Successful,Gulu,Web,17,12,1,0
TXN003619,CUST01554,193236.79,Mobile Money,Successful,Mbarara,Web,8,0,0,0
TXN003620,CUST00149,491047.65,Card,Successful,Jinja,Android,19,0,0,0
TXN003621,CUST01421,195850.58,Bank Transfer,Successful,Gulu,Android,3,0,0,0
TXN003622,CUST01022,40451.25,Mobile Money,Successful,Mbale,Android,15,0,0,0
TXN003623,CUST00661,45367.96,Mobile Money,Failed,Mbale,Android,17,24,2,0
TXN003624,CUST01662,295581.48,Card,Successful,Kampala,iPhone,4,12,1,0
TXN003625,CUST01928,299882.09,Mobile Money,Successful,Jinja,iPhone,12,0,0,0
TXN003626,CUST00302,209670.12,Mobile Money,Successful,Gulu,Web,5,12,1,0
TXN003627,CUST01384,216205.92,Mobile Money,Successful,Jinja,iPhone,21,0,0,0
TXN003628,CUST00238,27439.33,Bank Transfer,Successful,Jinja,Web,18,12,1,0
TXN003629,CUST00647,258514.98,Mobile Money,Successful,Gulu,Android,11,0,0,0
TXN003630,CUST00663,252617.37,Card,Successful,Kampala,Web,14,0,0,0
TXN003631,CUST00236,75199.88,Card,Successful,Kampala,Web,8,0,0,0
TXN003632,CUST01760,52367.77,Mobile Money,Failed,Kampala,iPhone,6,24,2,0
TXN003633,CUST00203,62224.46,Card,Successful,Mbarara,Web,13,12,1,0
TXN003634,CUST00256,50963.61,Mobile Money,Successful,Jinja,Android,18,0,0,0
TXN003635,CUST00598,305049.24,Card,Successful,Mbarara,Android,19,12,1,0
TXN003636,CUST00662,98643.08,Mobile Money,Successful,Kampala,Android,15,0,0,0
TXN003637,CUST00235,126089.36,Mobile Money,Failed,Gulu,Android,22,24,2,0
TXN003638,CUST01369,87199.29,Mobile Money,Successful,Jinja,iPhone,23,12,1,0
TXN003639,CUST00534,478938.73,Bank Transfer,Successful,Gulu,Web,21,0,0,0
TXN003640,CUST00860,427381.42,Card,Suspicious,Mbale,Web,3,40,0,1
TXN003641,CUST01821,115632.17,Mobile Money,Successful,Jinja,Web,11,12,1,0
TXN003642,CUST01805,164119.36,Bank Transfer,Successful,Gulu,Web,17,12,1,0
TXN003643,CUST01490,105341.47,Bank Transfer,Successful,Kampala,Android,7,0,0,0
TXN003644,CUST00770,246192.04,Mobile Money,Successful,Mbarara,iPhone,16,0,0,0
TXN003645,CUST00541,10295.46,Mobile Money,Successful,Gulu,Web,23,0,0,0
TXN003646,CUST00213,335848.32,Mobile Money,Successful,Mbale,Web,2,0,0,0
TXN003647,CUST00463,261817.5,Mobile Money,Successful,Kampala,iPhone,3,0,0,0
TXN003648,CUST00436,449370.14,Mobile Money,Failed,Mbale,Web,9,24,2,0
TXN003649,CUST00283,82614.15,Card,Successful,Mbarara,iPhone,15,0,0,0
TXN003650,CUST01586,402152.57,Mobile Money,Successful,Mbale,Web,19,0,0,0
TXN003651,CUST01631,396084.53,Mobile Money,Successful,Gulu,iPhone,1,0,0,0
TXN003652,CUST01487,64027.0,Card,Successful,Gulu,Web,11,12,1,0
TXN003653,CUST01431,199580.33,Bank Transfer,Failed,Kampala,Android,15,24,2,0
TXN003654,CUST00088,85491.24,Card,Successful,Mbarara,Web,9,12,1,0
TXN003655,CUST01068,127732.89,Bank Transfer,Successful,Mbarara,Android,4,0,0,0
TXN003656,CUST00461,131991.46,Bank Transfer,Failed,Jinja,iPhone,11,24,2,0
TXN003657,CUST00278,278340.08,Card,Successful,Jinja,Android,2,12,1,0
TXN003658,CUST01707,205999.76,Mobile Money,Successful,Gulu,Web,11,12,1,0
TXN003659,CUST00421,473892.54,Bank Transfer,Suspicious,Mbale,Android,0,64,2,1
TXN003660,CUST01725,63621.89,Mobile Money,Successful,Mbale,Android,1,0,0,0
TXN003661,CUST01377,486859.22,Card,Successful,Kampala,Web,10,0,0,0
TXN003662,CUST00696,115704.0,Bank Transfer,Successful,Mbarara,iPhone,11,0,0,0
TXN003663,CUST00515,386550.53,Mobile Money,Successful,Gulu,Android,6,0,0,0
TXN003664,CUST00703,169815.48,Bank Transfer,Failed,Mbale,Web,0,24,2,0
TXN003665,CUST01654,71969.16,Bank Transfer,Successful,Jinja,Android,12,12,1,0
TXN003666,CUST00019,429015.65,Card,Successful,Gulu,iPhone,12,0,0,0
TXN003667,CUST00023,154776.02,Mobile Money,Successful,Kampala,iPhone,1,0,0,0
TXN003668,CUST00413,329598.27,Mobile Money,Successful,Gulu,iPhone,9,0,0,0
TXN003669,CUST01054,283438.62,Bank Transfer,Successful,Mbale,Android,22,0,0,0
TXN003670,CUST01831,236142.28,Mobile Money,Successful,Kampala,Web,0,0,0,0
TXN003671,CUST00108,248161.83,Bank Transfer,Successful,Jinja,iPhone,6,0,0,0
TXN003672,CUST01391,366252.84,Card,Successful,Jinja,Web,12,12,1,0
TXN003673,CUST01305,44342.57,Card,Successful,Mbale,iPhone,23,0,0,0
TXN003674,CUST01152,334256.24,Mobile Money,Failed,Kampala,Android,1,24,2,0
TXN003675,CUST01253,447958.14,Card,Successful,Jinja,Android,19,0,0,0
TXN003676,CUST01135,29365.2,Card,Successful,Kampala,iPhone,6,12,1,0
TXN003677,CUST00136,70756.34,Mobile Money,Successful,Gulu,Web,16,12,1,0
TXN003678,CUST00362,358457.65,Bank Transfer,Successful,Mbarara,Web,21,0,0,0
TXN003679,CUST01210,218922.18,Card,Successful,Mbarara,iPhone,4,12,1,0
TXN003680,CUST01680,202072.54,Mobile Money,Successful,Mbarara,Android,10,0,0,0
TXN003681,CUST01608,68914.83,Mobile Money,Successful,Jinja,Web,21,0,0,0
TXN003682,CUST00129,253631.64,Mobile Money,Successful,Mbale,Web,23,0,0,0
TXN003683,CUST01900,63709.38,Card,Successful,Mbarara,Android,10,0,0,0
TXN003684,CUST01285,238571.92,Card,Successful,Mbale,Web,10,12,1,0
TXN003685,CUST00515,381925.84,Bank Transfer,Successful,Mbarara,iPhone,16,0,0,0
TXN003686,CUST00449,129503.05,Bank Transfer,Successful,Gulu,Android,18,12,1,0
TXN003687,CUST01924,240652.69,Bank Transfer,Successful,Mbarara,iPhone,7,12,1,0
TXN003688,CUST01128,496011.98,Bank Transfer,Successful,Mbale,Android,19,0,0,0
TXN003689,CUST01507,343481.89,Bank Transfer,Successful,Jinja,iPhone,13,0,0,0
TXN003690,CUST01248,420757.71,Bank Transfer,Successful,Gulu,iPhone,9,12,1,0
TXN003691,CUST01856,207716.38,Mobile Money,Failed,Mbale,iPhone,6,24,2,0
TXN003692,CUST00874,384046.53,Bank Transfer,Successful,Kampala,Web,1,0,0,0
TXN003693,CUST01890,20734.33,Card,Successful,Mbarara,Web,16,0,0,0
TXN003694,CUST01515,61894.14,Bank Transfer,Successful,Gulu,iPhone,0,0,0,0
TXN003695,CUST00473,101933.76,Card,Successful,Jinja,iPhone,12,12,1,0
TXN003696,CUST01034,201274.99,Bank Transfer,Successful,Kampala,Android,18,0,0,0
TXN003697,CUST01429,422949.57,Mobile Money,Successful,Mbarara,Web,13,0,0,0
TXN003698,CUST01920,173459.89,Mobile Money,Successful,Gulu,iPhone,17,0,0,0
TXN003699,CUST00302,327483.29,Card,Successful,Mbale,Web,19,0,0,0
TXN003700,CUST00231,354802.49,Bank Transfer,Successful,Mbarara,Android,13,0,0,0
TXN003701,CUST01755,293298.09,Mobile Money,Successful,Gulu,iPhone,14,0,0,0
TXN003702,CUST00923,178942.36,Mobile Money,Successful,Mbarara,Web,13,12,1,0
TXN003703,CUST01090,288738.14,Bank Transfer,Failed,Gulu,Android,23,24,2,0
TXN003704,CUST00937,171461.66,Card,Successful,Mbale,iPhone,4,12,1,0
TXN003705,CUST00112,42394.93,Card,Successful,Mbarara,Web,15,0,0,0
TXN003706,CUST01037,496405.59,Card,Suspicious,Gulu,Android,4,40,0,1
TXN003707,CUST01417,64027.64,Mobile Money,Successful,Kampala,Android,21,0,0,0
TXN003708,CUST00500,36638.02,Bank Transfer,Successful,Jinja,Web,12,12,1,0
TXN003709,CUST00932,439326.11,Mobile Money,Successful,Gulu,iPhone,15,0,0,0
TXN003710,CUST00598,151266.41,Mobile Money,Successful,Gulu,Web,14,0,0,0
TXN003711,CUST00234,325323.34,Mobile Money,Successful,Gulu,Android,4,12,1,0
TXN003712,CUST00602,164838.36,Mobile Money,Successful,Mbarara,Android,20,0,0,0
TXN003713,CUST00314,196031.41,Bank Transfer,Successful,Jinja,iPhone,22,12,1,0
TXN003714,CUST00566,131425.43,Mobile Money,Failed,Mbarara,Web,5,24,2,0
TXN003715,CUST01036,171850.48,Mobile Money,Failed,Gulu,iPhone,12,24,2,0
TXN003716,CUST00209,205644.85,Card,Successful,Gulu,iPhone,15,0,0,0
TXN003717,CUST01998,360347.83,Mobile Money,Successful,Jinja,Android,9,12,1,0
TXN003718,CUST01038,256012.33,Bank Transfer,Successful,Kampala,Web,1,0,0,0
TXN003719,CUST01657,471810.83,Mobile Money,Successful,Mbarara,Web,12,12,1,0
TXN003720,CUST01442,21419.26,Bank Transfer,Successful,Kampala,Android,16,12,1,0
TXN003721,CUST01461,251782.63,Bank Transfer,Successful,Gulu,Android,0,12,1,0
TXN003722,CUST01401,292320.28,Bank Transfer,Successful,Gulu,Web,3,0,0,0
TXN003723,CUST01044,460138.39,Card,Successful,Mbale,iPhone,17,0,0,0
TXN003724,CUST00587,25054.68,Card,Successful,Mbale,iPhone,5,0,0,0
TXN003725,CUST01936,286963.04,Mobile Money,Successful,Kampala,Web,11,0,0,0
TXN003726,CUST01779,426888.15,Mobile Money,Successful,Mbale,iPhone,23,0,0,0
TXN003727,CUST01759,121342.9,Mobile Money,Successful,Jinja,iPhone,19,12,1,0
TXN003728,CUST01015,438208.03,Bank Transfer,Successful,Kampala,Android,12,0,0,0
TXN003729,CUST01094,10012.18,Bank Transfer,Successful,Mbale,iPhone,1,0,0,0
TXN003730,CUST01848,366361.09,Bank Transfer,Failed,Mbale,Android,16,24,2,0
TXN003731,CUST01235,466590.05,Mobile Money,Successful,Jinja,iPhone,22,0,0,0
TXN003732,CUST01125,328770.23,Mobile Money,Successful,Jinja,Web,9,0,0,0
TXN003733,CUST00698,219795.11,Mobile Money,Successful,Kampala,Android,18,0,0,0
TXN003734,CUST00132,22918.07,Mobile Money,Successful,Mbarara,Web,21,12,1,0
TXN003735,CUST01647,460096.85,Card,Suspicious,Jinja,Android,4,52,1,1
TXN003736,CUST01405,235412.96,Card,Successful,Mbale,iPhone,20,0,0,0
TXN003737,CUST01156,14983.87,Card,Successful,Kampala,Web,11,0,0,0
TXN003738,CUST01044,345065.63,Mobile Money,Successful,Mbarara,Android,17,0,0,0
TXN003739,CUST01930,241177.71,Card,Successful,Kampala,Web,8,0,0,0
TXN003740,CUST00536,62610.49,Card,Successful,Mbale,Web,10,0,0,0
TXN003741,CUST01014,107528.77,Mobile Money,Successful,Mbarara,iPhone,3,0,0,0
TXN003742,CUST00227,32713.09,Card,Successful,Mbarara,Android,9,12,1,0
TXN003743,CUST01178,287359.62,Mobile Money,Successful,Jinja,iPhone,0,0,0,0
TXN003744,CUST01829,311203.72,Mobile Money,Successful,Gulu,Web,1,0,0,0
TXN003745,CUST01766,253118.28,Mobile Money,Successful,Mbale,Android,8,0,0,0
TXN003746,CUST01493,408642.52,Bank Transfer,Successful,Gulu,Web,22,0,0,0
TXN003747,CUST00822,430573.91,Mobile Money,Successful,Mbale,Web,17,0,0,0
TXN003748,CUST00871,308004.39,Card,Successful,Kampala,Android,15,0,0,0
TXN003749,CUST00405,6871.86,Card,Successful,Gulu,Web,22,0,0,0
TXN003750,CUST00202,347767.21,Mobile Money,Successful,Mbarara,Android,13,12,1,0
TXN003751,CUST00038,209290.61,Bank Transfer,Successful,Jinja,Android,3,0,0,0
TXN003752,CUST00942,282995.96,Bank Transfer,Successful,Mbale,Android,1,0,0,0
TXN003753,CUST01796,324715.76,Bank Transfer,Successful,Jinja,Web,11,0,0,0
TXN003754,CUST00188,175443.19,Card,Successful,Mbale,iPhone,19,0,0,0
TXN003755,CUST01081,458590.7,Bank Transfer,Suspicious,Mbarara,Web,4,40,0,1
TXN003756,CUST00941,67420.45,Bank Transfer,Successful,Mbarara,Web,3,0,0,0
TXN003757,CUST01044,335920.15,Mobile Money,Successful,Mbarara,Android,14,12,1,0
TXN003758,CUST00273,2677.61,Bank Transfer,Successful,Mbarara,iPhone,2,12,1,0
TXN003759,CUST01143,462363.23,Bank Transfer,Successful,Mbarara,Android,21,0,0,0
TXN003760,CUST00583,56695.81,Bank Transfer,Successful,Jinja,Web,16,12,1,0
TXN003761,CUST00516,47894.67,Mobile Money,Successful,Kampala,iPhone,7,0,0,0
TXN003762,CUST01245,166837.31,Mobile Money,Successful,Gulu,Android,11,12,1,0
TXN003763,CUST00526,187096.36,Bank Transfer,Successful,Jinja,Web,20,12,1,0
TXN003764,CUST01539,107542.89,Card,Successful,Gulu,Web,7,0,0,0
TXN003765,CUST01752,292768.27,Card,Successful,Kampala,iPhone,19,0,0,0
TXN003766,CUST01765,221735.59,Mobile Money,Successful,Mbale,Web,19,0,0,0
TXN003767,CUST00336,17570.71,Bank Transfer,Successful,Kampala,Web,4,0,0,0
TXN003768,CUST00698,160166.21,Card,Successful,Kampala,Web,20,12,1,0
TXN003769,CUST01079,405311.24,Bank Transfer,Successful,Mbale,Web,5,0,0,0
TXN003770,CUST00500,345005.92,Mobile Money,Successful,Gulu,iPhone,4,0,0,0
TXN003771,CUST00900,362572.99,Card,Successful,Mbarara,Web,20,0,0,0
TXN003772,CUST01912,349209.4,Mobile Money,Successful,Mbale,Web,7,0,0,0
TXN003773,CUST00766,155831.02,Bank Transfer,Successful,Mbale,Web,21,0,0,0
TXN003774,CUST00536,50282.13,Mobile Money,Successful,Kampala,iPhone,17,0,0,0
TXN003775,CUST00162,136597.36,Mobile Money,Failed,Mbale,iPhone,3,24,2,0
TXN003776,CUST01694,415976.76,Mobile Money,Suspicious,Jinja,Android,3,40,0,1
TXN003777,CUST00594,490245.16,Mobile Money,Suspicious,Mbarara,iPhone,4,40,0,1
TXN003778,CUST01939,247176.58,Card,Successful,Kampala,Web,14,0,0,0
TXN003779,CUST00159,5345.33,Bank Transfer,Successful,Gulu,iPhone,5,12,1,0
TXN003780,CUST01212,70452.38,Card,Successful,Gulu,iPhone,20,0,0,0
TXN003781,CUST00060,161379.25,Bank Transfer,Successful,Gulu,iPhone,15,0,0,0
TXN003782,CUST00915,289503.38,Bank Transfer,Successful,Gulu,Web,13,0,0,0
TXN003783,CUST01841,38009.28,Bank Transfer,Successful,Gulu,Android,13,12,1,0
TXN003784,CUST01343,471706.97,Bank Transfer,Successful,Kampala,Android,15,0,0,0
TXN003785,CUST01902,182859.29,Bank Transfer,Successful,Jinja,Android,21,12,1,0
TXN003786,CUST00211,456335.82,Card,Failed,Jinja,Android,23,24,2,0
TXN003787,CUST00406,390370.64,Bank Transfer,Successful,Gulu,iPhone,3,0,0,0
TXN003788,CUST00664,377840.92,Mobile Money,Successful,Jinja,Android,10,0,0,0
TXN003789,CUST01133,303556.43,Card,Successful,Mbarara,iPhone,18,0,0,0
TXN003790,CUST01100,313578.52,Card,Successful,Jinja,iPhone,18,12,1,0
TXN003791,CUST00542,319182.62,Bank Transfer,Successful,Mbale,Android,7,12,1,0
TXN003792,CUST01338,314546.33,Mobile Money,Successful,Gulu,Web,9,0,0,0
TXN003793,CUST00998,277087.25,Mobile Money,Successful,Mbale,Android,4,12,1,0
TXN003794,CUST01141,493213.8,Bank Transfer,Successful,Mbale,Android,15,0,0,0
TXN003795,CUST00927,366279.14,Bank Transfer,Successful,Gulu,iPhone,2,12,1,0
TXN003796,CUST00868,388584.72,Mobile Money,Successful,Kampala,iPhone,9,12,1,0
TXN003797,CUST01728,436295.18,Card,Successful,Jinja,Android,23,0,0,0
TXN003798,CUST00019,108212.06,Card,Successful,Mbarara,Android,12,0,0,0
TXN003799,CUST00432,42360.18,Bank Transfer,Successful,Kampala,Web,6,0,0,0
TXN003800,CUST01709,241705.77,Card,Successful,Mbarara,Web,11,0,0,0
TXN003801,CUST00740,257283.31,Card,Successful,Gulu,Web,22,0,0,0
TXN003802,CUST01374,414676.3,Mobile Money,Successful,Jinja,iPhone,13,0,0,0
TXN003803,CUST00183,222169.9,Card,Successful,Kampala,Web,9,0,0,0
TXN003804,CUST00113,285641.09,Mobile Money,Successful,Gulu,iPhone,8,0,0,0
TXN003805,CUST01207,263771.93,Bank Transfer,Successful,Kampala,iPhone,11,0,0,0
TXN003806,CUST00481,19582.29,Bank Transfer,Successful,Mbale,Android,23,0,0,0
TXN003807,CUST01170,307799.84,Mobile Money,Successful,Jinja,Web,2,12,1,0
TXN003808,CUST00831,414107.62,Mobile Money,Successful,Jinja,Android,12,0,0,0
TXN003809,CUST01652,79171.52,Bank Transfer,Successful,Gulu,Android,5,0,0,0
TXN003810,CUST01137,297368.7,Mobile Money,Successful,Gulu,iPhone,5,12,1,0
TXN003811,CUST00763,297008.47,Bank Transfer,Successful,Gulu,Web,20,12,1,0
TXN003812,CUST00476,82510.39,Bank Transfer,Successful,Jinja,Android,18,0,0,0
TXN003813,CUST00763,62170.06,Bank Transfer,Failed,Mbale,iPhone,6,24,2,0
TXN003814,CUST01327,490035.95,Bank Transfer,Suspicious,Jinja,Android,3,52,1,1
TXN003815,CUST00971,197162.73,Bank Transfer,Successful,Gulu,Web,21,0,0,0
TXN003816,CUST01849,114097.15,Bank Transfer,Successful,Mbarara,iPhone,4,0,0,0
TXN003817,CUST01020,86076.61,Card,Successful,Mbale,Web,0,0,0,0
TXN003818,CUST01142,333967.06,Card,Successful,Jinja,Android,17,12,1,0
TXN003819,CUST01837,304917.93,Bank Transfer,Successful,Mbarara,iPhone,16,0,0,0
TXN003820,CUST00161,321954.29,Card,Successful,Mbale,Android,8,0,0,0
TXN003821,CUST00401,44459.01,Mobile Money,Successful,Jinja,Android,8,0,0,0
TXN003822,CUST00198,446820.52,Mobile Money,Successful,Gulu,Web,20,0,0,0
TXN003823,CUST01284,194938.57,Bank Transfer,Successful,Jinja,iPhone,23,0,0,0
TXN003824,CUST00660,157028.02,Card,Successful,Mbale,Android,9,0,0,0
TXN003825,CUST01776,231449.54,Mobile Money,Successful,Gulu,Web,19,12,1,0
TXN003826,CUST01071,195338.0,Mobile Money,Successful,Kampala,Web,16,0,0,0
TXN003827,CUST00399,431856.71,Mobile Money,Successful,Mbarara,iPhone,12,12,1,0
TXN003828,CUST01734,464665.86,Mobile Money,Suspicious,Gulu,Android,3,40,0,1
TXN003829,CUST01583,152074.88,Card,Successful,Gulu,iPhone,22,0,0,0
TXN003830,CUST00078,432035.94,Mobile Money,Successful,Mbale,iPhone,17,12,1,0
TXN003831,CUST00124,390870.8,Mobile Money,Successful,Mbale,Android,17,0,0,0
TXN003832,CUST00075,465438.43,Mobile Money,Successful,Mbarara,iPhone,21,0,0,0
TXN003833,CUST01895,123252.28,Bank Transfer,Successful,Mbale,iPhone,8,12,1,0
TXN003834,CUST00137,288691.1,Mobile Money,Successful,Gulu,iPhone,2,12,1,0
TXN003835,CUST00602,137635.02,Mobile Money,Successful,Mbarara,Web,6,0,0,0
TXN003836,CUST01424,412135.2,Card,Successful,Mbarara,Android,14,12,1,0
TXN003837,CUST00837,3159.43,Mobile Money,Successful,Jinja,iPhone,8,0,0,0
TXN003838,CUST01529,282627.17,Mobile Money,Successful,Gulu,Web,8,0,0,0
TXN003839,CUST00500,169932.11,Mobile Money,Successful,Gulu,Web,3,0,0,0
TXN003840,CUST01597,161680.51,Bank Transfer,Successful,Mbale,iPhone,17,12,1,0
TXN003841,CUST00138,322630.71,Card,Successful,Gulu,Android,16,0,0,0
TXN003842,CUST00050,425816.48,Card,Successful,Mbale,Web,21,0,0,0
TXN003843,CUST01795,304793.1,Bank Transfer,Successful,Gulu,iPhone,20,12,1,0
TXN003844,CUST00973,426659.9,Bank Transfer,Successful,Jinja,Android,5,12,1,0
TXN003845,CUST01643,132666.26,Card,Successful,Gulu,Android,6,12,1,0
TXN003846,CUST01649,259991.18,Mobile Money,Successful,Jinja,iPhone,9,0,0,0
TXN003847,CUST01886,225543.0,Card,Successful,Gulu,Web,9,0,0,0
TXN003848,CUST00254,6316.63,Bank Transfer,Successful,Gulu,Android,5,0,0,0
TXN003849,CUST01654,278627.67,Mobile Money,Successful,Kampala,Android,5,12,1,0
TXN003850,CUST00710,330931.4,Card,Failed,Gulu,Android,18,24,2,0
TXN003851,CUST01873,296161.25,Mobile Money,Successful,Jinja,Android,7,0,0,0
TXN003852,CUST01901,368271.81,Mobile Money,Successful,Mbarara,Web,8,12,1,0
TXN003853,CUST00563,285884.09,Bank Transfer,Successful,Jinja,Web,0,12,1,0
TXN003854,CUST00757,33841.75,Card,Failed,Gulu,iPhone,15,24,2,0
TXN003855,CUST01939,58664.54,Bank Transfer,Successful,Mbale,iPhone,5,12,1,0
TXN003856,CUST01450,298439.05,Card,Successful,Kampala,Web,22,0,0,0
TXN003857,CUST00547,137852.11,Card,Failed,Mbale,iPhone,7,24,2,0
TXN003858,CUST01326,40282.74,Mobile Money,Successful,Kampala,Android,14,12,1,0
TXN003859,CUST00922,215086.57,Mobile Money,Successful,Kampala,Web,11,0,0,0
TXN003860,CUST00581,277384.14,Mobile Money,Successful,Mbale,Android,9,0,0,0
TXN003861,CUST01373,164708.62,Bank Transfer,Failed,Gulu,Web,15,24,2,0
TXN003862,CUST01856,360356.63,Mobile Money,Failed,Jinja,Web,14,24,2,0
TXN003863,CUST01957,322063.42,Bank Transfer,Successful,Mbale,iPhone,10,12,1,0
TXN003864,CUST00049,166742.77,Mobile Money,Successful,Mbarara,Web,23,0,0,0
TXN003865,CUST00917,377558.83,Bank Transfer,Successful,Kampala,iPhone,6,0,0,0
TXN003866,CUST01098,324523.17,Card,Successful,Jinja,Web,7,0,0,0
TXN003867,CUST00704,318903.97,Bank Transfer,Failed,Mbarara,Android,10,24,2,0
TXN003868,CUST00261,276937.14,Bank Transfer,Successful,Jinja,Android,8,12,1,0
TXN003869,CUST00356,6189.14,Bank Transfer,Successful,Gulu,Android,6,0,0,0
TXN003870,CUST01606,348405.34,Card,Successful,Mbarara,Android,14,12,1,0
TXN003871,CUST01626,188332.87,Bank Transfer,Successful,Mbale,Android,14,0,0,0
TXN003872,CUST01284,471333.55,Card,Successful,Jinja,Android,15,0,0,0
TXN003873,CUST00638,409083.39,Mobile Money,Suspicious,Mbale,Web,2,40,0,1
TXN003874,CUST00743,294053.39,Mobile Money,Successful,Mbale,iPhone,15,12,1,0
TXN003875,CUST01319,126464.9,Card,Successful,Jinja,Web,14,12,1,0
TXN003876,CUST01010,102256.84,Bank Transfer,Successful,Jinja,Android,0,0,0,0
TXN003877,CUST00931,170522.23,Mobile Money,Failed,Kampala,Android,13,24,2,0
TXN003878,CUST00641,238545.69,Bank Transfer,Successful,Kampala,Web,23,0,0,0
TXN003879,CUST00792,148384.72,Bank Transfer,Successful,Mbarara,iPhone,21,12,1,0
TXN003880,CUST01337,257707.28,Card,Successful,Mbarara,iPhone,10,0,0,0
TXN003881,CUST00612,83102.53,Mobile Money,Successful,Mbarara,iPhone,2,0,0,0
TXN003882,CUST01862,488867.55,Card,Successful,Kampala,iPhone,8,0,0,0
TXN003883,CUST00809,54408.32,Card,Successful,Mbale,Android,5,0,0,0
TXN003884,CUST01206,466006.1,Card,Successful,Gulu,Android,22,0,0,0
TXN003885,CUST00686,456832.22,Card,Successful,Gulu,iPhone,15,0,0,0
TXN003886,CUST01852,262917.56,Bank Transfer,Successful,Jinja,Web,10,0,0,0
TXN003887,CUST01388,362592.68,Mobile Money,Successful,Kampala,Web,17,12,1,0
TXN003888,CUST00188,218306.12,Mobile Money,Successful,Jinja,Android,16,0,0,0
TXN003889,CUST01593,315202.27,Mobile Money,Successful,Gulu,Web,16,0,0,0
TXN003890,CUST01567,170617.68,Bank Transfer,Successful,Jinja,Android,2,12,1,0
TXN003891,CUST01620,150928.93,Bank Transfer,Successful,Kampala,Android,18,12,1,0
TXN003892,CUST01688,289325.78,Card,Successful,Kampala,iPhone,23,0,0,0
TXN003893,CUST00985,249315.77,Card,Successful,Kampala,iPhone,22,0,0,0
TXN003894,CUST00548,289978.42,Card,Successful,Gulu,iPhone,14,12,1,0
TXN003895,CUST00725,143686.96,Card,Successful,Kampala,iPhone,9,12,1,0
TXN003896,CUST00926,183795.44,Mobile Money,Successful,Mbarara,iPhone,7,0,0,0
TXN003897,CUST01432,42407.03,Card,Successful,Mbarara,iPhone,16,0,0,0
TXN003898,CUST00876,26612.05,Bank Transfer,Successful,Kampala,Web,3,0,0,0
TXN003899,CUST00618,127101.84,Bank Transfer,Successful,Mbarara,iPhone,7,0,0,0
TXN003900,CUST00414,37586.31,Bank Transfer,Successful,Kampala,iPhone,1,0,0,0
TXN003901,CUST01366,52335.47,Card,Successful,Gulu,Android,22,0,0,0
TXN003902,CUST01244,406557.74,Mobile Money,Successful,Mbarara,Android,7,0,0,0
TXN003903,CUST00903,19917.41,Mobile Money,Successful,Gulu,iPhone,6,12,1,0
TXN003904,CUST00163,329641.93,Card,Successful,Mbarara,Android,8,0,0,0
TXN003905,CUST01975,136642.6,Card,Successful,Mbale,Web,17,0,0,0
TXN003906,CUST01244,435837.07,Bank Transfer,Successful,Mbale,Web,16,0,0,0
TXN003907,CUST00270,242753.65,Bank Transfer,Successful,Gulu,Web,0,0,0,0
TXN003908,CUST00632,153135.44,Mobile Money,Successful,Mbarara,Web,11,0,0,0
TXN003909,CUST00906,259060.65,Bank Transfer,Successful,Mbale,iPhone,3,0,0,0
TXN003910,CUST01872,191288.03,Bank Transfer,Failed,Kampala,Web,16,24,2,0
TXN003911,CUST01424,282368.38,Card,Successful,Jinja,Web,6,12,1,0
TXN003912,CUST01206,57709.17,Mobile Money,Successful,Mbale,Web,23,0,0,0
TXN003913,CUST01642,498496.76,Card,Suspicious,Mbale,Web,2,52,1,1
TXN003914,CUST01753,213065.16,Mobile Money,Successful,Kampala,Android,0,12,1,0
TXN003915,CUST00205,174441.2,Card,Successful,Mbale,Web,18,12,1,0
TXN003916,CUST00582,355249.82,Mobile Money,Successful,Mbale,Web,1,12,1,0
TXN003917,CUST01580,182267.75,Bank Transfer,Successful,Mbale,Android,5,0,0,0
TXN003918,CUST00841,416720.52,Mobile Money,Failed,Mbarara,Android,10,24,2,0
TXN003919,CUST01837,227408.23,Mobile Money,Successful,Mbale,iPhone,22,0,0,0
TXN003920,CUST01252,359919.43,Card,Successful,Jinja,Android,20,0,0,0
TXN003921,CUST01720,54172.88,Mobile Money,Successful,Mbarara,Android,3,0,0,0
TXN003922,CUST01643,423136.53,Mobile Money,Suspicious,Mbarara,Android,0,40,0,1
TXN003923,CUST00596,367991.13,Mobile Money,Failed,Gulu,Web,10,24,2,0
TXN003924,CUST01874,106252.53,Card,Successful,Mbale,iPhone,15,0,0,0
TXN003925,CUST00250,73070.36,Mobile Money,Successful,Jinja,iPhone,5,0,0,0
TXN003926,CUST00875,158488.03,Card,Failed,Jinja,Web,10,24,2,0
TXN003927,CUST01465,488047.26,Bank Transfer,Successful,Gulu,iPhone,7,12,1,0
TXN003928,CUST01557,128787.37,Card,Successful,Jinja,Web,19,0,0,0
TXN003929,CUST00196,228335.54,Mobile Money,Successful,Mbarara,Android,0,12,1,0
TXN003930,CUST00690,15495.1,Bank Transfer,Successful,Kampala,Web,13,12,1,0
TXN003931,CUST01953,198915.15,Mobile Money,Successful,Mbarara,Web,20,0,0,0
TXN003932,CUST01543,285874.35,Card,Successful,Kampala,Android,20,0,0,0
TXN003933,CUST01094,476585.74,Bank Transfer,Suspicious,Jinja,Android,1,40,0,1
TXN003934,CUST00639,258609.65,Bank Transfer,Successful,Mbale,iPhone,5,0,0,0
TXN003935,CUST01423,409644.11,Bank Transfer,Successful,Kampala,Web,8,0,0,0
TXN003936,CUST00672,273790.26,Mobile Money,Successful,Mbarara,Android,13,0,0,0
TXN003937,CUST01784,20872.11,Bank Transfer,Successful,Mbarara,iPhone,21,0,0,0
TXN003938,CUST01227,157846.63,Bank Transfer,Successful,Mbarara,Web,7,0,0,0
TXN003939,CUST01172,287986.98,Bank Transfer,Successful,Mbarara,Android,2,0,0,0
TXN003940,CUST01496,475321.69,Bank Transfer,Successful,Gulu,Android,9,0,0,0
TXN003941,CUST01679,429635.61,Card,Successful,Jinja,Web,17,0,0,0
TXN003942,CUST00944,114563.63,Mobile Money,Successful,Mbale,Android,19,12,1,0
TXN003943,CUST00199,110444.86,Mobile Money,Successful,Gulu,Web,8,12,1,0
TXN003944,CUST01941,100985.9,Bank Transfer,Successful,Jinja,Web,8,12,1,0
TXN003945,CUST01450,461288.2,Card,Successful,Kampala,Web,18,0,0,0
TXN003946,CUST01690,426406.74,Bank Transfer,Successful,Gulu,Android,12,0,0,0
TXN003947,CUST00492,387554.27,Mobile Money,Successful,Gulu,Android,0,0,0,0
TXN003948,CUST01912,196671.19,Mobile Money,Successful,Gulu,Web,16,0,0,0
TXN003949,CUST00896,252438.16,Mobile Money,Failed,Gulu,iPhone,3,36,3,0
TXN003950,CUST00142,232433.71,Bank Transfer,Successful,Kampala,Web,3,12,1,0
TXN003951,CUST01337,127072.35,Bank Transfer,Failed,Mbarara,Web,15,24,2,0
TXN003952,CUST00165,252761.51,Card,Successful,Gulu,Web,15,12,1,0
TXN003953,CUST00314,15733.03,Card,Successful,Jinja,iPhone,14,0,0,0
TXN003954,CUST00021,66339.28,Mobile Money,Successful,Mbarara,Android,5,12,1,0
TXN003955,CUST01106,443351.5,Mobile Money,Suspicious,Kampala,Android,4,64,2,1
TXN003956,CUST01605,375964.04,Card,Successful,Mbale,Web,21,0,0,0
TXN003957,CUST01155,211722.77,Mobile Money,Successful,Kampala,Web,9,0,0,0
TXN003958,CUST01623,258816.61,Card,Successful,Mbale,Android,6,12,1,0
TXN003959,CUST01754,185314.44,Bank Transfer,Successful,Jinja,Web,6,12,1,0
TXN003960,CUST01957,370519.54,Mobile Money,Successful,Mbale,Android,9,12,1,0
TXN003961,CUST00984,392201.5,Mobile Money,Successful,Gulu,iPhone,9,0,0,0
TXN003962,CUST00305,381760.95,Card,Successful,Mbarara,Web,14,0,0,0
TXN003963,CUST01939,361444.56,Bank Transfer,Successful,Mbarara,Android,5,0,0,0
TXN003964,CUST00371,102649.92,Mobile Money,Successful,Gulu,Android,23,0,0,0
TXN003965,CUST01881,169316.0,Mobile Money,Successful,Mbarara,iPhone,1,12,1,0
TXN003966,CUST00853,235187.79,Card,Failed,Kampala,Web,7,24,2,0
TXN003967,CUST00384,165731.1,Bank Transfer,Successful,Gulu,iPhone,19,0,0,0
TXN003968,CUST01932,377592.63,Card,Successful,Gulu,Android,14,12,1,0
TXN003969,CUST00445,165012.09,Bank Transfer,Successful,Mbarara,Android,20,0,0,0
TXN003970,CUST00425,69546.93,Bank Transfer,Successful,Mbale,iPhone,20,0,0,0
TXN003971,CUST00161,199820.71,Card,Successful,Jinja,iPhone,17,0,0,0
TXN003972,CUST01202,489967.26,Card,Suspicious,Mbale,iPhone,4,40,0,1
TXN003973,CUST00629,113327.77,Bank Transfer,Successful,Kampala,Web,3,0,0,0
TXN003974,CUST01732,306273.25,Card,Successful,Gulu,Android,9,0,0,0
TXN003975,CUST00895,216770.04,Mobile Money,Successful,Gulu,Web,18,0,0,0
TXN003976,CUST00490,35976.77,Mobile Money,Successful,Kampala,Web,13,0,0,0
TXN003977,CUST01017,244194.36,Mobile Money,Successful,Jinja,iPhone,22,0,0,0
TXN003978,CUST00327,351231.08,Mobile Money,Successful,Gulu,Web,23,0,0,0
TXN003979,CUST00598,256853.38,Mobile Money,Successful,Mbale,Web,12,0,0,0
TXN003980,CUST01015,436116.98,Card,Successful,Kampala,iPhone,9,0,0,0
TXN003981,CUST00289,144824.04,Bank Transfer,Successful,Gulu,iPhone,21,12,1,0
TXN003982,CUST00593,43581.46,Card,Successful,Mbale,iPhone,5,12,1,0
TXN003983,CUST01688,468314.52,Mobile Money,Successful,Kampala,Android,12,12,1,0
TXN003984,CUST01597,189409.08,Mobile Money,Successful,Kampala,Android,20,12,1,0
TXN003985,CUST00573,288414.57,Card,Successful,Kampala,Web,10,0,0,0
TXN003986,CUST01378,396105.56,Card,Successful,Jinja,Web,21,0,0,0
TXN003987,CUST00028,162494.68,Bank Transfer,Successful,Kampala,Android,14,0,0,0
TXN003988,CUST00954,358224.19,Mobile Money,Successful,Mbarara,Web,1,12,1,0
TXN003989,CUST00043,68141.72,Card,Successful,Mbarara,iPhone,14,0,0,0
TXN003990,CUST01705,146001.23,Bank Transfer,Successful,Kampala,Android,18,0,0,0
TXN003991,CUST00423,72782.96,Mobile Money,Successful,Gulu,Web,16,0,0,0
TXN003992,CUST01622,405709.66,Mobile Money,Successful,Mbarara,Web,19,0,0,0
TXN003993,CUST00177,111713.29,Mobile Money,Successful,Mbale,Web,17,0,0,0
TXN003994,CUST00529,358843.08,Card,Successful,Mbale,Android,5,0,0,0
TXN003995,CUST01634,471677.55,Mobile Money,Successful,Gulu,Android,14,12,1,0
TXN003996,CUST00966,264122.22,Mobile Money,Successful,Mbale,Android,16,12,1,0
TXN003997,CUST01518,270244.58,Bank Transfer,Successful,Gulu,iPhone,23,0,0,0
TXN003998,CUST00198,230786.27,Card,Successful,Mbale,Web,21,0,0,0
TXN003999,CUST00610,163282.13,Bank Transfer,Successful,Kampala,Web,8,12,1,0
TXN004000,CUST01601,238089.69,Card,Successful,Mbale,iPhone,11,0,0,0
TXN004001,CUST00842,301602.36,Mobile Money,Successful,Kampala,Android,21,12,1,0
TXN004002,CUST00853,493002.79,Bank Transfer,Successful,Mbale,Android,22,12,1,0
TXN004003,CUST01541,468913.4,Card,Suspicious,Mbale,Android,4,64,2,1
TXN004004,CUST01538,431145.4,Card,Successful,Mbale,iPhone,13,12,1,0
TXN004005,CUST00022,444620.7,Mobile Money,Successful,Kampala,Web,23,0,0,0
TXN004006,CUST01136,234190.67,Mobile Money,Successful,Mbale,iPhone,7,12,1,0
TXN004007,CUST01081,328893.44,Bank Transfer,Successful,Mbale,Web,21,12,1,0
TXN004008,CUST01090,447585.83,Bank Transfer,Successful,Jinja,Web,16,0,0,0
TXN004009,CUST00842,196778.91,Card,Successful,Kampala,Web,8,0,0,0
TXN004010,CUST00098,480900.36,Bank Transfer,Suspicious,Mbarara,iPhone,2,40,0,1
TXN004011,CUST01168,208185.14,Mobile Money,Successful,Gulu,Android,6,12,1,0
TXN004012,CUST01904,300740.79,Bank Transfer,Successful,Jinja,Android,11,0,0,0
TXN004013,CUST00435,355047.45,Bank Transfer,Successful,Mbale,iPhone,2,0,0,0
TXN004014,CUST00637,475320.71,Card,Successful,Mbarara,Web,8,0,0,0
TXN004015,CUST01703,122685.83,Mobile Money,Successful,Mbarara,iPhone,13,0,0,0
TXN004016,CUST01110,373192.42,Card,Successful,Mbale,Android,22,0,0,0
TXN004017,CUST00588,260647.39,Mobile Money,Successful,Mbale,iPhone,22,12,1,0
TXN004018,CUST00344,134644.29,Mobile Money,Successful,Jinja,Web,22,12,1,0
TXN004019,CUST01960,388415.12,Card,Successful,Kampala,Android,17,0,0,0
TXN004020,CUST01318,276335.03,Bank Transfer,Successful,Jinja,Web,10,12,1,0
TXN004021,CUST01980,330656.42,Card,Successful,Kampala,iPhone,3,0,0,0
TXN004022,CUST00571,161789.08,Bank Transfer,Successful,Mbarara,Web,7,0,0,0
TXN004023,CUST01674,240896.34,Card,Successful,Gulu,iPhone,17,0,0,0
TXN004024,CUST00611,308868.45,Card,Successful,Mbale,Android,12,0,0,0
TXN004025,CUST01728,202752.95,Bank Transfer,Failed,Jinja,Android,3,24,2,0
TXN004026,CUST00243,99587.08,Bank Transfer,Successful,Mbarara,Android,9,0,0,0
TXN004027,CUST01855,480839.43,Bank Transfer,Successful,Jinja,Web,7,0,0,0
TXN004028,CUST00561,255978.04,Card,Successful,Kampala,iPhone,11,12,1,0
TXN004029,CUST00960,367093.22,Bank Transfer,Successful,Mbale,iPhone,18,0,0,0
TXN004030,CUST00032,205818.07,Bank Transfer,Successful,Kampala,iPhone,11,0,0,0
TXN004031,CUST00391,177888.32,Bank Transfer,Successful,Kampala,Web,21,0,0,0
TXN004032,CUST00277,203878.57,Mobile Money,Successful,Kampala,iPhone,1,12,1,0
TXN004033,CUST00532,204893.72,Bank Transfer,Successful,Mbarara,Android,23,0,0,0
TXN004034,CUST01178,272317.97,Bank Transfer,Successful,Mbale,iPhone,7,12,1,0
TXN004035,CUST00383,271963.2,Bank Transfer,Successful,Gulu,Web,12,12,1,0
TXN004036,CUST01092,248828.33,Mobile Money,Successful,Jinja,Android,0,0,0,0
TXN004037,CUST01902,67825.5,Mobile Money,Successful,Kampala,Android,2,0,0,0
TXN004038,CUST00884,248289.7,Bank Transfer,Failed,Mbale,Web,1,24,2,0
TXN004039,CUST00214,84967.4,Bank Transfer,Successful,Jinja,Android,22,0,0,0
TXN004040,CUST01679,63504.83,Bank Transfer,Successful,Mbale,iPhone,22,12,1,0
TXN004041,CUST00376,466356.54,Bank Transfer,Successful,Jinja,Web,19,0,0,0
TXN004042,CUST00744,302672.53,Mobile Money,Successful,Mbale,iPhone,7,0,0,0
TXN004043,CUST00213,329915.28,Bank Transfer,Successful,Gulu,Web,2,0,0,0
TXN004044,CUST00079,201195.94,Mobile Money,Successful,Mbale,Web,20,0,0,0
TXN004045,CUST01750,454535.96,Card,Successful,Mbale,Web,14,0,0,0
TXN004046,CUST00628,319146.28,Mobile Money,Failed,Kampala,iPhone,1,24,2,0
TXN004047,CUST00604,384700.35,Card,Successful,Kampala,Web,16,0,0,0
TXN004048,CUST00782,184596.95,Mobile Money,Successful,Kampala,Android,23,0,0,0
TXN004049,CUST01947,480025.93,Mobile Money,Successful,Mbale,iPhone,5,0,0,0
TXN004050,CUST01405,410320.41,Mobile Money,Suspicious,Gulu,Web,0,52,1,1
TXN004051,CUST01001,427047.26,Bank Transfer,Suspicious,Jinja,Web,3,40,0,1
TXN004052,CUST00680,86511.04,Mobile Money,Successful,Kampala,iPhone,18,12,1,0
TXN004053,CUST00058,135846.12,Bank Transfer,Successful,Mbarara,Android,6,0,0,0
TXN004054,CUST01820,143170.49,Mobile Money,Successful,Mbale,Android,22,0,0,0
TXN004055,CUST01050,135819.16,Mobile Money,Successful,Gulu,Web,21,0,0,0
TXN004056,CUST00881,427776.38,Card,Successful,Gulu,Web,13,0,0,0
TXN004057,CUST00447,16426.46,Mobile Money,Successful,Kampala,Android,13,0,0,0
TXN004058,CUST00066,38511.94,Bank Transfer,Successful,Kampala,Web,9,12,1,0
TXN004059,CUST01945,137320.48,Card,Successful,Mbarara,Android,23,12,1,0
TXN004060,CUST01784,100336.55,Card,Successful,Mbarara,Android,6,0,0,0
TXN004061,CUST01278,116313.88,Mobile Money,Successful,Kampala,Android,15,0,0,0
TXN004062,CUST01923,399072.62,Mobile Money,Successful,Jinja,Android,3,12,1,0
TXN004063,CUST01992,281781.73,Card,Successful,Kampala,Web,6,0,0,0
TXN004064,CUST01068,3382.45,Bank Transfer,Successful,Kampala,iPhone,14,0,0,0
TXN004065,CUST01121,214946.72,Mobile Money,Successful,Gulu,iPhone,16,12,1,0
TXN004066,CUST01578,204238.52,Card,Successful,Kampala,Android,2,0,0,0
TXN004067,CUST01012,57415.66,Bank Transfer,Failed,Kampala,Web,15,24,2,0
TXN004068,CUST00227,338232.82,Mobile Money,Successful,Kampala,iPhone,1,12,1,0
TXN004069,CUST00774,351197.55,Card,Successful,Jinja,iPhone,6,12,1,0
TXN004070,CUST00679,360586.16,Card,Successful,Gulu,Android,15,12,1,0
TXN004071,CUST01460,364371.24,Mobile Money,Failed,Mbale,Android,20,24,2,0
TXN004072,CUST01815,526.39,Bank Transfer,Failed,Mbale,Web,8,24,2,0
TXN004073,CUST00601,476983.44,Bank Transfer,Successful,Mbale,iPhone,11,0,0,0
TXN004074,CUST00379,407197.28,Card,Failed,Mbale,Android,23,24,2,0
TXN004075,CUST01202,452038.86,Bank Transfer,Suspicious,Gulu,Android,0,40,0,1
TXN004076,CUST01451,8313.83,Card,Successful,Kampala,Web,13,12,1,0
TXN004077,CUST01939,466962.47,Mobile Money,Successful,Mbale,Android,10,0,0,0
TXN004078,CUST00709,404989.37,Bank Transfer,Successful,Kampala,Android,17,0,0,0
TXN004079,CUST00307,418690.96,Mobile Money,Successful,Mbale,Android,21,0,0,0
TXN004080,CUST00779,47097.05,Card,Successful,Jinja,Android,4,12,1,0
TXN004081,CUST00504,369519.63,Mobile Money,Successful,Kampala,Android,14,0,0,0
TXN004082,CUST00268,479978.39,Bank Transfer,Successful,Gulu,Web,6,0,0,0
TXN004083,CUST01610,339434.4,Mobile Money,Successful,Jinja,Android,13,0,0,0
TXN004084,CUST00008,285495.42,Bank Transfer,Successful,Jinja,iPhone,19,12,1,0
TXN004085,CUST01944,472842.02,Bank Transfer,Failed,Gulu,Android,7,24,2,0
TXN004086,CUST00508,221747.09,Bank Transfer,Successful,Jinja,Android,3,12,1,0
TXN004087,CUST00476,299847.14,Bank Transfer,Successful,Kampala,iPhone,2,12,1,0
TXN004088,CUST01321,238430.98,Bank Transfer,Successful,Mbarara,iPhone,11,0,0,0
TXN004089,CUST00164,466456.69,Card,Successful,Mbarara,Android,17,12,1,0
TXN004090,CUST00485,38504.32,Mobile Money,Successful,Mbale,Web,23,0,0,0
TXN004091,CUST01621,250809.29,Card,Successful,Mbale,iPhone,14,0,0,0
TXN004092,CUST01096,343632.74,Mobile Money,Successful,Kampala,Web,10,0,0,0
TXN004093,CUST00567,396057.32,Mobile Money,Successful,Gulu,Android,23,0,0,0
TXN004094,CUST00905,291717.81,Mobile Money,Successful,Kampala,Android,10,0,0,0
TXN004095,CUST00559,454504.41,Card,Successful,Mbale,iPhone,11,12,1,0
TXN004096,CUST01935,471024.73,Bank Transfer,Successful,Jinja,iPhone,18,0,0,0
TXN004097,CUST01968,32627.45,Bank Transfer,Successful,Kampala,Web,16,12,1,0
TXN004098,CUST00238,201484.08,Card,Successful,Kampala,Android,5,0,0,0
TXN004099,CUST01128,12217.78,Bank Transfer,Successful,Gulu,iPhone,20,12,1,0
TXN004100,CUST01234,165043.62,Mobile Money,Successful,Mbale,iPhone,7,12,1,0
TXN004101,CUST00554,268665.67,Bank Transfer,Successful,Kampala,iPhone,14,0,0,0
TXN004102,CUST00828,455442.07,Bank Transfer,Successful,Jinja,Web,21,0,0,0
TXN004103,CUST00468,423353.88,Bank Transfer,Successful,Jinja,Android,19,12,1,0
TXN004104,CUST01478,64186.11,Mobile Money,Failed,Mbarara,iPhone,9,36,3,0
TXN004105,CUST01292,46968.67,Bank Transfer,Successful,Mbale,iPhone,14,12,1,0
TXN004106,CUST00386,294839.04,Bank Transfer,Successful,Jinja,iPhone,11,0,0,0
TXN004107,CUST00775,266292.93,Bank Transfer,Successful,Gulu,Android,10,0,0,0
TXN004108,CUST00848,133555.63,Card,Successful,Mbale,Web,17,0,0,0
TXN004109,CUST00387,449776.82,Card,Failed,Jinja,Web,23,24,2,0
TXN004110,CUST00877,463719.52,Bank Transfer,Suspicious,Kampala,Android,4,40,0,1
TXN004111,CUST00259,201604.41,Card,Successful,Mbale,Web,11,12,1,0
TXN004112,CUST00283,445206.13,Card,Failed,Jinja,Web,23,24,2,0
TXN004113,CUST01650,192282.47,Mobile Money,Successful,Kampala,iPhone,4,12,1,0
TXN004114,CUST01899,368540.01,Card,Successful,Mbarara,Web,21,12,1,0
TXN004115,CUST00040,238233.14,Card,Successful,Mbale,iPhone,9,12,1,0
TXN004116,CUST00486,61730.29,Bank Transfer,Successful,Mbale,Web,13,12,1,0
TXN004117,CUST00929,464003.13,Mobile Money,Successful,Jinja,iPhone,15,0,0,0
TXN004118,CUST00220,227321.25,Mobile Money,Successful,Mbarara,Android,4,12,1,0
TXN004119,CUST01153,367376.28,Mobile Money,Successful,Gulu,Android,10,0,0,0
TXN004120,CUST01015,183903.32,Card,Successful,Jinja,Web,18,0,0,0
TXN004121,CUST01024,9931.0,Bank Transfer,Successful,Jinja,iPhone,7,0,0,0
TXN004122,CUST01544,50714.91,Mobile Money,Successful,Gulu,Android,18,0,0,0
TXN004123,CUST00613,248361.63,Mobile Money,Successful,Gulu,Android,19,0,0,0
TXN004124,CUST00928,345137.2,Card,Successful,Gulu,Web,21,0,0,0
TXN004125,CUST01916,167700.3,Mobile Money,Successful,Gulu,iPhone,17,0,0,0
TXN004126,CUST00688,347896.49,Bank Transfer,Successful,Gulu,iPhone,22,0,0,0
TXN004127,CUST01643,349468.48,Mobile Money,Successful,Kampala,Android,20,0,0,0
TXN004128,CUST00613,352115.99,Bank Transfer,Successful,Kampala,Web,11,0,0,0
TXN004129,CUST00260,246514.67,Bank Transfer,Successful,Gulu,Android,12,0,0,0
TXN004130,CUST00990,457485.63,Bank Transfer,Successful,Mbarara,Android,20,12,1,0
TXN004131,CUST00966,244853.66,Card,Successful,Mbarara,Web,20,12,1,0
TXN004132,CUST00366,225407.46,Card,Successful,Gulu,Web,17,0,0,0
TXN004133,CUST01782,100090.72,Bank Transfer,Successful,Kampala,Web,14,0,0,0
TXN004134,CUST01811,154173.72,Bank Transfer,Successful,Mbarara,iPhone,14,0,0,0
TXN004135,CUST00544,21646.08,Mobile Money,Successful,Kampala,Web,11,0,0,0
TXN004136,CUST00649,316950.88,Mobile Money,Successful,Jinja,Web,8,0,0,0
TXN004137,CUST01548,124643.6,Mobile Money,Successful,Kampala,Android,18,12,1,0
TXN004138,CUST01931,152425.55,Card,Successful,Gulu,Web,11,0,0,0
TXN004139,CUST00814,385521.85,Mobile Money,Successful,Mbale,Web,22,12,1,0
TXN004140,CUST01911,163946.98,Bank Transfer,Successful,Gulu,Android,4,0,0,0
TXN004141,CUST01040,121476.85,Bank Transfer,Successful,Jinja,iPhone,20,0,0,0
TXN004142,CUST01153,84944.35,Card,Successful,Kampala,Web,19,12,1,0
TXN004143,CUST00575,387541.77,Card,Successful,Mbarara,Android,9,12,1,0
TXN004144,CUST01133,65288.28,Mobile Money,Successful,Gulu,iPhone,21,0,0,0
TXN004145,CUST01911,227150.0,Card,Successful,Mbarara,iPhone,6,0,0,0
TXN004146,CUST01013,253711.59,Bank Transfer,Failed,Kampala,Web,22,24,2,0
TXN004147,CUST01557,343851.26,Bank Transfer,Successful,Jinja,iPhone,10,0,0,0
TXN004148,CUST00670,316825.1,Card,Successful,Gulu,Web,7,0,0,0
TXN004149,CUST00269,405454.98,Bank Transfer,Successful,Mbarara,iPhone,20,12,1,0
TXN004150,CUST01186,22853.34,Card,Successful,Gulu,iPhone,6,12,1,0
TXN004151,CUST01284,148572.14,Bank Transfer,Successful,Gulu,iPhone,15,0,0,0
TXN004152,CUST00924,140426.99,Mobile Money,Successful,Mbarara,Web,15,12,1,0
TXN004153,CUST01126,73435.44,Card,Successful,Jinja,iPhone,13,0,0,0
TXN004154,CUST01530,144944.54,Card,Successful,Gulu,Android,14,12,1,0
TXN004155,CUST01759,155227.77,Card,Successful,Jinja,Android,19,12,1,0
TXN004156,CUST01595,261181.29,Bank Transfer,Successful,Jinja,iPhone,8,0,0,0
TXN004157,CUST00247,332020.39,Mobile Money,Failed,Kampala,Web,15,24,2,0
TXN004158,CUST01664,190859.71,Card,Successful,Mbarara,Android,15,0,0,0
TXN004159,CUST01819,359875.38,Bank Transfer,Successful,Kampala,iPhone,4,0,0,0
TXN004160,CUST01861,168414.59,Card,Successful,Mbale,Android,2,12,1,0
TXN004161,CUST01561,145496.7,Bank Transfer,Successful,Kampala,Android,20,12,1,0
TXN004162,CUST00131,270823.43,Mobile Money,Successful,Gulu,Android,12,0,0,0
TXN004163,CUST00353,12346.32,Bank Transfer,Successful,Gulu,Android,7,0,0,0
TXN004164,CUST00196,40354.67,Bank Transfer,Successful,Gulu,Android,16,0,0,0
TXN004165,CUST01817,209275.79,Card,Failed,Mbale,iPhone,4,24,2,0
TXN004166,CUST01940,471484.9,Bank Transfer,Successful,Jinja,Android,5,0,0,0
TXN004167,CUST00930,360895.13,Card,Successful,Gulu,iPhone,1,12,1,0
TXN004168,CUST01690,44519.22,Bank Transfer,Successful,Kampala,Android,21,0,0,0
TXN004169,CUST01406,423235.85,Mobile Money,Successful,Jinja,Web,13,0,0,0
TXN004170,CUST01022,366284.23,Bank Transfer,Successful,Kampala,iPhone,3,0,0,0
TXN004171,CUST00645,305667.79,Card,Successful,Kampala,Web,2,12,1,0
TXN004172,CUST00227,410236.33,Bank Transfer,Successful,Gulu,Web,8,12,1,0
TXN004173,CUST00701,202352.87,Bank Transfer,Successful,Kampala,Android,17,12,1,0
TXN004174,CUST01500,111139.77,Mobile Money,Successful,Mbale,Android,11,0,0,0
TXN004175,CUST01501,256255.68,Card,Successful,Jinja,Android,8,0,0,0
TXN004176,CUST00265,274646.46,Mobile Money,Successful,Gulu,Android,17,12,1,0
TXN004177,CUST01396,269394.02,Bank Transfer,Failed,Gulu,Android,12,24,2,0
TXN004178,CUST01510,282754.36,Mobile Money,Successful,Kampala,Web,13,12,1,0
TXN004179,CUST01458,474378.11,Bank Transfer,Failed,Kampala,Web,9,24,2,0
TXN004180,CUST00646,451171.69,Bank Transfer,Suspicious,Mbarara,Android,2,40,0,1
TXN004181,CUST00211,437920.66,Mobile Money,Successful,Mbarara,Android,6,12,1,0
TXN004182,CUST01596,400807.7,Mobile Money,Successful,Gulu,iPhone,17,0,0,0
TXN004183,CUST01964,471742.34,Bank Transfer,Successful,Gulu,iPhone,15,0,0,0
TXN004184,CUST01401,49698.07,Mobile Money,Successful,Kampala,Web,16,12,1,0
TXN004185,CUST01419,132929.07,Mobile Money,Successful,Mbale,Web,5,12,1,0
TXN004186,CUST01474,247780.44,Bank Transfer,Successful,Mbale,Web,11,12,1,0
TXN004187,CUST00943,423343.98,Card,Successful,Kampala,Android,18,12,1,0
TXN004188,CUST01388,252830.27,Mobile Money,Successful,Mbarara,Web,2,12,1,0
TXN004189,CUST01900,374143.35,Mobile Money,Successful,Mbarara,Web,2,12,1,0
TXN004190,CUST00457,69910.47,Card,Successful,Mbale,Web,17,0,0,0
TXN004191,CUST00725,126580.7,Mobile Money,Successful,Gulu,iPhone,10,0,0,0
TXN004192,CUST01752,366022.16,Bank Transfer,Failed,Kampala,Web,5,24,2,0
TXN004193,CUST01250,82784.64,Mobile Money,Failed,Gulu,Web,18,24,2,0
TXN004194,CUST00982,176002.29,Bank Transfer,Successful,Mbarara,iPhone,4,0,0,0
TXN004195,CUST01155,132800.7,Card,Successful,Mbale,Web,12,0,0,0
TXN004196,CUST00588,175255.92,Card,Successful,Gulu,Android,4,0,0,0
TXN004197,CUST00476,354307.86,Card,Successful,Mbarara,iPhone,2,12,1,0
TXN004198,CUST01822,184239.67,Mobile Money,Successful,Mbarara,Web,18,0,0,0
TXN004199,CUST00986,277854.03,Card,Failed,Mbarara,iPhone,16,24,2,0
TXN004200,CUST01301,50415.97,Mobile Money,Successful,Gulu,Web,21,0,0,0
TXN004201,CUST00156,402606.34,Mobile Money,Suspicious,Jinja,Web,2,52,1,1
TXN004202,CUST01784,185259.37,Mobile Money,Successful,Mbale,iPhone,14,12,1,0
TXN004203,CUST01242,324442.81,Card,Successful,Mbarara,Android,16,12,1,0
TXN004204,CUST00190,362832.11,Card,Successful,Gulu,iPhone,12,12,1,0
TXN004205,CUST01441,105225.63,Mobile Money,Successful,Kampala,Android,13,12,1,0
TXN004206,CUST00981,442395.15,Card,Successful,Mbale,Android,15,12,1,0
TXN004207,CUST01699,308304.01,Mobile Money,Successful,Kampala,iPhone,10,0,0,0
TXN004208,CUST01716,214648.21,Card,Successful,Kampala,Web,16,12,1,0
TXN004209,CUST00546,91576.42,Bank Transfer,Successful,Gulu,Android,4,0,0,0
TXN004210,CUST00041,471179.32,Card,Successful,Jinja,iPhone,20,0,0,0
TXN004211,CUST00307,377656.57,Card,Successful,Gulu,Web,14,0,0,0
TXN004212,CUST00943,104408.27,Card,Successful,Gulu,Web,17,0,0,0
TXN004213,CUST00338,169186.53,Mobile Money,Successful,Mbale,Web,15,0,0,0
TXN004214,CUST01338,404932.29,Mobile Money,Successful,Gulu,iPhone,13,12,1,0
TXN004215,CUST01099,347990.99,Bank Transfer,Successful,Mbale,iPhone,13,0,0,0
TXN004216,CUST00953,383009.25,Bank Transfer,Successful,Mbarara,Web,12,0,0,0
TXN004217,CUST00279,220879.95,Bank Transfer,Successful,Mbale,Web,0,12,1,0
TXN004218,CUST01200,358379.89,Mobile Money,Successful,Gulu,Web,5,0,0,0
TXN004219,CUST00896,193553.61,Bank Transfer,Successful,Mbarara,Web,22,0,0,0
TXN004220,CUST01686,106025.83,Bank Transfer,Successful,Mbarara,iPhone,10,0,0,0
TXN004221,CUST00273,316522.18,Card,Successful,Jinja,Web,10,0,0,0
TXN004222,CUST00837,488018.96,Bank Transfer,Successful,Gulu,Android,15,12,1,0
TXN004223,CUST00620,155645.19,Card,Failed,Kampala,Android,23,24,2,0
TXN004224,CUST01675,230754.31,Mobile Money,Successful,Gulu,iPhone,2,0,0,0
TXN004225,CUST00862,337163.68,Mobile Money,Successful,Kampala,Android,16,0,0,0
TXN004226,CUST01807,270982.39,Card,Successful,Jinja,Android,21,0,0,0
TXN004227,CUST01883,421792.18,Bank Transfer,Successful,Gulu,Android,13,0,0,0
TXN004228,CUST00931,380990.48,Mobile Money,Successful,Jinja,iPhone,1,12,1,0
TXN004229,CUST00289,29619.45,Card,Successful,Kampala,Android,8,12,1,0
TXN004230,CUST00724,499211.41,Mobile Money,Successful,Mbale,Web,7,12,1,0
TXN004231,CUST00893,376325.03,Mobile Money,Successful,Gulu,Android,10,12,1,0
TXN004232,CUST00272,432019.71,Bank Transfer,Successful,Mbarara,Android,6,0,0,0
TXN004233,CUST01954,325773.26,Mobile Money,Successful,Mbarara,Android,21,0,0,0
TXN004234,CUST01090,428214.42,Card,Suspicious,Jinja,Web,1,40,0,1
TXN004235,CUST00483,56635.3,Bank Transfer,Successful,Mbale,iPhone,3,0,0,0
TXN004236,CUST00936,174195.05,Card,Successful,Mbarara,iPhone,22,0,0,0
TXN004237,CUST00248,438272.26,Card,Successful,Mbarara,Android,13,0,0,0
TXN004238,CUST00156,101226.78,Card,Successful,Gulu,Web,12,0,0,0
TXN004239,CUST01071,39581.93,Bank Transfer,Successful,Mbarara,Android,21,12,1,0
TXN004240,CUST01959,394165.41,Mobile Money,Successful,Kampala,iPhone,12,12,1,0
TXN004241,CUST00454,417825.33,Card,Successful,Jinja,iPhone,12,12,1,0
TXN004242,CUST00201,81744.78,Mobile Money,Successful,Mbarara,Web,4,12,1,0
TXN004243,CUST01684,427245.82,Mobile Money,Successful,Gulu,Web,11,0,0,0
TXN004244,CUST00124,343540.51,Card,Failed,Kampala,iPhone,5,24,2,0
TXN004245,CUST00001,260281.3,Mobile Money,Successful,Mbarara,iPhone,21,12,1,0
TXN004246,CUST00968,415209.97,Bank Transfer,Successful,Jinja,iPhone,13,0,0,0
TXN004247,CUST01783,209915.0,Bank Transfer,Successful,Jinja,Android,7,12,1,0
TXN004248,CUST00855,97399.98,Mobile Money,Successful,Jinja,iPhone,23,0,0,0
TXN004249,CUST00640,142783.91,Mobile Money,Successful,Mbarara,iPhone,21,0,0,0
TXN004250,CUST00191,252829.43,Bank Transfer,Successful,Kampala,Web,7,0,0,0
TXN004251,CUST01603,265899.73,Mobile Money,Successful,Mbale,iPhone,6,0,0,0
TXN004252,CUST00516,402887.62,Mobile Money,Successful,Jinja,iPhone,16,0,0,0
TXN004253,CUST00442,395780.69,Mobile Money,Successful,Kampala,Web,20,12,1,0
TXN004254,CUST01945,290892.6,Mobile Money,Successful,Gulu,iPhone,10,0,0,0
TXN004255,CUST01839,390502.35,Card,Successful,Gulu,Web,9,12,1,0
TXN004256,CUST01830,96290.84,Mobile Money,Successful,Kampala,Web,12,0,0,0
TXN004257,CUST00143,25507.23,Bank Transfer,Failed,Gulu,Web,9,24,2,0
TXN004258,CUST01215,436880.09,Card,Failed,Gulu,Web,20,24,2,0
TXN004259,CUST00533,38239.47,Card,Successful,Jinja,Web,13,0,0,0
TXN004260,CUST00227,123720.87,Bank Transfer,Successful,Mbarara,Web,8,0,0,0
TXN004261,CUST01337,347811.82,Mobile Money,Successful,Mbarara,Web,6,0,0,0
TXN004262,CUST01653,205019.24,Card,Successful,Mbarara,iPhone,6,0,0,0
TXN004263,CUST00949,438218.83,Card,Successful,Mbarara,Android,17,12,1,0
TXN004264,CUST01326,149340.91,Mobile Money,Successful,Kampala,iPhone,15,0,0,0
TXN004265,CUST01678,6429.74,Mobile Money,Successful,Jinja,Web,7,0,0,0
TXN004266,CUST00460,150677.49,Bank Transfer,Successful,Kampala,Web,15,0,0,0
TXN004267,CUST01425,289248.49,Card,Successful,Gulu,iPhone,18,12,1,0
TXN004268,CUST00551,188281.22,Mobile Money,Successful,Jinja,Android,14,12,1,0
TXN004269,CUST00393,267668.94,Mobile Money,Successful,Mbale,iPhone,14,0,0,0
TXN004270,CUST01891,438360.76,Bank Transfer,Successful,Mbarara,iPhone,5,0,0,0
TXN004271,CUST01788,456286.28,Card,Successful,Gulu,iPhone,8,0,0,0
TXN004272,CUST00845,133354.05,Mobile Money,Successful,Mbarara,Android,14,12,1,0
TXN004273,CUST01231,231339.17,Bank Transfer,Successful,Mbarara,Web,6,0,0,0
TXN004274,CUST00210,274797.44,Card,Successful,Mbarara,Android,7,12,1,0
TXN004275,CUST01139,474581.67,Card,Successful,Mbale,iPhone,17,0,0,0
TXN004276,CUST01761,499309.35,Card,Successful,Gulu,iPhone,20,12,1,0
TXN004277,CUST00646,118085.92,Card,Successful,Mbarara,Android,15,0,0,0
TXN004278,CUST01275,363626.45,Bank Transfer,Successful,Mbarara,Android,14,0,0,0
TXN004279,CUST00219,189326.52,Mobile Money,Successful,Jinja,Web,2,12,1,0
TXN004280,CUST00407,4550.04,Card,Successful,Mbarara,Web,0,0,0,0
TXN004281,CUST01467,5121.63,Card,Failed,Jinja,Android,12,24,2,0
TXN004282,CUST01627,230552.72,Mobile Money,Successful,Gulu,Web,21,0,0,0
TXN004283,CUST01378,244423.29,Card,Successful,Gulu,iPhone,11,12,1,0
TXN004284,CUST00888,11773.56,Card,Failed,Gulu,Android,8,24,2,0
TXN004285,CUST00558,343620.24,Mobile Money,Successful,Jinja,Web,1,0,0,0
TXN004286,CUST00550,147354.69,Mobile Money,Successful,Mbale,iPhone,8,12,1,0
TXN004287,CUST00142,280166.6,Card,Successful,Mbale,Android,7,0,0,0
TXN004288,CUST00612,150809.08,Mobile Money,Successful,Mbarara,Web,4,0,0,0
TXN004289,CUST00501,83983.59,Bank Transfer,Successful,Gulu,iPhone,12,12,1,0
TXN004290,CUST00840,203883.28,Bank Transfer,Successful,Kampala,Android,1,12,1,0
TXN004291,CUST00702,116520.55,Card,Successful,Mbarara,Web,9,12,1,0
TXN004292,CUST01571,267633.09,Card,Successful,Mbale,iPhone,5,0,0,0
TXN004293,CUST01683,99814.85,Mobile Money,Successful,Mbale,iPhone,6,12,1,0
TXN004294,CUST01566,254448.79,Mobile Money,Successful,Gulu,iPhone,2,0,0,0
TXN004295,CUST01870,79110.57,Card,Failed,Jinja,iPhone,13,24,2,0
TXN004296,CUST01531,335651.87,Card,Successful,Mbarara,Android,15,12,1,0
TXN004297,CUST00596,377091.87,Bank Transfer,Successful,Jinja,iPhone,5,0,0,0
TXN004298,CUST01905,55641.92,Mobile Money,Successful,Mbale,Android,21,0,0,0
TXN004299,CUST00281,234167.3,Card,Successful,Gulu,Android,7,0,0,0
TXN004300,CUST00424,35900.41,Card,Successful,Mbale,Web,0,0,0,0
TXN004301,CUST00856,299292.13,Mobile Money,Successful,Gulu,Android,19,0,0,0
TXN004302,CUST00270,132569.95,Mobile Money,Successful,Kampala,iPhone,14,0,0,0
TXN004303,CUST00154,264048.42,Card,Successful,Jinja,Android,16,0,0,0
TXN004304,CUST00614,258971.77,Card,Successful,Mbarara,Android,23,0,0,0
TXN004305,CUST01751,462215.0,Card,Successful,Gulu,Web,17,0,0,0
TXN004306,CUST00662,274767.07,Mobile Money,Successful,Kampala,Android,23,0,0,0
TXN004307,CUST01968,291707.74,Card,Failed,Kampala,Web,2,24,2,0
TXN004308,CUST00083,201125.74,Card,Successful,Jinja,Android,23,0,0,0
TXN004309,CUST01646,474565.26,Card,Failed,Gulu,Web,5,24,2,0
TXN004310,CUST00947,388704.36,Bank Transfer,Successful,Mbarara,Android,16,0,0,0
TXN004311,CUST00899,143059.94,Bank Transfer,Successful,Mbarara,iPhone,22,0,0,0
TXN004312,CUST01450,422182.69,Mobile Money,Failed,Mbarara,Android,12,24,2,0
TXN004313,CUST01299,216481.98,Card,Successful,Mbale,Web,22,0,0,0
TXN004314,CUST01737,414419.24,Card,Successful,Mbale,Web,21,12,1,0
TXN004315,CUST00284,411532.59,Mobile Money,Successful,Gulu,iPhone,16,12,1,0
TXN004316,CUST00980,94840.66,Mobile Money,Successful,Mbarara,iPhone,20,0,0,0
TXN004317,CUST00173,350720.0,Mobile Money,Successful,Kampala,Web,15,0,0,0
TXN004318,CUST01351,145676.16,Card,Successful,Mbarara,iPhone,16,12,1,0
TXN004319,CUST01742,149097.59,Bank Transfer,Successful,Gulu,Android,0,0,0,0
TXN004320,CUST01087,148525.86,Mobile Money,Successful,Mbarara,Android,15,0,0,0
TXN004321,CUST01097,362921.34,Card,Successful,Jinja,iPhone,5,0,0,0
TXN004322,CUST00763,115298.11,Mobile Money,Successful,Mbarara,Android,7,0,0,0
TXN004323,CUST01660,952.46,Card,Successful,Kampala,Android,0,0,0,0
TXN004324,CUST01399,357760.81,Mobile Money,Successful,Gulu,iPhone,1,0,0,0
TXN004325,CUST00633,86006.78,Card,Successful,Gulu,Web,14,0,0,0
TXN004326,CUST01532,52688.96,Mobile Money,Successful,Kampala,Android,4,12,1,0
TXN004327,CUST00787,119139.3,Bank Transfer,Successful,Gulu,iPhone,23,0,0,0
TXN004328,CUST00943,190260.31,Mobile Money,Successful,Mbarara,Web,19,0,0,0
TXN004329,CUST01012,238215.21,Mobile Money,Successful,Gulu,Android,14,0,0,0
TXN004330,CUST00398,22762.74,Bank Transfer,Successful,Mbarara,Android,20,0,0,0
TXN004331,CUST01144,485301.38,Mobile Money,Successful,Gulu,iPhone,9,12,1,0
TXN004332,CUST00934,358173.5,Bank Transfer,Successful,Mbarara,Android,4,0,0,0
TXN004333,CUST01461,161935.44,Card,Successful,Mbarara,Web,2,12,1,0
TXN004334,CUST01853,159689.28,Bank Transfer,Successful,Kampala,iPhone,5,0,0,0
TXN004335,CUST00676,224547.0,Bank Transfer,Successful,Kampala,iPhone,20,12,1,0
TXN004336,CUST00936,313309.29,Card,Successful,Mbale,iPhone,14,0,0,0
TXN004337,CUST00465,73613.35,Bank Transfer,Successful,Kampala,iPhone,17,12,1,0
TXN004338,CUST00286,94870.44,Bank Transfer,Successful,Mbarara,Web,13,0,0,0
TXN004339,CUST00265,429787.57,Card,Successful,Mbarara,Web,9,0,0,0
TXN004340,CUST00320,128499.33,Mobile Money,Successful,Gulu,Web,3,12,1,0
TXN004341,CUST00673,190407.4,Mobile Money,Successful,Gulu,Web,10,12,1,0
TXN004342,CUST01400,435700.29,Bank Transfer,Successful,Mbale,Web,19,0,0,0
TXN004343,CUST00820,331742.34,Mobile Money,Successful,Mbarara,Web,6,0,0,0
TXN004344,CUST00089,171185.08,Mobile Money,Successful,Mbale,iPhone,14,12,1,0
TXN004345,CUST01678,342007.92,Bank Transfer,Successful,Mbarara,iPhone,22,0,0,0
TXN004346,CUST01227,10331.77,Card,Successful,Kampala,iPhone,8,0,0,0
TXN004347,CUST00821,367953.51,Mobile Money,Successful,Gulu,Web,14,0,0,0
TXN004348,CUST01763,243764.51,Bank Transfer,Successful,Mbale,iPhone,11,0,0,0
TXN004349,CUST01001,406684.48,Card,Successful,Jinja,Web,17,0,0,0
TXN004350,CUST01979,477341.51,Mobile Money,Successful,Mbarara,iPhone,5,0,0,0
TXN004351,CUST00334,462931.38,Card,Successful,Kampala,Web,17,0,0,0
TXN004352,CUST00222,454677.89,Bank Transfer,Successful,Jinja,Web,17,12,1,0
TXN004353,CUST00041,256328.89,Card,Successful,Kampala,Web,21,0,0,0
TXN004354,CUST01732,180390.99,Card,Successful,Kampala,Android,23,0,0,0
TXN004355,CUST00068,232785.14,Bank Transfer,Successful,Mbarara,Android,5,0,0,0
TXN004356,CUST00988,345103.05,Mobile Money,Failed,Kampala,Web,14,24,2,0
TXN004357,CUST01800,442056.89,Mobile Money,Successful,Mbale,iPhone,18,12,1,0
TXN004358,CUST00514,103889.66,Card,Failed,Jinja,Web,4,24,2,0
TXN004359,CUST01897,459137.48,Card,Suspicious,Kampala,Web,3,64,2,1
TXN004360,CUST01661,407682.53,Card,Successful,Kampala,Android,16,0,0,0
TXN004361,CUST01646,489438.58,Card,Successful,Gulu,Web,20,12,1,0
TXN004362,CUST01622,440185.76,Mobile Money,Successful,Gulu,Android,9,12,1,0
TXN004363,CUST01961,140328.7,Bank Transfer,Successful,Mbale,iPhone,11,0,0,0
TXN004364,CUST01656,53424.98,Bank Transfer,Failed,Gulu,iPhone,4,24,2,0
TXN004365,CUST01151,56564.42,Bank Transfer,Successful,Kampala,iPhone,6,12,1,0
TXN004366,CUST01279,145966.05,Card,Successful,Kampala,Web,11,0,0,0
TXN004367,CUST00695,307284.77,Card,Successful,Jinja,Android,22,0,0,0
TXN004368,CUST01040,402258.0,Bank Transfer,Suspicious,Gulu,Web,1,40,0,1
TXN004369,CUST00477,449675.53,Mobile Money,Successful,Mbarara,iPhone,19,0,0,0
TXN004370,CUST01086,312064.82,Bank Transfer,Successful,Gulu,Web,16,12,1,0
TXN004371,CUST00881,3312.84,Mobile Money,Successful,Kampala,Android,12,0,0,0
TXN004372,CUST00432,93565.23,Card,Failed,Jinja,Android,4,24,2,0
TXN004373,CUST01694,50313.24,Bank Transfer,Successful,Gulu,iPhone,4,0,0,0
TXN004374,CUST00268,181980.58,Bank Transfer,Failed,Jinja,iPhone,19,24,2,0
TXN004375,CUST01059,250924.82,Card,Successful,Gulu,iPhone,11,0,0,0
TXN004376,CUST00779,22176.89,Mobile Money,Failed,Mbale,Web,11,24,2,0
TXN004377,CUST01600,174564.75,Bank Transfer,Successful,Kampala,Android,6,0,0,0
TXN004378,CUST00494,90000.25,Bank Transfer,Successful,Kampala,Web,5,0,0,0
TXN004379,CUST01586,323711.55,Mobile Money,Successful,Mbarara,iPhone,9,0,0,0
TXN004380,CUST01493,232404.05,Bank Transfer,Successful,Kampala,Android,18,0,0,0
TXN004381,CUST01791,247911.16,Bank Transfer,Successful,Mbarara,iPhone,15,0,0,0
TXN004382,CUST00661,214132.05,Card,Successful,Kampala,Android,1,12,1,0
TXN004383,CUST01349,478031.85,Mobile Money,Suspicious,Gulu,Android,3,40,0,1
TXN004384,CUST01328,107760.19,Bank Transfer,Successful,Gulu,iPhone,8,0,0,0
TXN004385,CUST01300,258573.8,Bank Transfer,Successful,Mbale,Android,4,0,0,0
TXN004386,CUST01893,368140.68,Card,Successful,Gulu,Android,0,0,0,0
TXN004387,CUST01987,278643.78,Bank Transfer,Successful,Jinja,iPhone,10,0,0,0
TXN004388,CUST01708,464545.93,Card,Failed,Gulu,Android,18,24,2,0
TXN004389,CUST01953,189295.19,Bank Transfer,Successful,Mbarara,iPhone,22,12,1,0
TXN004390,CUST01013,232106.06,Card,Failed,Mbale,Web,2,24,2,0
TXN004391,CUST01225,44716.9,Mobile Money,Successful,Jinja,Web,0,0,0,0
TXN004392,CUST01469,304695.06,Mobile Money,Successful,Jinja,iPhone,3,0,0,0
TXN004393,CUST01929,144461.88,Bank Transfer,Successful,Kampala,Android,8,0,0,0
TXN004394,CUST01348,80574.37,Bank Transfer,Successful,Mbarara,Web,15,12,1,0
TXN004395,CUST01059,272493.38,Card,Successful,Gulu,iPhone,6,0,0,0
TXN004396,CUST00977,266388.98,Card,Successful,Gulu,iPhone,4,0,0,0
TXN004397,CUST00482,38397.88,Mobile Money,Successful,Kampala,Android,12,0,0,0
TXN004398,CUST00728,349258.62,Bank Transfer,Successful,Gulu,Android,10,0,0,0
TXN004399,CUST00480,312074.21,Card,Successful,Jinja,Android,13,0,0,0
TXN004400,CUST01089,94914.13,Mobile Money,Successful,Gulu,iPhone,21,12,1,0
TXN004401,CUST01032,234982.71,Mobile Money,Successful,Gulu,Web,16,12,1,0
TXN004402,CUST01325,360301.3,Card,Successful,Jinja,iPhone,22,0,0,0
TXN004403,CUST00343,264953.15,Bank Transfer,Successful,Mbarara,Android,11,0,0,0
TXN004404,CUST01455,198046.79,Mobile Money,Successful,Mbarara,Android,20,0,0,0
TXN004405,CUST01448,161508.06,Card,Successful,Jinja,iPhone,22,12,1,0
TXN004406,CUST00332,305391.74,Mobile Money,Successful,Jinja,Android,20,0,0,0
TXN004407,CUST00438,469584.79,Bank Transfer,Successful,Mbale,Android,20,12,1,0
TXN004408,CUST01612,336036.55,Card,Successful,Mbale,iPhone,18,12,1,0
TXN004409,CUST00174,37835.58,Bank Transfer,Successful,Gulu,Web,4,0,0,0
TXN004410,CUST00559,230612.14,Bank Transfer,Successful,Gulu,Android,23,12,1,0
TXN004411,CUST00527,445466.65,Mobile Money,Successful,Mbale,Web,7,0,0,0
TXN004412,CUST01897,47683.98,Bank Transfer,Successful,Gulu,Web,1,12,1,0
TXN004413,CUST00659,494443.42,Mobile Money,Successful,Mbarara,Web,16,12,1,0
TXN004414,CUST00026,474560.16,Card,Suspicious,Mbarara,Web,1,52,1,1
TXN004415,CUST00820,39598.1,Card,Successful,Kampala,Android,22,0,0,0
TXN004416,CUST00605,466739.95,Mobile Money,Suspicious,Mbale,Android,2,52,1,1
TXN004417,CUST00406,181884.73,Mobile Money,Successful,Mbarara,iPhone,23,0,0,0
TXN004418,CUST00232,422432.23,Mobile Money,Successful,Kampala,Android,19,0,0,0
TXN004419,CUST00533,209482.48,Bank Transfer,Successful,Jinja,iPhone,23,0,0,0
TXN004420,CUST01843,220707.13,Card,Successful,Mbarara,Web,17,0,0,0
TXN004421,CUST01574,317304.42,Card,Successful,Kampala,iPhone,14,12,1,0
TXN004422,CUST01812,387351.47,Bank Transfer,Successful,Gulu,iPhone,4,12,1,0
TXN004423,CUST00505,17377.68,Mobile Money,Successful,Kampala,Android,21,0,0,0
TXN004424,CUST01693,296781.42,Card,Successful,Mbarara,iPhone,16,0,0,0
TXN004425,CUST00179,93773.13,Bank Transfer,Successful,Gulu,Web,13,0,0,0
TXN004426,CUST00132,173301.78,Mobile Money,Successful,Gulu,Android,0,0,0,0
TXN004427,CUST01847,174310.35,Card,Successful,Kampala,Android,13,0,0,0
TXN004428,CUST01479,234795.64,Mobile Money,Successful,Kampala,Android,8,0,0,0
TXN004429,CUST00348,167401.14,Bank Transfer,Successful,Mbarara,Web,4,12,1,0
TXN004430,CUST00540,54126.88,Card,Successful,Gulu,iPhone,3,0,0,0
TXN004431,CUST00772,73241.55,Mobile Money,Successful,Mbale,Android,0,0,0,0
TXN004432,CUST01430,17202.27,Mobile Money,Successful,Kampala,iPhone,2,0,0,0
TXN004433,CUST00076,235389.42,Mobile Money,Successful,Mbale,Web,19,12,1,0
TXN004434,CUST01965,477246.62,Bank Transfer,Successful,Mbale,Web,10,0,0,0
TXN004435,CUST00579,58279.77,Mobile Money,Successful,Gulu,Web,15,0,0,0
TXN004436,CUST00854,473159.11,Card,Successful,Mbarara,Android,10,0,0,0
TXN004437,CUST01516,366814.08,Card,Successful,Mbale,Android,20,0,0,0
TXN004438,CUST00194,318930.65,Mobile Money,Successful,Mbarara,iPhone,9,0,0,0
TXN004439,CUST01186,322816.24,Bank Transfer,Successful,Kampala,iPhone,11,0,0,0
TXN004440,CUST00347,413450.46,Card,Suspicious,Gulu,Android,4,52,1,1
TXN004441,CUST00951,53906.47,Card,Successful,Jinja,Web,9,12,1,0
TXN004442,CUST01385,252624.78,Card,Successful,Gulu,Web,23,12,1,0
TXN004443,CUST01793,348697.02,Mobile Money,Successful,Jinja,Android,12,0,0,0
TXN004444,CUST01608,293616.81,Card,Successful,Kampala,iPhone,18,0,0,0
TXN004445,CUST01111,416473.15,Mobile Money,Successful,Mbarara,Web,6,0,0,0
TXN004446,CUST01958,36599.72,Mobile Money,Successful,Kampala,Android,15,0,0,0
TXN004447,CUST01286,345505.17,Mobile Money,Successful,Gulu,iPhone,5,0,0,0
TXN004448,CUST00214,267246.85,Mobile Money,Successful,Jinja,iPhone,9,0,0,0
TXN004449,CUST01689,189890.85,Mobile Money,Successful,Jinja,Web,9,0,0,0
TXN004450,CUST01746,170467.35,Card,Successful,Gulu,Web,10,0,0,0
TXN004451,CUST01937,310605.9,Mobile Money,Successful,Gulu,Web,21,0,0,0
TXN004452,CUST00573,445552.19,Mobile Money,Successful,Kampala,Web,9,12,1,0
TXN004453,CUST00780,248339.88,Mobile Money,Successful,Mbale,iPhone,13,12,1,0
TXN004454,CUST00262,412449.22,Mobile Money,Successful,Jinja,Android,14,12,1,0
TXN004455,CUST00730,201377.11,Mobile Money,Successful,Gulu,iPhone,6,0,0,0
TXN004456,CUST00283,51646.03,Mobile Money,Successful,Kampala,Web,12,0,0,0
TXN004457,CUST01672,31222.12,Card,Failed,Mbale,Android,10,24,2,0
TXN004458,CUST01491,26141.52,Mobile Money,Successful,Mbarara,iPhone,6,12,1,0
TXN004459,CUST01404,190385.0,Mobile Money,Successful,Gulu,Android,10,0,0,0
TXN004460,CUST00362,168950.26,Card,Successful,Mbale,iPhone,13,12,1,0
TXN004461,CUST01473,359109.54,Card,Successful,Mbarara,Android,16,12,1,0
TXN004462,CUST00441,371539.34,Bank Transfer,Successful,Mbarara,iPhone,15,0,0,0
TXN004463,CUST00093,25901.56,Card,Successful,Kampala,iPhone,0,0,0,0
TXN004464,CUST01645,110951.07,Card,Successful,Jinja,Web,8,0,0,0
TXN004465,CUST00753,137493.79,Mobile Money,Successful,Gulu,iPhone,8,12,1,0
TXN004466,CUST00867,274032.19,Bank Transfer,Successful,Mbale,Web,9,12,1,0
TXN004467,CUST01448,72685.35,Mobile Money,Successful,Mbarara,iPhone,18,12,1,0
TXN004468,CUST00142,67403.64,Bank Transfer,Successful,Jinja,Android,14,0,0,0
TXN004469,CUST01315,471922.55,Mobile Money,Successful,Mbarara,Android,15,12,1,0
TXN004470,CUST01456,402199.35,Card,Successful,Gulu,Web,10,0,0,0
TXN004471,CUST00749,90737.12,Card,Successful,Gulu,iPhone,23,0,0,0
TXN004472,CUST01876,203580.62,Bank Transfer,Successful,Kampala,Web,16,12,1,0
TXN004473,CUST01848,178133.19,Mobile Money,Successful,Gulu,Android,18,0,0,0
TXN004474,CUST01713,395606.53,Mobile Money,Successful,Gulu,iPhone,12,0,0,0
TXN004475,CUST00653,255351.35,Card,Successful,Gulu,Web,5,0,0,0
TXN004476,CUST00701,64360.94,Card,Successful,Jinja,Android,14,12,1,0
TXN004477,CUST00998,369626.54,Bank Transfer,Successful,Mbale,Android,15,0,0,0
TXN004478,CUST00049,198745.55,Card,Successful,Mbale,iPhone,3,0,0,0
TXN004479,CUST01326,131830.66,Bank Transfer,Successful,Gulu,iPhone,7,0,0,0
TXN004480,CUST00881,188061.56,Bank Transfer,Successful,Mbale,iPhone,6,12,1,0
TXN004481,CUST01214,249129.4,Bank Transfer,Successful,Gulu,Web,16,12,1,0
TXN004482,CUST01160,171886.2,Bank Transfer,Successful,Mbale,Web,15,0,0,0
TXN004483,CUST00555,121331.93,Card,Successful,Mbale,iPhone,1,12,1,0
TXN004484,CUST00404,199551.76,Bank Transfer,Successful,Mbarara,iPhone,16,12,1,0
TXN004485,CUST00892,10076.87,Card,Successful,Jinja,iPhone,3,0,0,0
TXN004486,CUST00865,386362.67,Bank Transfer,Successful,Mbarara,Android,13,12,1,0
TXN004487,CUST00602,85886.97,Card,Successful,Mbarara,iPhone,7,0,0,0
TXN004488,CUST01831,22430.35,Bank Transfer,Successful,Mbale,Web,4,0,0,0
TXN004489,CUST00341,327022.5,Card,Successful,Kampala,Android,4,0,0,0
TXN004490,CUST01781,387081.1,Mobile Money,Successful,Kampala,iPhone,4,0,0,0
TXN004491,CUST01969,407007.65,Bank Transfer,Suspicious,Jinja,Web,4,52,1,1
TXN004492,CUST00704,247007.84,Bank Transfer,Successful,Gulu,Android,2,12,1,0
TXN004493,CUST00318,103081.41,Mobile Money,Successful,Mbale,Android,5,0,0,0
TXN004494,CUST00618,368745.22,Mobile Money,Successful,Jinja,Web,0,0,0,0
TXN004495,CUST01387,350006.68,Bank Transfer,Successful,Mbarara,Web,7,0,0,0
TXN004496,CUST01846,123512.23,Card,Successful,Mbale,Android,12,0,0,0
TXN004497,CUST00382,451752.17,Bank Transfer,Successful,Mbarara,Web,19,12,1,0
TXN004498,CUST00233,52633.54,Card,Successful,Jinja,Android,5,0,0,0
TXN004499,CUST01801,491352.78,Mobile Money,Successful,Kampala,Android,17,0,0,0
TXN004500,CUST01368,430193.78,Card,Successful,Jinja,Android,17,0,0,0
TXN004501,CUST01573,344105.37,Bank Transfer,Successful,Mbale,Android,15,0,0,0
TXN004502,CUST00817,469405.57,Mobile Money,Successful,Mbale,iPhone,7,12,1,0
TXN004503,CUST00553,361294.43,Mobile Money,Successful,Gulu,Web,16,0,0,0
TXN004504,CUST01553,95633.27,Bank Transfer,Successful,Kampala,iPhone,7,12,1,0
TXN004505,CUST00856,221356.99,Bank Transfer,Successful,Mbale,iPhone,14,0,0,0
TXN004506,CUST01813,36215.76,Mobile Money,Successful,Kampala,iPhone,9,0,0,0
TXN004507,CUST00819,195133.88,Card,Successful,Mbale,iPhone,0,0,0,0
TXN004508,CUST01595,370930.71,Card,Successful,Kampala,Android,8,12,1,0
TXN004509,CUST01959,193528.45,Card,Successful,Jinja,Android,16,0,0,0
TXN004510,CUST00183,165481.94,Bank Transfer,Successful,Kampala,Android,19,0,0,0
TXN004511,CUST01065,297880.18,Mobile Money,Successful,Mbarara,Android,0,0,0,0
TXN004512,CUST01575,436166.16,Card,Successful,Jinja,iPhone,8,0,0,0
TXN004513,CUST00397,24267.8,Mobile Money,Successful,Mbale,Android,13,12,1,0
TXN004514,CUST01728,193042.48,Card,Successful,Mbale,iPhone,23,12,1,0
TXN004515,CUST00779,79541.25,Mobile Money,Successful,Gulu,Android,4,0,0,0
TXN004516,CUST01518,347829.45,Bank Transfer,Successful,Mbarara,Web,5,0,0,0
TXN004517,CUST01683,53309.42,Bank Transfer,Successful,Gulu,Web,4,12,1,0
TXN004518,CUST00907,332571.48,Bank Transfer,Successful,Jinja,Web,3,0,0,0
TXN004519,CUST01357,143447.34,Card,Successful,Gulu,Web,15,0,0,0
TXN004520,CUST00127,99858.95,Bank Transfer,Successful,Jinja,Android,15,0,0,0
TXN004521,CUST01582,468208.1,Bank Transfer,Successful,Gulu,Web,9,0,0,0
TXN004522,CUST01581,9753.03,Bank Transfer,Successful,Kampala,Web,13,12,1,0
TXN004523,CUST00001,219169.75,Mobile Money,Successful,Jinja,iPhone,12,0,0,0
TXN004524,CUST01192,11302.68,Mobile Money,Successful,Jinja,Web,3,0,0,0
TXN004525,CUST01644,242054.73,Mobile Money,Successful,Kampala,Android,13,0,0,0
TXN004526,CUST00019,250773.17,Mobile Money,Successful,Kampala,iPhone,23,0,0,0
TXN004527,CUST01356,161170.4,Mobile Money,Successful,Mbarara,Android,23,12,1,0
TXN004528,CUST00584,66514.81,Mobile Money,Successful,Kampala,iPhone,8,12,1,0
TXN004529,CUST00456,188505.58,Mobile Money,Failed,Gulu,Android,2,24,2,0
TXN004530,CUST00957,336295.34,Bank Transfer,Successful,Kampala,Web,9,0,0,0
TXN004531,CUST01133,391306.71,Bank Transfer,Successful,Kampala,iPhone,14,12,1,0
TXN004532,CUST01292,265609.93,Card,Successful,Jinja,Web,23,0,0,0
TXN004533,CUST00445,295122.28,Bank Transfer,Successful,Jinja,Android,18,0,0,0
TXN004534,CUST01264,100707.88,Mobile Money,Successful,Kampala,Android,1,12,1,0
TXN004535,CUST01953,144021.5,Mobile Money,Successful,Mbarara,iPhone,1,0,0,0
TXN004536,CUST01325,81366.86,Card,Successful,Jinja,Android,8,12,1,0
TXN004537,CUST00602,125023.03,Bank Transfer,Successful,Gulu,Android,3,12,1,0
TXN004538,CUST00103,112830.95,Bank Transfer,Successful,Gulu,iPhone,4,0,0,0
TXN004539,CUST00988,259964.67,Card,Successful,Kampala,Web,1,12,1,0
TXN004540,CUST01274,281563.03,Mobile Money,Successful,Kampala,iPhone,6,12,1,0
TXN004541,CUST01477,472501.24,Mobile Money,Successful,Mbarara,Android,18,0,0,0
TXN004542,CUST00520,98187.54,Mobile Money,Successful,Kampala,Android,5,0,0,0
TXN004543,CUST01177,321017.02,Mobile Money,Successful,Mbale,iPhone,22,12,1,0
TXN004544,CUST00859,408721.0,Card,Successful,Mbale,iPhone,15,12,1,0
TXN004545,CUST00174,280340.61,Bank Transfer,Successful,Kampala,Web,13,12,1,0
TXN004546,CUST01367,127874.32,Mobile Money,Successful,Mbale,Android,11,12,1,0
TXN004547,CUST01694,131643.84,Bank Transfer,Successful,Gulu,Android,5,0,0,0
TXN004548,CUST01005,20106.9,Bank Transfer,Successful,Kampala,Web,21,12,1,0
TXN004549,CUST00431,153069.39,Mobile Money,Successful,Gulu,iPhone,12,12,1,0
TXN004550,CUST00727,372429.54,Mobile Money,Successful,Gulu,iPhone,14,12,1,0
TXN004551,CUST01713,24235.12,Mobile Money,Successful,Mbale,Web,23,0,0,0
TXN004552,CUST01711,110037.99,Bank Transfer,Successful,Mbarara,iPhone,13,0,0,0
TXN004553,CUST01876,353263.13,Card,Successful,Gulu,Web,7,0,0,0
TXN004554,CUST00850,391434.46,Mobile Money,Successful,Mbale,iPhone,20,0,0,0
TXN004555,CUST01682,227931.55,Bank Transfer,Successful,Mbarara,iPhone,19,12,1,0
TXN004556,CUST01986,349188.13,Bank Transfer,Successful,Mbale,iPhone,10,0,0,0
TXN004557,CUST01348,194282.11,Mobile Money,Successful,Mbale,Web,20,12,1,0
TXN004558,CUST00990,80376.67,Card,Successful,Kampala,Web,8,0,0,0
TXN004559,CUST01697,199375.67,Mobile Money,Successful,Jinja,Web,11,0,0,0
TXN004560,CUST00639,290193.93,Mobile Money,Successful,Mbarara,Android,5,0,0,0
TXN004561,CUST00420,474052.61,Card,Successful,Mbale,Android,18,12,1,0
TXN004562,CUST00594,34841.1,Mobile Money,Successful,Gulu,Web,2,0,0,0
TXN004563,CUST00485,253943.35,Mobile Money,Successful,Gulu,Android,0,12,1,0
TXN004564,CUST01683,164795.43,Card,Successful,Jinja,Android,14,12,1,0
TXN004565,CUST01775,254401.69,Bank Transfer,Successful,Mbarara,iPhone,14,12,1,0
TXN004566,CUST00412,12475.74,Bank Transfer,Successful,Kampala,iPhone,4,0,0,0
TXN004567,CUST00936,156856.16,Bank Transfer,Successful,Mbarara,iPhone,21,0,0,0
TXN004568,CUST01108,410024.14,Bank Transfer,Successful,Gulu,Android,23,0,0,0
TXN004569,CUST01137,277193.9,Bank Transfer,Successful,Gulu,Android,10,0,0,0
TXN004570,CUST01761,225565.96,Mobile Money,Successful,Kampala,Web,22,0,0,0
TXN004571,CUST00332,143119.77,Card,Successful,Kampala,Android,0,12,1,0
TXN004572,CUST01402,149372.24,Bank Transfer,Successful,Gulu,Android,22,12,1,0
TXN004573,CUST01779,191859.17,Card,Failed,Mbale,Web,9,24,2,0
TXN004574,CUST00655,417867.57,Bank Transfer,Failed,Mbale,Web,19,24,2,0
TXN004575,CUST00041,483623.0,Mobile Money,Successful,Kampala,Web,10,12,1,0
TXN004576,CUST01959,219608.36,Bank Transfer,Successful,Mbale,iPhone,6,0,0,0
TXN004577,CUST01794,196979.74,Bank Transfer,Successful,Kampala,Web,16,0,0,0
TXN004578,CUST00959,423352.11,Card,Successful,Mbarara,iPhone,11,0,0,0
TXN004579,CUST01821,213739.21,Card,Successful,Mbarara,Android,3,0,0,0
TXN004580,CUST00105,276233.08,Mobile Money,Failed,Mbarara,Android,11,36,3,0
TXN004581,CUST00202,115855.36,Card,Successful,Kampala,iPhone,23,12,1,0
TXN004582,CUST00450,371879.52,Card,Successful,Kampala,iPhone,2,12,1,0
TXN004583,CUST01843,266228.16,Card,Successful,Mbale,iPhone,17,12,1,0
TXN004584,CUST01867,404612.76,Mobile Money,Failed,Mbale,Android,11,36,3,0
TXN004585,CUST01997,390476.0,Mobile Money,Failed,Mbale,Android,23,24,2,0
TXN004586,CUST01290,107894.88,Mobile Money,Successful,Jinja,Web,23,12,1,0
TXN004587,CUST00910,357959.96,Card,Successful,Kampala,Web,18,12,1,0
TXN004588,CUST00210,400127.18,Card,Successful,Mbarara,Android,12,12,1,0
TXN004589,CUST00563,173380.57,Mobile Money,Successful,Mbarara,Web,15,0,0,0
TXN004590,CUST01142,86718.25,Card,Successful,Jinja,Web,7,12,1,0
TXN004591,CUST00713,1814.76,Card,Successful,Jinja,iPhone,5,0,0,0
TXN004592,CUST01401,225726.37,Bank Transfer,Successful,Mbarara,Android,9,12,1,0
TXN004593,CUST01575,176540.15,Mobile Money,Successful,Kampala,iPhone,9,0,0,0
TXN004594,CUST01564,277677.46,Mobile Money,Failed,Mbarara,Android,5,24,2,0
TXN004595,CUST00771,94426.53,Card,Successful,Mbarara,Android,7,0,0,0
TXN004596,CUST01108,429902.94,Card,Successful,Jinja,iPhone,17,0,0,0
TXN004597,CUST00454,129248.73,Bank Transfer,Successful,Jinja,Android,16,0,0,0
TXN004598,CUST00667,113601.59,Mobile Money,Successful,Mbale,iPhone,9,0,0,0
TXN004599,CUST00629,240616.67,Mobile Money,Successful,Jinja,iPhone,1,0,0,0
TXN004600,CUST01538,249676.09,Card,Successful,Mbarara,Android,11,0,0,0
TXN004601,CUST01629,107935.07,Mobile Money,Successful,Mbale,Android,19,12,1,0
TXN004602,CUST01702,136294.43,Card,Successful,Mbarara,iPhone,9,0,0,0
TXN004603,CUST00387,85267.77,Bank Transfer,Successful,Kampala,Web,8,12,1,0
TXN004604,CUST01936,359370.86,Card,Successful,Kampala,Web,15,12,1,0
TXN004605,CUST01374,385159.47,Bank Transfer,Successful,Jinja,Android,6,0,0,0
TXN004606,CUST00296,231433.08,Card,Successful,Mbale,Android,8,0,0,0
TXN004607,CUST00258,357186.47,Bank Transfer,Successful,Gulu,Web,23,0,0,0
TXN004608,CUST01105,368099.73,Bank Transfer,Failed,Kampala,Android,5,24,2,0
TXN004609,CUST01961,69568.63,Mobile Money,Successful,Kampala,Android,9,0,0,0
TXN004610,CUST00268,483105.92,Card,Successful,Kampala,Web,6,0,0,0
TXN004611,CUST00419,410605.46,Mobile Money,Successful,Kampala,Android,17,12,1,0
TXN004612,CUST00235,102639.49,Mobile Money,Successful,Jinja,Web,10,0,0,0
TXN004613,CUST01857,93489.44,Card,Successful,Mbale,Web,0,0,0,0
TXN004614,CUST01335,63267.74,Mobile Money,Successful,Kampala,Web,20,0,0,0
TXN004615,CUST01837,69620.09,Mobile Money,Successful,Jinja,Android,23,0,0,0
TXN004616,CUST01999,374206.82,Mobile Money,Failed,Mbale,iPhone,18,24,2,0
TXN004617,CUST00986,235092.3,Card,Successful,Mbale,iPhone,22,0,0,0
TXN004618,CUST01381,391575.62,Mobile Money,Successful,Gulu,iPhone,4,0,0,0
TXN004619,CUST01237,373254.32,Mobile Money,Successful,Mbarara,Android,23,0,0,0
TXN004620,CUST00574,302504.05,Mobile Money,Successful,Kampala,Android,5,0,0,0
TXN004621,CUST00049,343340.12,Card,Successful,Jinja,Android,21,0,0,0
TXN004622,CUST01151,9668.68,Bank Transfer,Successful,Mbale,Android,6,0,0,0
TXN004623,CUST00223,156232.93,Bank Transfer,Successful,Gulu,iPhone,22,0,0,0
TXN004624,CUST00921,319092.18,Bank Transfer,Successful,Mbarara,Web,3,0,0,0
TXN004625,CUST01303,5167.8,Bank Transfer,Successful,Mbale,Android,15,0,0,0
TXN004626,CUST01432,16971.98,Mobile Money,Successful,Mbale,Android,9,0,0,0
TXN004627,CUST01529,426018.05,Card,Successful,Kampala,Android,14,0,0,0
TXN004628,CUST01318,342170.42,Mobile Money,Successful,Mbarara,Web,12,0,0,0
TXN004629,CUST01820,133052.18,Card,Successful,Mbarara,iPhone,7,0,0,0
TXN004630,CUST00277,344137.44,Mobile Money,Successful,Jinja,Android,21,0,0,0
TXN004631,CUST01462,396332.11,Bank Transfer,Successful,Gulu,iPhone,12,0,0,0
TXN004632,CUST01131,153743.74,Bank Transfer,Successful,Jinja,Android,23,0,0,0
TXN004633,CUST01682,18500.67,Card,Successful,Gulu,iPhone,6,12,1,0
TXN004634,CUST00420,466423.17,Mobile Money,Successful,Jinja,Android,16,0,0,0
TXN004635,CUST00611,172917.33,Bank Transfer,Successful,Gulu,iPhone,3,12,1,0
TXN004636,CUST01453,53687.64,Card,Successful,Kampala,Android,6,0,0,0
TXN004637,CUST00375,246182.51,Mobile Money,Successful,Gulu,Android,15,0,0,0
TXN004638,CUST00073,384349.66,Card,Failed,Jinja,iPhone,1,36,3,0
TXN004639,CUST01973,111212.83,Mobile Money,Successful,Mbarara,iPhone,20,0,0,0
TXN004640,CUST01658,135110.28,Mobile Money,Successful,Mbale,Web,21,12,1,0
TXN004641,CUST01054,121736.14,Mobile Money,Successful,Gulu,Web,22,0,0,0
TXN004642,CUST01212,495840.69,Card,Successful,Gulu,Web,13,0,0,0
TXN004643,CUST01388,99103.16,Card,Successful,Mbarara,Web,13,0,0,0
TXN004644,CUST01890,287972.35,Mobile Money,Successful,Kampala,iPhone,7,0,0,0
TXN004645,CUST01824,462669.69,Bank Transfer,Successful,Jinja,Web,5,0,0,0
TXN004646,CUST01475,73874.84,Mobile Money,Successful,Kampala,Android,21,12,1,0
TXN004647,CUST00195,485441.67,Card,Successful,Gulu,iPhone,6,12,1,0
TXN004648,CUST01180,473764.88,Mobile Money,Successful,Gulu,Android,6,12,1,0
TXN004649,CUST01196,442343.71,Card,Suspicious,Kampala,Web,1,52,1,1
TXN004650,CUST00847,107670.98,Mobile Money,Successful,Jinja,Web,3,0,0,0
TXN004651,CUST01065,317210.5,Mobile Money,Successful,Gulu,Web,12,12,1,0
TXN004652,CUST01087,380565.29,Bank Transfer,Successful,Gulu,iPhone,9,0,0,0
TXN004653,CUST00023,493020.95,Bank Transfer,Successful,Kampala,Android,8,0,0,0
TXN004654,CUST00360,90621.7,Card,Successful,Mbale,Android,14,0,0,0
TXN004655,CUST01099,383129.94,Mobile Money,Successful,Mbarara,iPhone,11,0,0,0
TXN004656,CUST00560,169731.18,Card,Successful,Gulu,Web,9,12,1,0
TXN004657,CUST00672,88225.42,Mobile Money,Successful,Jinja,Web,18,12,1,0
TXN004658,CUST01849,210977.78,Mobile Money,Successful,Mbale,iPhone,20,0,0,0
TXN004659,CUST01142,397021.04,Mobile Money,Successful,Kampala,Android,4,0,0,0
TXN004660,CUST01636,232692.48,Bank Transfer,Successful,Kampala,Android,6,0,0,0
TXN004661,CUST01404,268992.79,Card,Successful,Jinja,Android,19,12,1,0
TXN004662,CUST01953,497582.13,Mobile Money,Successful,Mbale,Android,10,0,0,0
TXN004663,CUST01944,199855.1,Mobile Money,Successful,Jinja,Web,15,0,0,0
TXN004664,CUST00679,307892.68,Card,Successful,Gulu,Web,12,0,0,0
TXN004665,CUST01314,182939.48,Card,Successful,Mbale,iPhone,3,0,0,0
TXN004666,CUST00440,196696.43,Mobile Money,Successful,Mbarara,iPhone,15,0,0,0
TXN004667,CUST01692,347972.56,Bank Transfer,Successful,Mbarara,iPhone,12,0,0,0
TXN004668,CUST00933,468974.54,Bank Transfer,Suspicious,Jinja,Web,0,52,1,1
TXN004669,CUST00007,271408.3,Mobile Money,Successful,Mbarara,Web,21,12,1,0
TXN004670,CUST01220,384315.76,Bank Transfer,Successful,Jinja,Web,3,12,1,0
TXN004671,CUST00421,45058.68,Card,Successful,Gulu,iPhone,14,0,0,0
TXN004672,CUST01592,105973.44,Bank Transfer,Failed,Gulu,Web,20,24,2,0
TXN004673,CUST00833,251314.75,Card,Successful,Jinja,Android,15,0,0,0
TXN004674,CUST01217,10495.86,Card,Successful,Gulu,Web,3,12,1,0
TXN004675,CUST00559,126801.06,Card,Failed,Mbarara,Android,16,24,2,0
TXN004676,CUST01172,258941.94,Card,Successful,Gulu,Android,10,12,1,0
TXN004677,CUST01811,7973.12,Bank Transfer,Successful,Mbarara,Android,4,12,1,0
TXN004678,CUST01693,132640.87,Card,Successful,Mbarara,Web,12,0,0,0
TXN004679,CUST01226,257258.39,Mobile Money,Successful,Kampala,iPhone,11,12,1,0
TXN004680,CUST01468,286788.05,Card,Successful,Gulu,Android,22,12,1,0
TXN004681,CUST00914,462912.97,Mobile Money,Suspicious,Gulu,Android,2,40,0,1
TXN004682,CUST01443,322850.14,Card,Successful,Jinja,Web,3,0,0,0
TXN004683,CUST01451,207660.53,Card,Successful,Jinja,Web,9,12,1,0
TXN004684,CUST01007,465210.41,Bank Transfer,Successful,Mbale,Android,8,12,1,0
TXN004685,CUST01503,392549.05,Card,Successful,Mbarara,iPhone,9,0,0,0
TXN004686,CUST01499,100404.46,Card,Successful,Kampala,Web,12,12,1,0
TXN004687,CUST00126,65855.76,Bank Transfer,Successful,Mbarara,Android,0,0,0,0
TXN004688,CUST00395,338067.91,Bank Transfer,Successful,Gulu,iPhone,11,12,1,0
TXN004689,CUST00817,280161.64,Mobile Money,Successful,Mbale,Web,10,12,1,0
TXN004690,CUST00881,394941.97,Bank Transfer,Successful,Mbarara,iPhone,20,0,0,0
TXN004691,CUST01830,369533.12,Mobile Money,Successful,Mbale,Android,7,12,1,0
TXN004692,CUST00576,312793.16,Card,Successful,Mbarara,iPhone,22,12,1,0
TXN004693,CUST00325,493197.89,Mobile Money,Failed,Gulu,Android,13,24,2,0
TXN004694,CUST01416,267028.07,Bank Transfer,Successful,Gulu,Web,13,0,0,0
TXN004695,CUST00930,56996.33,Card,Successful,Mbarara,Android,19,0,0,0
TXN004696,CUST01712,414222.65,Mobile Money,Failed,Kampala,Android,22,24,2,0
TXN004697,CUST01652,126300.75,Mobile Money,Successful,Gulu,Web,16,12,1,0
TXN004698,CUST01464,388762.42,Mobile Money,Successful,Jinja,Android,21,0,0,0
TXN004699,CUST01228,478574.99,Card,Successful,Kampala,iPhone,18,0,0,0
TXN004700,CUST01510,348549.36,Mobile Money,Successful,Mbarara,Web,19,0,0,0
TXN004701,CUST00833,298217.07,Mobile Money,Successful,Kampala,iPhone,23,0,0,0
TXN004702,CUST01055,230462.89,Bank Transfer,Successful,Jinja,Web,20,12,1,0
TXN004703,CUST01412,182522.73,Mobile Money,Successful,Gulu,Android,20,0,0,0
TXN004704,CUST01649,176825.87,Card,Successful,Gulu,iPhone,16,12,1,0
TXN004705,CUST01901,318368.17,Bank Transfer,Successful,Gulu,Web,5,12,1,0
TXN004706,CUST01458,375760.92,Card,Successful,Jinja,iPhone,13,12,1,0
TXN004707,CUST00837,339419.28,Bank Transfer,Successful,Kampala,Web,17,0,0,0
TXN004708,CUST00926,99605.85,Bank Transfer,Successful,Mbarara,Web,16,12,1,0
TXN004709,CUST01400,247246.6,Mobile Money,Successful,Mbarara,iPhone,5,12,1,0
TXN004710,CUST01368,395924.22,Card,Successful,Kampala,iPhone,4,0,0,0
TXN004711,CUST00443,238114.19,Mobile Money,Successful,Gulu,iPhone,12,12,1,0
TXN004712,CUST01603,268543.33,Bank Transfer,Successful,Mbarara,iPhone,15,0,0,0
TXN004713,CUST00075,385682.46,Mobile Money,Failed,Gulu,Web,20,24,2,0
TXN004714,CUST00557,330802.02,Bank Transfer,Successful,Mbale,iPhone,8,12,1,0
TXN004715,CUST01796,204967.79,Bank Transfer,Successful,Mbale,iPhone,11,0,0,0
TXN004716,CUST01690,447758.65,Card,Successful,Mbarara,iPhone,9,12,1,0
TXN004717,CUST01179,81702.25,Card,Failed,Kampala,iPhone,12,36,3,0
TXN004718,CUST01454,497760.47,Card,Successful,Kampala,iPhone,18,12,1,0
TXN004719,CUST00363,59866.86,Card,Successful,Kampala,iPhone,15,0,0,0
TXN004720,CUST00448,7967.51,Mobile Money,Successful,Gulu,Android,16,12,1,0
TXN004721,CUST01258,445064.44,Card,Successful,Mbale,Android,15,0,0,0
TXN004722,CUST01587,122854.28,Card,Successful,Gulu,Web,13,0,0,0
TXN004723,CUST01842,364984.96,Card,Successful,Jinja,iPhone,15,12,1,0
TXN004724,CUST00262,405602.18,Bank Transfer,Successful,Jinja,iPhone,23,0,0,0
TXN004725,CUST01851,429563.7,Bank Transfer,Successful,Mbarara,Web,14,0,0,0
TXN004726,CUST00125,495801.32,Card,Successful,Jinja,iPhone,11,0,0,0
TXN004727,CUST00911,147372.84,Bank Transfer,Successful,Kampala,iPhone,4,0,0,0
TXN004728,CUST00245,355266.55,Bank Transfer,Successful,Mbarara,iPhone,10,12,1,0
TXN004729,CUST00542,58142.23,Mobile Money,Successful,Mbale,Android,4,12,1,0
TXN004730,CUST01962,203701.24,Bank Transfer,Successful,Mbale,iPhone,23,0,0,0
TXN004731,CUST00485,424061.86,Mobile Money,Successful,Jinja,Android,23,12,1,0
TXN004732,CUST00122,184145.19,Bank Transfer,Successful,Jinja,iPhone,10,0,0,0
TXN004733,CUST00125,295752.14,Card,Successful,Mbale,iPhone,1,12,1,0
TXN004734,CUST01573,252134.84,Bank Transfer,Successful,Jinja,Web,18,0,0,0
TXN004735,CUST00170,323152.79,Bank Transfer,Successful,Jinja,Web,16,0,0,0
TXN004736,CUST00124,486460.75,Mobile Money,Successful,Gulu,iPhone,18,0,0,0
TXN004737,CUST01893,28339.9,Card,Successful,Mbale,iPhone,11,0,0,0
TXN004738,CUST01059,287193.78,Mobile Money,Successful,Mbale,iPhone,19,12,1,0
TXN004739,CUST01111,431582.88,Card,Successful,Jinja,Android,22,0,0,0
TXN004740,CUST00646,240950.66,Card,Successful,Kampala,iPhone,4,12,1,0
TXN004741,CUST01732,39724.33,Mobile Money,Successful,Gulu,Web,11,0,0,0
TXN004742,CUST00786,280489.41,Bank Transfer,Successful,Kampala,Android,15,0,0,0
TXN004743,CUST00201,166370.91,Card,Successful,Jinja,iPhone,0,0,0,0
TXN004744,CUST00369,77893.42,Bank Transfer,Successful,Mbale,Android,1,0,0,0
TXN004745,CUST00797,424592.74,Mobile Money,Successful,Kampala,Android,9,0,0,0
TXN004746,CUST00077,261038.96,Mobile Money,Successful,Mbarara,Android,1,12,1,0
TXN004747,CUST00059,466671.57,Mobile Money,Successful,Kampala,Android,9,12,1,0
TXN004748,CUST00431,403105.24,Mobile Money,Successful,Mbale,iPhone,22,0,0,0
TXN004749,CUST00638,346639.41,Card,Successful,Jinja,Web,17,0,0,0
TXN004750,CUST01524,3010.24,Mobile Money,Successful,Kampala,Android,0,0,0,0
TXN004751,CUST01937,214197.82,Bank Transfer,Successful,Jinja,Web,4,0,0,0
TXN004752,CUST00109,99144.4,Bank Transfer,Failed,Gulu,Android,11,24,2,0
TXN004753,CUST01760,455443.56,Card,Successful,Mbarara,Web,16,0,0,0
TXN004754,CUST01008,87704.7,Mobile Money,Successful,Mbale,Android,18,0,0,0
TXN004755,CUST01302,143387.0,Card,Successful,Mbale,Android,17,12,1,0
TXN004756,CUST00068,258659.97,Card,Successful,Jinja,iPhone,12,0,0,0
TXN004757,CUST01093,132050.13,Card,Successful,Mbarara,iPhone,21,0,0,0
TXN004758,CUST01189,105327.41,Mobile Money,Successful,Mbale,Android,2,0,0,0
TXN004759,CUST01513,299750.11,Bank Transfer,Successful,Kampala,Web,20,0,0,0
TXN004760,CUST00305,44920.3,Bank Transfer,Successful,Mbale,iPhone,9,12,1,0
TXN004761,CUST01933,29554.8,Card,Successful,Kampala,iPhone,13,0,0,0
TXN004762,CUST00674,186436.52,Card,Successful,Mbale,iPhone,7,12,1,0
TXN004763,CUST00365,360471.9,Bank Transfer,Successful,Kampala,iPhone,9,12,1,0
TXN004764,CUST01878,277625.98,Bank Transfer,Successful,Gulu,Android,1,0,0,0
TXN004765,CUST00821,211726.8,Mobile Money,Successful,Jinja,Web,12,0,0,0
TXN004766,CUST01403,283092.91,Card,Successful,Gulu,iPhone,4,0,0,0
TXN004767,CUST00343,183043.02,Mobile Money,Successful,Kampala,iPhone,10,0,0,0
TXN004768,CUST00947,468105.09,Bank Transfer,Successful,Jinja,Web,23,0,0,0
TXN004769,CUST00899,27924.99,Bank Transfer,Successful,Mbarara,iPhone,0,0,0,0
TXN004770,CUST01578,336859.04,Bank Transfer,Successful,Kampala,Web,9,12,1,0
TXN004771,CUST01378,445695.69,Bank Transfer,Successful,Mbale,Android,12,12,1,0
TXN004772,CUST01440,402040.41,Mobile Money,Suspicious,Mbale,iPhone,3,52,1,1
TXN004773,CUST01133,92428.5,Bank Transfer,Successful,Mbarara,Web,20,0,0,0
TXN004774,CUST01587,148315.21,Card,Successful,Gulu,iPhone,9,0,0,0
TXN004775,CUST00762,358665.45,Bank Transfer,Failed,Kampala,Android,11,24,2,0
TXN004776,CUST01521,42593.14,Card,Successful,Mbale,Web,13,12,1,0
TXN004777,CUST00341,406024.92,Bank Transfer,Suspicious,Jinja,Web,2,40,0,1
TXN004778,CUST00942,359594.02,Mobile Money,Successful,Mbarara,Web,1,12,1,0
TXN004779,CUST00383,364938.52,Card,Successful,Gulu,iPhone,18,0,0,0
TXN004780,CUST01004,50570.56,Mobile Money,Successful,Gulu,Web,10,12,1,0
TXN004781,CUST01557,359021.39,Bank Transfer,Successful,Jinja,Web,20,0,0,0
TXN004782,CUST00300,340069.15,Mobile Money,Successful,Jinja,Web,6,0,0,0
TXN004783,CUST00139,415545.78,Bank Transfer,Successful,Mbarara,Android,17,0,0,0
TXN004784,CUST00359,21277.18,Mobile Money,Successful,Jinja,Web,13,0,0,0
TXN004785,CUST00836,12043.78,Mobile Money,Successful,Mbale,Web,6,0,0,0
TXN004786,CUST01523,186817.05,Card,Successful,Gulu,Web,21,12,1,0
TXN004787,CUST01409,74819.75,Bank Transfer,Successful,Jinja,Android,6,0,0,0
TXN004788,CUST01628,279413.05,Mobile Money,Successful,Kampala,Web,22,12,1,0
TXN004789,CUST01983,458715.78,Bank Transfer,Successful,Jinja,iPhone,8,0,0,0
TXN004790,CUST01304,196044.13,Card,Successful,Gulu,Web,22,0,0,0
TXN004791,CUST01661,422552.71,Mobile Money,Successful,Mbale,iPhone,11,12,1,0
TXN004792,CUST00483,620.32,Bank Transfer,Successful,Jinja,Android,5,0,0,0
TXN004793,CUST00909,84673.06,Mobile Money,Successful,Mbale,Android,23,0,0,0
TXN004794,CUST01135,15696.56,Mobile Money,Successful,Kampala,Web,6,0,0,0
TXN004795,CUST00866,164409.52,Mobile Money,Successful,Gulu,Web,21,0,0,0
TXN004796,CUST00139,454140.7,Mobile Money,Suspicious,Mbarara,Android,3,52,1,1
TXN004797,CUST00996,48927.59,Card,Successful,Gulu,Android,15,0,0,0
TXN004798,CUST00435,303401.68,Card,Successful,Mbarara,Android,6,12,1,0
TXN004799,CUST00509,226022.22,Bank Transfer,Successful,Mbarara,iPhone,7,12,1,0
TXN004800,CUST00273,469264.87,Bank Transfer,Successful,Gulu,iPhone,7,12,1,0
TXN004801,CUST01123,61698.31,Mobile Money,Successful,Mbarara,Web,19,12,1,0
TXN004802,CUST01788,106407.91,Mobile Money,Successful,Mbale,iPhone,2,0,0,0
TXN004803,CUST01874,15256.21,Mobile Money,Successful,Kampala,Android,8,0,0,0
TXN004804,CUST00104,217250.66,Card,Successful,Jinja,Web,18,0,0,0
TXN004805,CUST01238,139277.53,Mobile Money,Successful,Mbarara,iPhone,12,0,0,0
TXN004806,CUST01785,435018.01,Bank Transfer,Successful,Mbarara,Web,6,0,0,0
TXN004807,CUST01688,302667.94,Mobile Money,Successful,Gulu,iPhone,19,0,0,0
TXN004808,CUST00762,307238.32,Card,Successful,Mbale,Web,20,12,1,0
TXN004809,CUST00787,266189.39,Mobile Money,Successful,Jinja,Android,14,0,0,0
TXN004810,CUST00165,46379.24,Card,Successful,Mbarara,Android,18,0,0,0
TXN004811,CUST00999,222786.83,Card,Successful,Mbale,Android,1,0,0,0
TXN004812,CUST01877,499752.84,Card,Successful,Jinja,iPhone,11,0,0,0
TXN004813,CUST00520,417697.03,Card,Failed,Gulu,Web,7,24,2,0
TXN004814,CUST01308,446782.8,Bank Transfer,Successful,Mbarara,Web,22,0,0,0
TXN004815,CUST00517,411701.57,Card,Successful,Gulu,Web,22,0,0,0
TXN004816,CUST00657,51969.33,Bank Transfer,Successful,Gulu,iPhone,7,0,0,0
TXN004817,CUST00613,114110.4,Bank Transfer,Successful,Mbarara,Android,12,12,1,0
TXN004818,CUST00164,2059.26,Mobile Money,Failed,Mbale,Android,0,24,2,0
TXN004819,CUST01910,152103.31,Mobile Money,Successful,Mbale,Web,23,0,0,0
TXN004820,CUST01683,54749.4,Card,Successful,Gulu,Web,9,0,0,0
TXN004821,CUST00064,236660.28,Mobile Money,Successful,Gulu,iPhone,20,0,0,0
TXN004822,CUST01115,338725.18,Card,Successful,Kampala,Web,23,0,0,0
TXN004823,CUST01141,437315.39,Mobile Money,Failed,Jinja,Web,8,36,3,0
TXN004824,CUST01890,374733.97,Card,Successful,Gulu,iPhone,1,0,0,0
TXN004825,CUST00267,469323.51,Mobile Money,Successful,Gulu,Web,18,0,0,0
TXN004826,CUST01846,27422.2,Mobile Money,Successful,Jinja,Android,21,0,0,0
TXN004827,CUST01709,6583.83,Bank Transfer,Successful,Mbarara,iPhone,13,0,0,0
TXN004828,CUST01583,330838.39,Mobile Money,Successful,Mbale,Android,9,0,0,0
TXN004829,CUST01164,145031.53,Mobile Money,Successful,Mbarara,Web,9,12,1,0
TXN004830,CUST00246,127123.76,Card,Successful,Jinja,Web,7,0,0,0
TXN004831,CUST01685,165778.1,Bank Transfer,Successful,Jinja,iPhone,13,12,1,0
TXN004832,CUST01782,135263.13,Card,Successful,Kampala,iPhone,12,0,0,0
TXN004833,CUST00395,255962.48,Mobile Money,Successful,Kampala,iPhone,5,0,0,0
TXN004834,CUST01511,220354.15,Card,Successful,Mbale,iPhone,20,12,1,0
TXN004835,CUST00476,256458.06,Bank Transfer,Successful,Gulu,Web,12,12,1,0
TXN004836,CUST01541,336520.45,Card,Successful,Jinja,Web,2,12,1,0
TXN004837,CUST00977,193871.69,Mobile Money,Successful,Kampala,Android,19,12,1,0
TXN004838,CUST01208,126028.19,Card,Successful,Mbarara,Android,12,0,0,0
TXN004839,CUST01044,83517.17,Mobile Money,Successful,Kampala,iPhone,22,12,1,0
TXN004840,CUST01961,175062.32,Bank Transfer,Failed,Mbarara,Web,22,24,2,0
TXN004841,CUST00558,371032.33,Bank Transfer,Successful,Kampala,iPhone,18,12,1,0
TXN004842,CUST01018,378474.1,Card,Successful,Mbarara,iPhone,15,12,1,0
TXN004843,CUST01548,333619.24,Bank Transfer,Successful,Kampala,iPhone,3,0,0,0
TXN004844,CUST01606,117397.07,Card,Successful,Kampala,iPhone,2,0,0,0
TXN004845,CUST01553,294249.08,Mobile Money,Successful,Mbale,iPhone,14,12,1,0
TXN004846,CUST00883,285559.49,Card,Successful,Gulu,Web,14,0,0,0
TXN004847,CUST00147,242390.97,Mobile Money,Successful,Jinja,Android,17,12,1,0
TXN004848,CUST00666,275214.5,Bank Transfer,Successful,Gulu,iPhone,21,0,0,0
TXN004849,CUST01328,246149.42,Mobile Money,Successful,Mbale,Web,6,0,0,0
TXN004850,CUST00620,282945.45,Mobile Money,Successful,Mbarara,iPhone,19,0,0,0
TXN004851,CUST01772,357895.22,Mobile Money,Successful,Gulu,Web,4,12,1,0
TXN004852,CUST00820,55259.28,Mobile Money,Successful,Jinja,Android,7,12,1,0
TXN004853,CUST00864,374938.06,Mobile Money,Successful,Jinja,Android,22,12,1,0
TXN004854,CUST00582,68375.13,Card,Successful,Mbarara,Web,9,0,0,0
TXN004855,CUST01023,33780.69,Mobile Money,Successful,Jinja,iPhone,0,12,1,0
TXN004856,CUST00695,488051.8,Mobile Money,Successful,Mbale,Android,10,0,0,0
TXN004857,CUST01786,478517.39,Mobile Money,Suspicious,Gulu,iPhone,2,40,0,1
TXN004858,CUST01252,30688.05,Mobile Money,Successful,Jinja,iPhone,20,12,1,0
TXN004859,CUST01126,221905.09,Mobile Money,Successful,Gulu,Web,2,0,0,0
TXN004860,CUST01611,93529.35,Mobile Money,Successful,Kampala,iPhone,14,0,0,0
TXN004861,CUST01441,242929.78,Bank Transfer,Successful,Gulu,Web,16,0,0,0
TXN004862,CUST01982,415173.53,Card,Successful,Mbarara,Web,17,0,0,0
TXN004863,CUST01240,475330.58,Mobile Money,Suspicious,Mbale,Web,7,88,4,1
TXN004864,CUST00407,317309.2,Card,Failed,Jinja,Android,22,36,3,0
TXN004865,CUST00399,177275.88,Bank Transfer,Successful,Mbale,iPhone,12,0,0,0
TXN004866,CUST01947,301861.12,Bank Transfer,Successful,Gulu,Web,9,0,0,0
TXN004867,CUST00715,156344.65,Mobile Money,Successful,Jinja,Web,2,12,1,0
TXN004868,CUST00704,454956.91,Card,Successful,Mbale,iPhone,19,12,1,0
TXN004869,CUST00761,435265.03,Mobile Money,Successful,Mbarara,Android,13,0,0,0
TXN004870,CUST00499,279336.76,Bank Transfer,Successful,Kampala,Web,12,0,0,0
TXN004871,CUST01778,162737.06,Bank Transfer,Successful,Kampala,Web,2,12,1,0
TXN004872,CUST01489,147048.14,Card,Successful,Mbarara,Web,12,0,0,0
TXN004873,CUST01715,17192.29,Mobile Money,Successful,Kampala,Web,19,12,1,0
TXN004874,CUST01973,408002.52,Card,Successful,Mbarara,iPhone,23,0,0,0
TXN004875,CUST00974,225466.41,Card,Successful,Gulu,Web,22,0,0,0
TXN004876,CUST01755,162903.9,Bank Transfer,Failed,Mbarara,Android,8,24,2,0
TXN004877,CUST00082,235819.62,Card,Failed,Kampala,iPhone,15,36,3,0
TXN004878,CUST00604,409459.63,Bank Transfer,Successful,Gulu,Android,22,12,1,0
TXN004879,CUST01971,62744.8,Mobile Money,Successful,Mbarara,iPhone,22,0,0,0
TXN004880,CUST01711,428899.17,Card,Successful,Mbarara,iPhone,7,0,0,0
TXN004881,CUST01775,448805.66,Card,Successful,Gulu,iPhone,11,0,0,0
TXN004882,CUST00772,473380.6,Mobile Money,Successful,Jinja,Android,11,12,1,0
TXN004883,CUST00903,199045.25,Card,Successful,Kampala,Android,18,0,0,0
TXN004884,CUST00365,108961.63,Mobile Money,Successful,Jinja,Web,23,0,0,0
TXN004885,CUST00163,187133.59,Bank Transfer,Successful,Gulu,Android,16,0,0,0
TXN004886,CUST01072,166789.59,Bank Transfer,Successful,Gulu,Web,14,0,0,0
TXN004887,CUST00511,88488.88,Card,Failed,Mbale,iPhone,21,36,3,0
TXN004888,CUST01353,303829.7,Bank Transfer,Successful,Mbale,Web,17,12,1,0
TXN004889,CUST01864,238573.77,Bank Transfer,Successful,Gulu,Android,6,0,0,0
TXN004890,CUST00116,432917.65,Mobile Money,Successful,Mbale,iPhone,12,0,0,0
TXN004891,CUST00941,16538.74,Bank Transfer,Successful,Mbarara,iPhone,18,12,1,0
TXN004892,CUST01873,322112.03,Bank Transfer,Successful,Jinja,Web,15,12,1,0
TXN004893,CUST00337,381592.96,Bank Transfer,Successful,Gulu,Web,10,0,0,0
TXN004894,CUST00881,379863.54,Mobile Money,Successful,Mbarara,Android,4,0,0,0
TXN004895,CUST00737,443093.95,Card,Suspicious,Kampala,iPhone,1,52,1,1
TXN004896,CUST01888,364652.35,Mobile Money,Successful,Kampala,Web,0,0,0,0
TXN004897,CUST00840,463941.13,Card,Failed,Mbale,iPhone,15,36,3,0
TXN004898,CUST00147,166661.97,Card,Successful,Mbale,Android,4,0,0,0
TXN004899,CUST01599,251853.1,Bank Transfer,Successful,Mbarara,iPhone,6,0,0,0
TXN004900,CUST01830,7532.79,Bank Transfer,Successful,Kampala,Web,8,12,1,0
TXN004901,CUST01347,3975.31,Mobile Money,Failed,Gulu,Android,3,24,2,0
TXN004902,CUST00443,120443.25,Mobile Money,Successful,Jinja,Android,18,12,1,0
TXN004903,CUST00837,50853.19,Mobile Money,Successful,Mbale,iPhone,19,0,0,0
TXN004904,CUST01037,130475.58,Bank Transfer,Failed,Mbarara,Web,14,24,2,0
TXN004905,CUST00943,88933.13,Card,Successful,Mbale,iPhone,6,0,0,0
TXN004906,CUST01518,14745.75,Mobile Money,Successful,Mbarara,iPhone,23,0,0,0
TXN004907,CUST01725,454697.42,Card,Successful,Kampala,iPhone,17,0,0,0
TXN004908,CUST00287,4607.45,Bank Transfer,Successful,Mbale,Web,4,12,1,0
TXN004909,CUST00720,368173.03,Bank Transfer,Successful,Mbarara,iPhone,20,0,0,0
TXN004910,CUST01138,76497.87,Bank Transfer,Successful,Mbarara,iPhone,12,12,1,0
TXN004911,CUST00480,456158.7,Bank Transfer,Suspicious,Mbale,Android,2,40,0,1
TXN004912,CUST00022,446451.57,Card,Successful,Jinja,Android,5,0,0,0
TXN004913,CUST01373,327123.62,Card,Successful,Gulu,Android,11,0,0,0
TXN004914,CUST01750,336280.96,Mobile Money,Successful,Kampala,Web,20,0,0,0
TXN004915,CUST00683,3166.9,Card,Successful,Mbale,iPhone,17,12,1,0
TXN004916,CUST01859,492443.35,Card,Successful,Mbale,iPhone,17,12,1,0
TXN004917,CUST01590,438977.39,Card,Suspicious,Jinja,Android,3,52,1,1
TXN004918,CUST00906,447605.56,Mobile Money,Successful,Kampala,iPhone,19,0,0,0
TXN004919,CUST01834,329792.65,Card,Successful,Mbale,Web,22,12,1,0
TXN004920,CUST00320,172721.07,Card,Successful,Jinja,iPhone,13,0,0,0
TXN004921,CUST00126,446877.5,Card,Successful,Gulu,Android,13,12,1,0
TXN004922,CUST00277,146112.71,Bank Transfer,Suspicious,Mbarara,Web,0,88,4,1
TXN004923,CUST02000,281574.42,Card,Successful,Gulu,iPhone,10,0,0,0
TXN004924,CUST01228,50315.62,Mobile Money,Successful,Gulu,iPhone,21,0,0,0
TXN004925,CUST00194,461016.84,Mobile Money,Successful,Gulu,iPhone,8,0,0,0
TXN004926,CUST01705,70814.84,Mobile Money,Successful,Gulu,Web,17,0,0,0
TXN004927,CUST01688,112835.95,Mobile Money,Successful,Mbarara,iPhone,4,12,1,0
TXN004928,CUST01571,279288.01,Bank Transfer,Successful,Kampala,Android,9,12,1,0
TXN004929,CUST00696,382164.45,Mobile Money,Successful,Kampala,Android,14,0,0,0
TXN004930,CUST01310,309865.98,Bank Transfer,Successful,Jinja,Android,9,12,1,0
TXN004931,CUST00057,116450.89,Bank Transfer,Successful,Jinja,Android,15,12,1,0
TXN004932,CUST01758,971.05,Bank Transfer,Successful,Mbale,Web,3,12,1,0
TXN004933,CUST01327,378696.71,Mobile Money,Successful,Gulu,Android,3,0,0,0
TXN004934,CUST01187,492611.06,Mobile Money,Successful,Gulu,Android,7,12,1,0
TXN004935,CUST00019,405051.6,Bank Transfer,Successful,Mbarara,Android,5,0,0,0
TXN004936,CUST01394,230373.21,Bank Transfer,Successful,Gulu,Web,22,12,1,0
TXN004937,CUST00264,451931.75,Mobile Money,Successful,Mbarara,Web,10,0,0,0
TXN004938,CUST00794,205218.91,Card,Successful,Mbale,iPhone,12,0,0,0
TXN004939,CUST00113,262704.58,Card,Successful,Jinja,Android,18,0,0,0
TXN004940,CUST01512,238826.32,Card,Failed,Jinja,iPhone,10,24,2,0
TXN004941,CUST01351,224088.12,Mobile Money,Successful,Mbale,Web,1,12,1,0
TXN004942,CUST00542,387707.79,Mobile Money,Successful,Mbale,iPhone,2,0,0,0
TXN004943,CUST00647,263621.07,Bank Transfer,Successful,Gulu,Web,14,12,1,0
TXN004944,CUST00579,158700.2,Mobile Money,Successful,Jinja,iPhone,23,0,0,0
TXN004945,CUST01089,129450.0,Mobile Money,Failed,Kampala,Android,12,24,2,0
TXN004946,CUST01316,19354.78,Mobile Money,Successful,Mbale,Web,9,0,0,0
TXN004947,CUST00025,291805.98,Bank Transfer,Successful,Jinja,Web,4,0,0,0
TXN004948,CUST01573,115365.73,Bank Transfer,Successful,Jinja,Web,23,12,1,0
TXN004949,CUST00001,74492.89,Card,Failed,Mbarara,Android,10,36,3,0
TXN004950,CUST00911,327088.07,Card,Successful,Jinja,Android,22,0,0,0
TXN004951,CUST01573,340764.02,Mobile Money,Successful,Mbale,Web,13,12,1,0
TXN004952,CUST00141,376201.37,Mobile Money,Successful,Gulu,Web,19,0,0,0
TXN004953,CUST01768,252036.66,Bank Transfer,Successful,Jinja,Android,14,0,0,0
TXN004954,CUST00648,447080.28,Card,Successful,Kampala,Android,12,0,0,0
TXN004955,CUST01925,468203.21,Card,Suspicious,Mbale,Android,2,52,1,1
TXN004956,CUST00188,403781.78,Card,Successful,Gulu,Android,8,12,1,0
TXN004957,CUST01152,317978.94,Mobile Money,Successful,Gulu,Android,7,12,1,0
TXN004958,CUST00201,152208.62,Mobile Money,Successful,Mbale,Android,14,12,1,0
TXN004959,CUST01151,491480.99,Mobile Money,Successful,Gulu,iPhone,22,0,0,0
TXN004960,CUST00257,137431.02,Bank Transfer,Successful,Kampala,Android,0,0,0,0
TXN004961,CUST01700,101727.13,Card,Successful,Jinja,Android,1,0,0,0
TXN004962,CUST00547,221355.98,Bank Transfer,Failed,Mbale,Web,8,24,2,0
TXN004963,CUST00194,28891.87,Card,Successful,Jinja,Web,20,0,0,0
TXN004964,CUST00703,489257.99,Mobile Money,Successful,Jinja,iPhone,16,12,1,0
TXN004965,CUST01128,294422.56,Bank Transfer,Successful,Gulu,Android,8,0,0,0
TXN004966,CUST01559,278697.57,Bank Transfer,Successful,Mbale,Web,0,0,0,0
TXN004967,CUST01289,328070.24,Mobile Money,Successful,Jinja,Web,7,0,0,0
TXN004968,CUST00802,248763.31,Card,Successful,Mbarara,iPhone,4,0,0,0
TXN004969,CUST00942,16515.73,Card,Successful,Kampala,Android,10,12,1,0
TXN004970,CUST01998,306349.49,Card,Successful,Gulu,Web,5,0,0,0
TXN004971,CUST01408,358228.85,Card,Successful,Mbale,Android,16,0,0,0
TXN004972,CUST01284,208666.16,Mobile Money,Successful,Mbale,iPhone,17,12,1,0
TXN004973,CUST00414,378769.14,Mobile Money,Successful,Gulu,iPhone,22,0,0,0
TXN004974,CUST01382,113887.15,Mobile Money,Successful,Jinja,Android,17,12,1,0
TXN004975,CUST01099,111027.66,Mobile Money,Failed,Gulu,iPhone,4,36,3,0
TXN004976,CUST01379,81127.79,Bank Transfer,Successful,Mbale,Web,4,12,1,0
TXN004977,CUST01608,186311.38,Bank Transfer,Successful,Mbarara,iPhone,18,0,0,0
TXN004978,CUST01795,423582.51,Bank Transfer,Successful,Jinja,iPhone,12,0,0,0
TXN004979,CUST00910,414042.08,Mobile Money,Successful,Gulu,Android,21,0,0,0
TXN004980,CUST00188,191720.69,Card,Successful,Mbale,Web,6,12,1,0
TXN004981,CUST01997,294764.81,Bank Transfer,Successful,Mbale,Android,13,0,0,0
TXN004982,CUST01709,360547.75,Bank Transfer,Successful,Mbale,Android,7,12,1,0
TXN004983,CUST01314,120982.78,Mobile Money,Successful,Mbarara,Android,2,0,0,0
TXN004984,CUST00045,84486.47,Card,Successful,Jinja,iPhone,3,0,0,0
TXN004985,CUST01597,486061.95,Card,Successful,Gulu,iPhone,9,12,1,0
TXN004986,CUST00083,308969.88,Card,Successful,Jinja,Android,3,12,1,0
TXN004987,CUST01147,490717.15,Mobile Money,Successful,Mbale,iPhone,17,12,1,0
TXN004988,CUST00358,169209.12,Card,Successful,Mbarara,iPhone,22,0,0,0
TXN004989,CUST01552,351664.33,Bank Transfer,Failed,Mbarara,Android,11,24,2,0
TXN004990,CUST01090,111690.52,Bank Transfer,Successful,Mbale,Web,19,0,0,0
TXN004991,CUST00936,130969.49,Bank Transfer,Successful,Jinja,Web,19,0,0,0
TXN004992,CUST01681,256195.11,Mobile Money,Successful,Jinja,iPhone,14,0,0,0
TXN004993,CUST00375,160149.25,Card,Successful,Mbarara,Web,12,0,0,0
TXN004994,CUST00162,84226.97,Mobile Money,Successful,Kampala,Web,11,0,0,0
TXN004995,CUST01770,131808.91,Card,Successful,Mbarara,iPhone,7,12,1,0
TXN004996,CUST01404,18356.32,Mobile Money,Successful,Mbarara,Web,21,0,0,0
TXN004997,CUST01680,352359.6,Bank Transfer,Successful,Gulu,iPhone,21,0,0,0
TXN004998,CUST01382,246312.27,Mobile Money,Successful,Mbarara,Android,8,0,0,0
TXN004999,CUST01212,47574.41,Mobile Money,Failed,Kampala,Web,19,24,2,0
TXN005000,CUST00322,86261.15,Mobile Money,Successful,Mbarara,Android,8,12,1,0
TXN005001,CUST00450,51716.0,Bank Transfer,Successful,Jinja,Android,16,12,1,0
TXN005002,CUST01498,306490.11,Mobile Money,Successful,Gulu,iPhone,0,0,0,0
TXN005003,CUST01037,47558.08,Mobile Money,Successful,Gulu,Web,22,0,0,0
TXN005004,CUST00184,377264.03,Bank Transfer,Successful,Mbarara,Web,5,0,0,0
TXN005005,CUST00111,10745.2,Card,Successful,Gulu,Web,6,0,0,0
TXN005006,CUST01951,125063.21,Mobile Money,Successful,Gulu,Web,8,12,1,0
TXN005007,CUST00508,445388.0,Bank Transfer,Suspicious,Mbarara,iPhone,9,88,4,1
TXN005008,CUST01314,359406.39,Mobile Money,Successful,Kampala,Android,3,0,0,0
TXN005009,CUST00295,36947.68,Bank Transfer,Successful,Mbarara,Web,15,0,0,0
TXN005010,CUST01475,410652.49,Card,Failed,Jinja,Web,11,36,3,0
TXN005011,CUST00904,246771.04,Card,Successful,Mbale,iPhone,8,0,0,0
TXN005012,CUST01239,423468.12,Mobile Money,Suspicious,Kampala,Web,2,64,2,1
TXN005013,CUST00974,300569.52,Bank Transfer,Successful,Mbarara,Web,8,12,1,0
TXN005014,CUST00632,341075.6,Card,Successful,Kampala,Android,16,0,0,0
TXN005015,CUST01918,496754.03,Card,Successful,Mbale,Web,13,12,1,0
TXN005016,CUST01591,116551.61,Bank Transfer,Successful,Gulu,Web,4,0,0,0
TXN005017,CUST01051,312160.81,Mobile Money,Successful,Gulu,Android,20,0,0,0
TXN005018,CUST01654,230430.53,Card,Successful,Mbale,Web,0,12,1,0
TXN005019,CUST00733,20206.25,Card,Successful,Gulu,Android,0,0,0,0
TXN005020,CUST01255,7728.09,Card,Successful,Kampala,iPhone,2,12,1,0
TXN005021,CUST01589,60054.67,Mobile Money,Successful,Gulu,Android,8,0,0,0
TXN005022,CUST01831,324721.32,Card,Successful,Mbale,Android,22,12,1,0
TXN005023,CUST00321,283797.96,Bank Transfer,Successful,Mbale,Web,5,12,1,0
TXN005024,CUST00913,276938.07,Mobile Money,Successful,Mbale,Web,8,12,1,0
TXN005025,CUST01257,16412.45,Card,Successful,Jinja,Web,3,12,1,0
TXN005026,CUST01694,234916.85,Bank Transfer,Successful,Kampala,Web,19,0,0,0
TXN005027,CUST00437,462349.1,Bank Transfer,Failed,Mbale,Android,18,24,2,0
TXN005028,CUST00781,199097.14,Mobile Money,Successful,Kampala,iPhone,4,0,0,0
TXN005029,CUST01557,312648.77,Bank Transfer,Successful,Jinja,Web,4,0,0,0
TXN005030,CUST01427,390019.43,Mobile Money,Successful,Kampala,Android,13,0,0,0
TXN005031,CUST01077,392070.68,Mobile Money,Successful,Mbarara,iPhone,9,0,0,0
TXN005032,CUST01811,259880.4,Mobile Money,Successful,Jinja,iPhone,22,0,0,0
TXN005033,CUST01337,429047.0,Bank Transfer,Successful,Jinja,iPhone,15,12,1,0
TXN005034,CUST01305,195993.36,Mobile Money,Successful,Gulu,Android,22,0,0,0
TXN005035,CUST00726,444402.26,Mobile Money,Successful,Mbale,Web,5,0,0,0
TXN005036,CUST00031,120493.47,Bank Transfer,Successful,Jinja,Android,19,12,1,0
TXN005037,CUST00337,140468.1,Mobile Money,Successful,Kampala,Web,22,0,0,0
TXN005038,CUST00183,27033.75,Card,Successful,Mbarara,iPhone,13,12,1,0
TXN005039,CUST01047,397893.13,Bank Transfer,Successful,Kampala,iPhone,17,0,0,0
TXN005040,CUST00544,208819.09,Bank Transfer,Successful,Kampala,Android,8,0,0,0
TXN005041,CUST01470,114943.75,Bank Transfer,Successful,Mbarara,iPhone,6,0,0,0
TXN005042,CUST01098,116279.24,Card,Successful,Gulu,Android,17,0,0,0
TXN005043,CUST01034,450749.27,Mobile Money,Successful,Mbale,Web,9,0,0,0
TXN005044,CUST01508,417041.34,Bank Transfer,Suspicious,Jinja,iPhone,1,40,0,1
TXN005045,CUST01480,276988.68,Bank Transfer,Successful,Mbale,Web,12,0,0,0
TXN005046,CUST01590,308247.34,Bank Transfer,Successful,Gulu,iPhone,5,0,0,0
TXN005047,CUST01588,237425.62,Card,Successful,Mbarara,Web,22,0,0,0
TXN005048,CUST00660,196137.44,Card,Successful,Mbale,iPhone,8,0,0,0
TXN005049,CUST00160,457780.7,Card,Successful,Kampala,Web,19,0,0,0
TXN005050,CUST01906,63243.55,Mobile Money,Successful,Jinja,iPhone,7,0,0,0
TXN005051,CUST01038,209514.17,Mobile Money,Successful,Jinja,Android,9,12,1,0
TXN005052,CUST01202,172608.67,Card,Failed,Gulu,Web,15,24,2,0
TXN005053,CUST00412,249326.28,Mobile Money,Successful,Gulu,Web,14,12,1,0
TXN005054,CUST01902,229087.12,Card,Successful,Mbarara,Android,12,12,1,0
TXN005055,CUST01012,259685.32,Mobile Money,Successful,Gulu,Android,17,0,0,0
TXN005056,CUST00053,70389.53,Mobile Money,Successful,Mbale,Android,5,0,0,0
TXN005057,CUST00408,256814.18,Card,Successful,Jinja,iPhone,19,0,0,0
TXN005058,CUST00847,121588.2,Bank Transfer,Successful,Mbarara,Android,23,12,1,0
TXN005059,CUST01046,92573.51,Bank Transfer,Successful,Gulu,iPhone,8,12,1,0
TXN005060,CUST01054,32884.69,Mobile Money,Successful,Kampala,iPhone,17,0,0,0
TXN005061,CUST00703,381444.95,Mobile Money,Successful,Jinja,Android,6,0,0,0
TXN005062,CUST00260,214007.24,Mobile Money,Successful,Mbarara,Android,22,12,1,0
TXN005063,CUST01229,313508.52,Mobile Money,Successful,Jinja,iPhone,23,0,0,0
TXN005064,CUST01083,363932.87,Mobile Money,Successful,Mbale,Web,4,12,1,0
TXN005065,CUST01495,339818.67,Mobile Money,Successful,Gulu,Web,10,0,0,0
TXN005066,CUST00776,235515.11,Card,Successful,Gulu,Android,12,0,0,0
TXN005067,CUST01490,194255.32,Bank Transfer,Failed,Gulu,Web,2,24,2,0
TXN005068,CUST01036,188291.97,Bank Transfer,Successful,Kampala,iPhone,0,0,0,0
TXN005069,CUST01655,320204.37,Card,Successful,Mbale,Web,3,12,1,0
TXN005070,CUST01951,247649.78,Card,Successful,Kampala,iPhone,18,0,0,0
TXN005071,CUST01998,424641.56,Bank Transfer,Successful,Mbale,Android,17,0,0,0
TXN005072,CUST01314,437413.64,Bank Transfer,Successful,Mbale,Android,5,0,0,0
TXN005073,CUST00850,85694.91,Mobile Money,Successful,Mbale,Web,22,12,1,0
TXN005074,CUST01784,68548.71,Bank Transfer,Successful,Gulu,Android,9,12,1,0
TXN005075,CUST00354,315385.26,Mobile Money,Successful,Gulu,Android,6,12,1,0
TXN005076,CUST01663,150962.26,Mobile Money,Successful,Gulu,iPhone,11,0,0,0
TXN005077,CUST01099,9776.07,Bank Transfer,Successful,Kampala,iPhone,7,12,1,0
TXN005078,CUST00873,444377.01,Mobile Money,Successful,Mbarara,iPhone,12,0,0,0
TXN005079,CUST01740,113836.93,Mobile Money,Successful,Mbale,iPhone,17,0,0,0
TXN005080,CUST01585,464675.69,Card,Successful,Kampala,Android,13,0,0,0
TXN005081,CUST01615,358858.51,Bank Transfer,Successful,Gulu,iPhone,10,12,1,0
TXN005082,CUST01465,381445.42,Card,Successful,Gulu,iPhone,9,12,1,0
TXN005083,CUST00991,101130.02,Mobile Money,Successful,Mbarara,iPhone,5,12,1,0
TXN005084,CUST01265,117480.12,Mobile Money,Successful,Gulu,Web,12,12,1,0
TXN005085,CUST01018,260873.24,Card,Successful,Mbale,iPhone,21,0,0,0
TXN005086,CUST01885,86463.88,Card,Successful,Jinja,Android,9,0,0,0
TXN005087,CUST01178,153063.13,Card,Successful,Gulu,Android,11,12,1,0
TXN005088,CUST01810,161070.51,Mobile Money,Failed,Mbarara,iPhone,0,24,2,0
TXN005089,CUST01120,80235.15,Bank Transfer,Successful,Jinja,Web,17,12,1,0
TXN005090,CUST01750,102988.83,Mobile Money,Successful,Mbale,Web,12,0,0,0
TXN005091,CUST00294,394381.65,Card,Successful,Mbale,Web,23,0,0,0
TXN005092,CUST00209,84014.33,Bank Transfer,Successful,Mbale,Web,3,0,0,0
TXN005093,CUST01367,14714.47,Card,Successful,Mbarara,iPhone,5,0,0,0
TXN005094,CUST01112,314862.79,Mobile Money,Successful,Jinja,iPhone,17,12,1,0
TXN005095,CUST00818,488003.57,Bank Transfer,Suspicious,Mbale,Android,4,40,0,1
TXN005096,CUST01800,165941.3,Bank Transfer,Successful,Gulu,Android,17,0,0,0
TXN005097,CUST01961,59768.52,Mobile Money,Successful,Jinja,Web,4,12,1,0
TXN005098,CUST00390,285408.47,Card,Successful,Mbale,Web,6,0,0,0
TXN005099,CUST00325,453223.93,Card,Successful,Jinja,Android,22,0,0,0
TXN005100,CUST00940,392138.86,Card,Successful,Gulu,Android,8,0,0,0
TXN005101,CUST00889,311446.68,Mobile Money,Successful,Kampala,Web,2,0,0,0
TXN005102,CUST01856,157870.72,Card,Successful,Mbale,Android,11,12,1,0
TXN005103,CUST01181,271169.15,Bank Transfer,Successful,Gulu,Web,19,0,0,0
TXN005104,CUST00668,46076.8,Card,Successful,Mbarara,iPhone,13,0,0,0
TXN005105,CUST01675,339633.24,Card,Successful,Mbale,Web,7,12,1,0
TXN005106,CUST00633,362685.46,Bank Transfer,Failed,Kampala,iPhone,11,24,2,0
TXN005107,CUST00577,482533.3,Bank Transfer,Successful,Gulu,iPhone,6,12,1,0
TXN005108,CUST01643,130568.48,Card,Successful,Gulu,iPhone,23,0,0,0
TXN005109,CUST01683,9718.98,Bank Transfer,Successful,Jinja,Android,8,0,0,0
TXN005110,CUST00137,273031.43,Mobile Money,Successful,Mbale,Android,11,12,1,0
TXN005111,CUST01947,353541.86,Bank Transfer,Successful,Kampala,Web,3,12,1,0
TXN005112,CUST01698,395308.53,Mobile Money,Successful,Mbarara,iPhone,4,0,0,0
TXN005113,CUST00428,97272.6,Bank Transfer,Successful,Jinja,Web,8,12,1,0
TXN005114,CUST01476,131245.56,Mobile Money,Failed,Mbale,iPhone,6,24,2,0
TXN005115,CUST00612,256539.17,Mobile Money,Failed,Kampala,iPhone,13,24,2,0
TXN005116,CUST01874,165635.1,Card,Successful,Jinja,Web,19,12,1,0
TXN005117,CUST00911,430325.49,Bank Transfer,Successful,Kampala,Web,21,0,0,0
TXN005118,CUST00819,237143.2,Bank Transfer,Successful,Kampala,Web,16,12,1,0
TXN005119,CUST00141,399889.53,Bank Transfer,Successful,Jinja,Web,0,0,0,0
TXN005120,CUST01107,290519.57,Mobile Money,Successful,Jinja,Android,14,0,0,0
TXN005121,CUST00177,386658.53,Card,Successful,Mbale,iPhone,23,0,0,0
TXN005122,CUST00198,166670.16,Bank Transfer,Successful,Jinja,iPhone,14,0,0,0
TXN005123,CUST00624,415792.6,Card,Suspicious,Mbale,Android,0,40,0,1
TXN005124,CUST01592,137648.87,Card,Successful,Kampala,iPhone,14,12,1,0
TXN005125,CUST01996,273276.35,Mobile Money,Successful,Jinja,Android,1,0,0,0
TXN005126,CUST00691,107396.55,Bank Transfer,Failed,Mbale,iPhone,3,36,3,0
TXN005127,CUST01445,238025.5,Card,Successful,Mbale,Android,16,0,0,0
TXN005128,CUST00401,159428.52,Bank Transfer,Successful,Mbarara,Android,15,12,1,0
TXN005129,CUST01722,133718.36,Bank Transfer,Successful,Mbale,iPhone,17,12,1,0
TXN005130,CUST00471,483509.02,Bank Transfer,Successful,Mbale,iPhone,20,12,1,0
TXN005131,CUST00218,80457.02,Card,Successful,Mbarara,iPhone,15,0,0,0
TXN005132,CUST01949,393769.26,Mobile Money,Successful,Gulu,Web,7,12,1,0
TXN005133,CUST00929,492090.4,Mobile Money,Successful,Jinja,iPhone,5,12,1,0
TXN005134,CUST01852,10440.79,Card,Successful,Mbarara,iPhone,21,12,1,0
TXN005135,CUST01753,349664.19,Bank Transfer,Successful,Mbale,iPhone,19,0,0,0
TXN005136,CUST00632,126829.45,Bank Transfer,Successful,Mbale,Web,1,0,0,0
TXN005137,CUST00951,20723.67,Mobile Money,Successful,Jinja,iPhone,18,12,1,0
TXN005138,CUST00906,201743.34,Card,Successful,Kampala,Android,12,12,1,0
TXN005139,CUST00175,467641.3,Card,Successful,Mbarara,Android,21,0,0,0
TXN005140,CUST00023,6376.66,Mobile Money,Successful,Gulu,Web,21,0,0,0
TXN005141,CUST01749,294148.9,Card,Successful,Jinja,Web,20,0,0,0
TXN005142,CUST01941,250947.54,Card,Successful,Jinja,Web,5,0,0,0
TXN005143,CUST00235,436755.39,Mobile Money,Successful,Mbarara,Web,5,0,0,0
TXN005144,CUST01037,42458.86,Mobile Money,Successful,Mbale,Web,12,0,0,0
TXN005145,CUST01125,340922.25,Card,Successful,Mbale,iPhone,0,0,0,0
TXN005146,CUST00929,340214.79,Card,Successful,Gulu,Android,21,0,0,0
TXN005147,CUST01560,334705.47,Mobile Money,Successful,Mbarara,Android,20,0,0,0
TXN005148,CUST01900,471196.08,Mobile Money,Successful,Jinja,iPhone,23,0,0,0
TXN005149,CUST00523,411632.22,Bank Transfer,Successful,Mbarara,Web,8,0,0,0
TXN005150,CUST01809,21465.38,Card,Successful,Kampala,iPhone,21,12,1,0
TXN005151,CUST01476,235805.88,Card,Successful,Jinja,Web,11,0,0,0
TXN005152,CUST00431,199277.55,Mobile Money,Successful,Gulu,Android,11,0,0,0
TXN005153,CUST00793,155418.54,Mobile Money,Successful,Gulu,Android,3,0,0,0
TXN005154,CUST01630,225942.69,Bank Transfer,Successful,Jinja,Web,18,0,0,0
TXN005155,CUST01737,192405.0,Bank Transfer,Successful,Mbale,iPhone,15,0,0,0
TXN005156,CUST00533,216450.78,Mobile Money,Successful,Jinja,Web,11,0,0,0
TXN005157,CUST01876,489641.3,Card,Suspicious,Jinja,Web,0,64,2,1
TXN005158,CUST00979,44772.17,Bank Transfer,Successful,Kampala,Android,22,0,0,0
TXN005159,CUST01747,461154.32,Mobile Money,Successful,Jinja,Web,20,12,1,0
TXN005160,CUST01676,240378.24,Mobile Money,Successful,Mbarara,iPhone,3,12,1,0
TXN005161,CUST01317,312059.25,Mobile Money,Successful,Mbarara,Web,8,0,0,0
TXN005162,CUST00810,415176.39,Card,Successful,Gulu,Android,6,0,0,0
TXN005163,CUST00913,180551.28,Mobile Money,Successful,Mbale,iPhone,9,12,1,0
TXN005164,CUST01125,215495.74,Mobile Money,Successful,Gulu,iPhone,12,0,0,0
TXN005165,CUST01526,205054.48,Card,Failed,Kampala,Android,7,24,2,0
TXN005166,CUST01328,187678.15,Mobile Money,Successful,Jinja,Android,19,0,0,0
TXN005167,CUST00871,462801.9,Mobile Money,Successful,Gulu,Web,9,12,1,0
TXN005168,CUST00540,414550.48,Bank Transfer,Successful,Jinja,Android,9,12,1,0
TXN005169,CUST01024,54945.49,Mobile Money,Failed,Gulu,Android,7,24,2,0
TXN005170,CUST01577,54507.61,Card,Successful,Jinja,Android,19,0,0,0
TXN005171,CUST01379,214220.82,Bank Transfer,Successful,Gulu,Android,14,0,0,0
TXN005172,CUST01327,49779.36,Mobile Money,Successful,Mbarara,iPhone,0,0,0,0
TXN005173,CUST01520,309737.0,Card,Successful,Kampala,iPhone,14,0,0,0
TXN005174,CUST01682,72273.96,Mobile Money,Failed,Gulu,iPhone,23,24,2,0
TXN005175,CUST01792,261425.45,Bank Transfer,Successful,Mbarara,Android,16,0,0,0
TXN005176,CUST01998,4106.36,Card,Successful,Mbale,Web,12,12,1,0
TXN005177,CUST00227,158639.88,Bank Transfer,Successful,Gulu,Web,11,0,0,0
TXN005178,CUST01260,338756.77,Card,Successful,Jinja,Web,2,0,0,0
TXN005179,CUST00873,242277.45,Card,Successful,Kampala,Web,22,12,1,0
TXN005180,CUST00892,489145.61,Mobile Money,Failed,Mbarara,iPhone,18,24,2,0
TXN005181,CUST01479,437114.85,Card,Successful,Mbarara,Web,23,0,0,0
TXN005182,CUST01037,179855.85,Card,Successful,Kampala,iPhone,4,0,0,0
TXN005183,CUST00210,23220.53,Mobile Money,Successful,Gulu,Web,2,12,1,0
TXN005184,CUST00741,422890.34,Card,Successful,Jinja,Web,20,0,0,0
TXN005185,CUST00397,455661.54,Card,Suspicious,Mbale,iPhone,4,40,0,1
TXN005186,CUST01124,410403.38,Card,Successful,Gulu,iPhone,23,12,1,0
TXN005187,CUST00031,64411.0,Card,Successful,Kampala,Web,8,0,0,0
TXN005188,CUST00898,498958.61,Mobile Money,Successful,Gulu,Android,5,12,1,0
TXN005189,CUST01552,129662.82,Mobile Money,Failed,Gulu,Web,15,24,2,0
TXN005190,CUST00649,362240.35,Bank Transfer,Failed,Kampala,Web,9,36,3,0
TXN005191,CUST00329,454063.42,Card,Successful,Kampala,Web,15,12,1,0
TXN005192,CUST01190,118225.71,Mobile Money,Successful,Mbale,iPhone,2,0,0,0
TXN005193,CUST01483,454175.15,Card,Successful,Kampala,Web,17,0,0,0
TXN005194,CUST01846,155086.05,Mobile Money,Successful,Kampala,Android,10,0,0,0
TXN005195,CUST00952,488218.4,Bank Transfer,Failed,Kampala,Web,18,24,2,0
TXN005196,CUST01124,140989.38,Card,Successful,Mbarara,Android,22,0,0,0
TXN005197,CUST00621,476741.19,Bank Transfer,Successful,Kampala,Android,14,12,1,0
TXN005198,CUST01879,27245.55,Bank Transfer,Successful,Kampala,Android,10,0,0,0
TXN005199,CUST01197,354781.37,Bank Transfer,Successful,Kampala,Web,21,12,1,0
TXN005200,CUST01773,266289.51,Mobile Money,Successful,Mbale,iPhone,23,0,0,0
TXN005201,CUST00162,239199.6,Card,Successful,Gulu,iPhone,9,12,1,0
TXN005202,CUST01929,112135.41,Mobile Money,Successful,Kampala,Web,8,12,1,0
TXN005203,CUST01752,352945.1,Mobile Money,Successful,Kampala,Web,2,0,0,0
TXN005204,CUST00776,95809.34,Card,Successful,Mbale,Android,22,0,0,0
TXN005205,CUST01287,276644.48,Card,Successful,Gulu,Web,8,12,1,0
TXN005206,CUST01828,126996.06,Card,Successful,Mbale,iPhone,17,12,1,0
TXN005207,CUST00274,477832.88,Card,Successful,Jinja,Web,11,12,1,0
TXN005208,CUST01027,14801.28,Mobile Money,Successful,Jinja,Web,22,0,0,0
TXN005209,CUST01052,100264.28,Card,Successful,Jinja,Web,20,12,1,0
TXN005210,CUST00326,121534.15,Card,Successful,Kampala,Android,23,0,0,0
TXN005211,CUST00940,207326.88,Card,Successful,Mbale,Web,15,12,1,0
TXN005212,CUST01173,116748.76,Bank Transfer,Successful,Kampala,Web,3,0,0,0
TXN005213,CUST00540,245928.87,Card,Failed,Jinja,Web,0,24,2,0
TXN005214,CUST00488,436296.53,Card,Failed,Gulu,iPhone,12,24,2,0
TXN005215,CUST00822,356175.68,Mobile Money,Successful,Gulu,Android,7,0,0,0
TXN005216,CUST01462,290191.01,Bank Transfer,Successful,Mbale,Android,5,12,1,0
TXN005217,CUST01089,44957.09,Mobile Money,Successful,Gulu,iPhone,7,12,1,0
TXN005218,CUST00356,347149.06,Bank Transfer,Successful,Jinja,Android,18,0,0,0
TXN005219,CUST01557,83623.94,Mobile Money,Successful,Mbale,iPhone,23,12,1,0
TXN005220,CUST01276,393290.51,Mobile Money,Successful,Mbale,Android,23,0,0,0
TXN005221,CUST00235,125403.35,Card,Successful,Jinja,Android,11,12,1,0
TXN005222,CUST00227,208815.84,Card,Successful,Jinja,Android,0,0,0,0
TXN005223,CUST01549,175559.87,Bank Transfer,Successful,Jinja,Web,3,0,0,0
TXN005224,CUST01337,429477.55,Bank Transfer,Successful,Jinja,Android,22,0,0,0
TXN005225,CUST00049,63708.96,Bank Transfer,Successful,Mbale,Web,12,0,0,0
TXN005226,CUST00118,283039.62,Card,Successful,Gulu,Web,16,0,0,0
TXN005227,CUST00054,71459.77,Mobile Money,Successful,Jinja,Web,18,0,0,0
TXN005228,CUST01674,352545.52,Bank Transfer,Successful,Mbarara,iPhone,18,0,0,0
TXN005229,CUST00565,452586.52,Card,Failed,Mbale,Android,21,24,2,0
TXN005230,CUST01068,217586.52,Card,Successful,Kampala,Android,4,0,0,0
TXN005231,CUST01839,244302.08,Mobile Money,Failed,Gulu,Android,10,24,2,0
TXN005232,CUST00053,463747.71,Mobile Money,Successful,Mbale,Web,6,0,0,0
TXN005233,CUST01610,260735.2,Card,Failed,Jinja,Android,2,24,2,0
TXN005234,CUST00558,244055.42,Mobile Money,Successful,Mbarara,Web,10,12,1,0
TXN005235,CUST01549,289375.39,Mobile Money,Successful,Kampala,Web,16,0,0,0
TXN005236,CUST01701,344770.25,Card,Successful,Gulu,Web,10,12,1,0
TXN005237,CUST01126,53888.25,Bank Transfer,Successful,Jinja,Web,14,0,0,0
TXN005238,CUST01816,410644.71,Bank Transfer,Successful,Mbale,Android,18,0,0,0
TXN005239,CUST01794,218034.76,Card,Failed,Mbale,Web,7,24,2,0
TXN005240,CUST01873,36638.08,Bank Transfer,Successful,Gulu,iPhone,15,12,1,0
TXN005241,CUST00868,393198.24,Card,Successful,Mbarara,iPhone,20,0,0,0
TXN005242,CUST00398,188786.51,Card,Successful,Jinja,iPhone,14,0,0,0
TXN005243,CUST01162,50633.56,Mobile Money,Successful,Gulu,Web,2,12,1,0
TXN005244,CUST00675,317072.63,Bank Transfer,Successful,Gulu,Android,23,0,0,0
TXN005245,CUST01945,440125.61,Card,Successful,Mbale,Android,5,0,0,0
TXN005246,CUST00387,443932.88,Bank Transfer,Suspicious,Gulu,Web,2,40,0,1
TXN005247,CUST00111,478852.91,Bank Transfer,Suspicious,Kampala,Web,4,52,1,1
TXN005248,CUST00614,433918.88,Bank Transfer,Suspicious,Kampala,Web,0,40,0,1
TXN005249,CUST00017,1569.39,Card,Successful,Jinja,iPhone,21,0,0,0
TXN005250,CUST01804,190430.46,Mobile Money,Successful,Gulu,Web,13,0,0,0
TXN005251,CUST01206,409362.02,Bank Transfer,Successful,Mbale,Web,11,0,0,0
TXN005252,CUST00884,183443.38,Card,Successful,Jinja,Android,12,0,0,0
TXN005253,CUST01560,300973.48,Bank Transfer,Successful,Mbarara,Android,13,0,0,0
TXN005254,CUST00541,303355.32,Mobile Money,Successful,Mbale,iPhone,11,0,0,0
TXN005255,CUST00171,182830.14,Bank Transfer,Successful,Mbarara,iPhone,22,0,0,0
TXN005256,CUST00409,452284.73,Card,Successful,Jinja,iPhone,12,0,0,0
TXN005257,CUST00740,251862.56,Bank Transfer,Successful,Kampala,iPhone,23,12,1,0
TXN005258,CUST01402,232659.71,Bank Transfer,Successful,Mbale,Web,5,12,1,0
TXN005259,CUST01212,498758.12,Bank Transfer,Successful,Mbale,Web,20,0,0,0
TXN005260,CUST00858,247003.43,Mobile Money,Successful,Jinja,iPhone,14,12,1,0
TXN005261,CUST00230,89609.93,Bank Transfer,Failed,Mbale,iPhone,21,24,2,0
TXN005262,CUST01857,256778.18,Card,Successful,Mbale,Android,22,0,0,0
TXN005263,CUST01876,407101.36,Bank Transfer,Successful,Jinja,Android,15,0,0,0
TXN005264,CUST00119,388541.73,Bank Transfer,Successful,Gulu,Android,8,0,0,0
TXN005265,CUST01180,394396.59,Bank Transfer,Successful,Jinja,iPhone,7,0,0,0
TXN005266,CUST00784,354157.88,Mobile Money,Successful,Mbale,Android,4,12,1,0
TXN005267,CUST01711,127481.81,Card,Successful,Jinja,iPhone,14,0,0,0
TXN005268,CUST00465,431111.0,Bank Transfer,Successful,Mbale,Web,6,0,0,0
TXN005269,CUST00104,446775.01,Card,Successful,Mbarara,iPhone,23,0,0,0
TXN005270,CUST01628,97479.27,Card,Successful,Mbarara,Web,16,0,0,0
TXN005271,CUST00698,65662.59,Mobile Money,Failed,Kampala,Web,15,24,2,0
TXN005272,CUST01996,487814.68,Card,Successful,Jinja,iPhone,23,0,0,0
TXN005273,CUST01819,434227.82,Bank Transfer,Failed,Jinja,Android,10,36,3,0
TXN005274,CUST01526,446671.46,Mobile Money,Successful,Mbarara,iPhone,6,0,0,0
TXN005275,CUST01717,443245.0,Mobile Money,Successful,Mbarara,Android,10,12,1,0
TXN005276,CUST01706,271072.57,Card,Successful,Mbarara,Web,1,12,1,0
TXN005277,CUST01723,323377.67,Mobile Money,Successful,Kampala,Web,1,12,1,0
TXN005278,CUST00175,272908.74,Card,Successful,Kampala,Web,5,12,1,0
TXN005279,CUST01758,26077.57,Card,Successful,Gulu,Web,2,0,0,0
TXN005280,CUST00745,372878.79,Mobile Money,Successful,Jinja,iPhone,0,12,1,0
TXN005281,CUST01698,252913.35,Bank Transfer,Successful,Kampala,Web,23,12,1,0
TXN005282,CUST01445,324030.68,Card,Successful,Mbale,Android,22,12,1,0
TXN005283,CUST01158,251568.58,Mobile Money,Failed,Jinja,Android,19,24,2,0
TXN005284,CUST01415,246159.76,Mobile Money,Successful,Gulu,Web,15,12,1,0
TXN005285,CUST01760,86308.66,Card,Failed,Mbarara,iPhone,13,24,2,0
TXN005286,CUST01525,139717.5,Card,Successful,Gulu,Web,16,0,0,0
TXN005287,CUST00665,79846.92,Card,Successful,Jinja,Web,17,0,0,0
TXN005288,CUST00033,98235.31,Card,Successful,Mbarara,Android,3,0,0,0
TXN005289,CUST00055,486502.2,Bank Transfer,Suspicious,Gulu,iPhone,2,40,0,1
TXN005290,CUST01978,76980.17,Bank Transfer,Successful,Gulu,iPhone,7,0,0,0
TXN005291,CUST00519,135000.58,Bank Transfer,Successful,Jinja,Android,3,12,1,0
TXN005292,CUST00756,295499.53,Bank Transfer,Failed,Kampala,Android,22,36,3,0
TXN005293,CUST01849,305284.2,Mobile Money,Successful,Mbale,Android,14,0,0,0
TXN005294,CUST01662,77410.08,Card,Successful,Gulu,iPhone,12,0,0,0
TXN005295,CUST00012,396961.85,Mobile Money,Successful,Mbale,Android,13,12,1,0
TXN005296,CUST01552,392708.83,Mobile Money,Successful,Jinja,Android,13,0,0,0
TXN005297,CUST00720,119040.19,Bank Transfer,Successful,Jinja,Android,4,0,0,0
TXN005298,CUST00555,144688.82,Mobile Money,Successful,Kampala,Web,4,0,0,0
TXN005299,CUST00373,469024.94,Bank Transfer,Successful,Mbarara,iPhone,21,12,1,0
TXN005300,CUST00484,412922.89,Card,Successful,Mbale,iPhone,12,12,1,0
TXN005301,CUST00973,349049.62,Bank Transfer,Successful,Gulu,Web,3,12,1,0
TXN005302,CUST01671,41575.49,Card,Successful,Mbarara,iPhone,17,12,1,0
TXN005303,CUST01252,209422.91,Bank Transfer,Successful,Mbale,Android,5,12,1,0
TXN005304,CUST00623,279871.29,Mobile Money,Successful,Mbale,Web,4,0,0,0
TXN005305,CUST00307,94111.94,Mobile Money,Successful,Mbarara,Android,2,0,0,0
TXN005306,CUST00457,224389.18,Bank Transfer,Successful,Mbarara,Android,19,0,0,0
TXN005307,CUST00160,300712.43,Card,Successful,Kampala,Android,2,0,0,0
TXN005308,CUST00331,164024.65,Card,Successful,Gulu,Android,2,12,1,0
TXN005309,CUST00776,390581.94,Bank Transfer,Successful,Gulu,iPhone,19,0,0,0
TXN005310,CUST00225,420304.57,Mobile Money,Suspicious,Gulu,Web,1,40,0,1
TXN005311,CUST00983,162142.93,Card,Successful,Mbarara,Web,19,0,0,0
TXN005312,CUST00729,419409.25,Bank Transfer,Successful,Kampala,Android,17,0,0,0
TXN005313,CUST01528,52236.49,Card,Successful,Jinja,Web,9,0,0,0
TXN005314,CUST01480,418945.68,Mobile Money,Successful,Kampala,Web,23,0,0,0
TXN005315,CUST01069,76798.84,Card,Successful,Mbarara,Android,20,0,0,0
TXN005316,CUST01238,41922.11,Bank Transfer,Successful,Kampala,Android,6,0,0,0
TXN005317,CUST01083,321066.81,Card,Successful,Mbarara,iPhone,19,0,0,0
TXN005318,CUST00644,236232.71,Card,Failed,Mbale,iPhone,21,24,2,0
TXN005319,CUST00616,453991.35,Mobile Money,Successful,Mbale,Android,13,0,0,0
TXN005320,CUST00195,181913.0,Mobile Money,Successful,Jinja,iPhone,9,12,1,0
TXN005321,CUST01949,143932.56,Mobile Money,Successful,Mbale,iPhone,19,0,0,0
TXN005322,CUST00489,250617.09,Mobile Money,Successful,Jinja,Web,15,0,0,0
TXN005323,CUST00157,228245.12,Bank Transfer,Successful,Gulu,Android,5,0,0,0
TXN005324,CUST00610,172541.81,Card,Successful,Mbarara,Web,16,0,0,0
TXN005325,CUST01250,347023.78,Card,Successful,Gulu,Web,5,12,1,0
TXN005326,CUST00412,379901.14,Card,Successful,Gulu,Android,21,0,0,0
TXN005327,CUST01229,426565.49,Card,Successful,Jinja,Web,17,0,0,0
TXN005328,CUST01103,486441.87,Bank Transfer,Successful,Mbarara,iPhone,9,0,0,0
TXN005329,CUST01148,133694.77,Mobile Money,Successful,Jinja,iPhone,9,0,0,0
TXN005330,CUST00471,358188.69,Card,Successful,Kampala,iPhone,8,0,0,0
TXN005331,CUST01964,197431.99,Card,Successful,Gulu,iPhone,21,0,0,0
TXN005332,CUST01242,338702.44,Mobile Money,Successful,Mbarara,iPhone,14,0,0,0
TXN005333,CUST00516,238252.85,Mobile Money,Successful,Gulu,Web,10,12,1,0
TXN005334,CUST01626,496889.66,Card,Failed,Kampala,Android,6,24,2,0
TXN005335,CUST01128,364586.62,Mobile Money,Successful,Kampala,Web,17,12,1,0
TXN005336,CUST00393,476269.4,Card,Suspicious,Mbarara,Web,1,40,0,1
TXN005337,CUST00631,417567.29,Card,Suspicious,Mbarara,iPhone,1,40,0,1
TXN005338,CUST01669,451499.06,Card,Successful,Kampala,iPhone,12,0,0,0
TXN005339,CUST01848,407302.39,Card,Successful,Gulu,Web,10,0,0,0
TXN005340,CUST00608,229849.99,Card,Successful,Mbale,Web,18,0,0,0
TXN005341,CUST00980,126268.33,Card,Successful,Gulu,Android,19,0,0,0
TXN005342,CUST00434,185474.93,Mobile Money,Successful,Mbale,Android,0,0,0,0
TXN005343,CUST01355,10608.0,Bank Transfer,Successful,Jinja,Android,16,12,1,0
TXN005344,CUST01167,262234.59,Bank Transfer,Successful,Mbarara,Android,19,0,0,0
TXN005345,CUST01824,252776.37,Card,Successful,Kampala,Android,17,12,1,0
TXN005346,CUST00540,262862.61,Mobile Money,Failed,Jinja,iPhone,7,36,3,0
TXN005347,CUST00278,487028.6,Card,Successful,Gulu,Android,12,0,0,0
TXN005348,CUST00233,455771.27,Mobile Money,Suspicious,Mbale,Web,3,52,1,1
TXN005349,CUST01553,81275.53,Card,Successful,Mbarara,iPhone,18,0,0,0
TXN005350,CUST01595,184756.82,Card,Successful,Mbale,Web,2,0,0,0
TXN005351,CUST01114,212266.11,Bank Transfer,Successful,Gulu,iPhone,5,12,1,0
TXN005352,CUST01516,180586.19,Mobile Money,Successful,Gulu,iPhone,5,12,1,0
TXN005353,CUST01223,399348.73,Mobile Money,Successful,Kampala,Android,21,12,1,0
TXN005354,CUST00362,262256.82,Bank Transfer,Successful,Jinja,Web,5,0,0,0
TXN005355,CUST01465,286263.86,Bank Transfer,Successful,Mbarara,Android,23,0,0,0
TXN005356,CUST00026,426580.27,Bank Transfer,Successful,Kampala,Web,7,0,0,0
TXN005357,CUST01049,403061.11,Bank Transfer,Successful,Mbale,Web,16,0,0,0
TXN005358,CUST01418,66539.66,Mobile Money,Successful,Jinja,Android,9,0,0,0
TXN005359,CUST00507,357100.33,Mobile Money,Failed,Mbarara,Android,23,24,2,0
TXN005360,CUST01325,218000.35,Bank Transfer,Successful,Mbale,iPhone,4,12,1,0
TXN005361,CUST01363,147677.13,Card,Successful,Mbarara,iPhone,18,0,0,0
TXN005362,CUST00267,25484.4,Card,Failed,Mbarara,iPhone,10,36,3,0
TXN005363,CUST00461,243881.16,Card,Failed,Jinja,Web,9,24,2,0
TXN005364,CUST01717,178040.62,Card,Successful,Mbale,Android,2,0,0,0
TXN005365,CUST00456,126130.76,Mobile Money,Successful,Kampala,iPhone,21,0,0,0
TXN005366,CUST01384,347488.53,Mobile Money,Failed,Kampala,Android,23,24,2,0
TXN005367,CUST01092,384857.95,Mobile Money,Successful,Kampala,iPhone,9,0,0,0
TXN005368,CUST01007,122772.36,Card,Successful,Mbarara,iPhone,1,12,1,0
TXN005369,CUST00863,25198.99,Bank Transfer,Successful,Gulu,Android,8,0,0,0
TXN005370,CUST01436,424451.97,Card,Suspicious,Jinja,iPhone,4,40,0,1
TXN005371,CUST01995,5474.89,Mobile Money,Successful,Kampala,Android,20,12,1,0
TXN005372,CUST00491,468587.69,Card,Successful,Jinja,iPhone,16,0,0,0
TXN005373,CUST01857,313996.13,Bank Transfer,Successful,Mbarara,Android,5,12,1,0
TXN005374,CUST01073,161262.39,Bank Transfer,Successful,Jinja,iPhone,10,0,0,0
TXN005375,CUST01711,123615.72,Card,Failed,Kampala,iPhone,4,24,2,0
TXN005376,CUST00564,4998.33,Mobile Money,Failed,Kampala,Web,6,24,2,0
TXN005377,CUST01126,118117.97,Mobile Money,Successful,Mbarara,Android,6,0,0,0
TXN005378,CUST00216,69295.29,Mobile Money,Successful,Mbarara,iPhone,3,0,0,0
TXN005379,CUST01462,306277.03,Card,Successful,Mbale,Web,20,12,1,0
TXN005380,CUST01724,83689.52,Mobile Money,Successful,Mbarara,Android,9,0,0,0
TXN005381,CUST01593,264550.6,Card,Successful,Gulu,iPhone,23,0,0,0
TXN005382,CUST00559,295263.15,Mobile Money,Successful,Gulu,iPhone,17,0,0,0
TXN005383,CUST00159,149371.83,Bank Transfer,Successful,Kampala,iPhone,0,0,0,0
TXN005384,CUST00489,18014.94,Bank Transfer,Successful,Mbarara,Android,13,0,0,0
TXN005385,CUST00686,19108.31,Mobile Money,Successful,Gulu,Web,5,12,1,0
TXN005386,CUST01266,13660.49,Card,Successful,Gulu,iPhone,10,0,0,0
TXN005387,CUST00794,369692.77,Mobile Money,Successful,Mbale,Web,13,12,1,0
TXN005388,CUST01777,159345.85,Card,Successful,Mbarara,Android,19,12,1,0
TXN005389,CUST01906,398251.94,Bank Transfer,Successful,Mbale,Android,2,0,0,0
TXN005390,CUST00005,216150.55,Card,Successful,Jinja,iPhone,15,0,0,0
TXN005391,CUST01620,226772.55,Mobile Money,Successful,Mbale,iPhone,15,12,1,0
TXN005392,CUST01844,256684.86,Bank Transfer,Successful,Jinja,iPhone,6,12,1,0
TXN005393,CUST00361,356659.21,Card,Successful,Jinja,Web,7,0,0,0
TXN005394,CUST00459,137114.68,Card,Successful,Mbarara,Web,3,0,0,0
TXN005395,CUST00248,61232.88,Bank Transfer,Successful,Jinja,iPhone,11,12,1,0
TXN005396,CUST01590,278250.64,Mobile Money,Successful,Jinja,Android,11,0,0,0
TXN005397,CUST01697,163825.32,Bank Transfer,Successful,Mbale,Android,9,12,1,0
TXN005398,CUST00946,221524.41,Mobile Money,Successful,Mbarara,iPhone,11,0,0,0
TXN005399,CUST00422,323649.88,Mobile Money,Successful,Mbarara,Web,10,0,0,0
TXN005400,CUST01947,247315.81,Card,Successful,Jinja,Android,10,12,1,0
TXN005401,CUST01762,310329.27,Mobile Money,Successful,Mbale,Web,14,12,1,0
TXN005402,CUST00015,272327.9,Mobile Money,Successful,Mbale,iPhone,5,0,0,0
TXN005403,CUST00736,370028.29,Bank Transfer,Successful,Mbale,Web,10,12,1,0
TXN005404,CUST01597,353115.34,Bank Transfer,Successful,Mbale,Web,1,0,0,0
TXN005405,CUST01146,267327.85,Mobile Money,Successful,Kampala,Web,23,0,0,0
TXN005406,CUST00277,339612.06,Card,Successful,Jinja,Android,21,0,0,0
TXN005407,CUST01582,436843.02,Bank Transfer,Successful,Jinja,Web,8,12,1,0
TXN005408,CUST00453,216419.51,Card,Successful,Jinja,Web,10,0,0,0
TXN005409,CUST01414,206675.15,Bank Transfer,Successful,Mbarara,Web,15,12,1,0
TXN005410,CUST01318,382240.69,Bank Transfer,Successful,Mbarara,iPhone,12,0,0,0
TXN005411,CUST01598,291485.64,Mobile Money,Successful,Mbale,Web,12,0,0,0
TXN005412,CUST00598,35967.89,Bank Transfer,Successful,Mbarara,Web,21,12,1,0
TXN005413,CUST00446,446109.95,Bank Transfer,Successful,Gulu,Android,21,0,0,0
TXN005414,CUST00210,15876.16,Card,Failed,Jinja,iPhone,17,24,2,0
TXN005415,CUST01614,374323.98,Bank Transfer,Successful,Jinja,Web,20,0,0,0
TXN005416,CUST00714,379517.67,Bank Transfer,Successful,Kampala,Android,0,12,1,0
TXN005417,CUST00302,476578.99,Card,Successful,Kampala,Android,19,12,1,0
TXN005418,CUST01933,27540.14,Mobile Money,Successful,Gulu,Web,9,0,0,0
TXN005419,CUST01247,298630.0,Mobile Money,Successful,Kampala,Android,18,0,0,0
TXN005420,CUST01758,214206.37,Bank Transfer,Successful,Mbale,Android,16,0,0,0
TXN005421,CUST00003,165651.16,Bank Transfer,Successful,Mbale,Android,0,0,0,0
TXN005422,CUST00990,45614.12,Card,Failed,Jinja,Android,0,24,2,0
TXN005423,CUST01542,281545.73,Mobile Money,Successful,Mbale,Web,16,0,0,0
TXN005424,CUST01117,239780.84,Mobile Money,Successful,Kampala,Web,14,0,0,0
TXN005425,CUST00520,52724.95,Mobile Money,Successful,Gulu,Android,1,12,1,0
TXN005426,CUST01452,306438.51,Card,Successful,Mbale,Web,10,0,0,0
TXN005427,CUST00493,369107.58,Card,Successful,Jinja,Web,20,0,0,0
TXN005428,CUST01259,383755.51,Card,Successful,Jinja,Android,1,12,1,0
TXN005429,CUST00620,452733.91,Bank Transfer,Successful,Kampala,Android,19,0,0,0
TXN005430,CUST01185,205030.64,Mobile Money,Successful,Mbale,Android,8,12,1,0
TXN005431,CUST01745,476559.85,Bank Transfer,Successful,Kampala,Web,18,12,1,0
TXN005432,CUST01776,432781.99,Bank Transfer,Suspicious,Jinja,Web,1,40,0,1
TXN005433,CUST00331,148602.53,Card,Successful,Gulu,iPhone,15,0,0,0
TXN005434,CUST00333,80061.88,Mobile Money,Successful,Mbale,iPhone,19,0,0,0
TXN005435,CUST00050,217977.0,Bank Transfer,Failed,Gulu,Android,8,36,3,0
TXN005436,CUST01547,201248.4,Mobile Money,Successful,Mbale,iPhone,19,0,0,0
TXN005437,CUST00863,288071.79,Bank Transfer,Successful,Jinja,Web,20,0,0,0
TXN005438,CUST01692,291901.42,Card,Successful,Mbale,iPhone,3,12,1,0
TXN005439,CUST01516,375118.5,Bank Transfer,Successful,Jinja,iPhone,23,0,0,0
TXN005440,CUST01606,255190.03,Card,Successful,Mbarara,Android,12,12,1,0
TXN005441,CUST01705,52858.91,Mobile Money,Successful,Jinja,Web,14,0,0,0
TXN005442,CUST00272,429216.52,Bank Transfer,Failed,Jinja,Web,19,24,2,0
TXN005443,CUST00580,155227.41,Bank Transfer,Successful,Mbale,Web,1,12,1,0
TXN005444,CUST01891,485663.08,Card,Successful,Gulu,Web,19,12,1,0
TXN005445,CUST01276,59371.12,Card,Failed,Jinja,iPhone,17,24,2,0
TXN005446,CUST00560,479146.46,Mobile Money,Successful,Mbale,Android,23,12,1,0
TXN005447,CUST00696,45960.4,Card,Failed,Jinja,iPhone,8,24,2,0
TXN005448,CUST01856,115902.55,Mobile Money,Successful,Kampala,Web,19,0,0,0
TXN005449,CUST01723,23766.68,Bank Transfer,Successful,Kampala,Android,0,0,0,0
TXN005450,CUST01114,352704.02,Mobile Money,Failed,Kampala,Android,2,24,2,0
TXN005451,CUST00446,425224.22,Mobile Money,Successful,Kampala,Web,22,0,0,0
TXN005452,CUST01017,217318.51,Mobile Money,Successful,Gulu,Web,16,0,0,0
TXN005453,CUST01356,464296.78,Bank Transfer,Successful,Jinja,Android,10,12,1,0
TXN005454,CUST01163,295354.39,Bank Transfer,Successful,Kampala,Web,23,0,0,0
TXN005455,CUST00357,315188.56,Card,Successful,Mbale,Web,7,12,1,0
TXN005456,CUST01625,422786.89,Mobile Money,Successful,Kampala,Web,20,0,0,0
TXN005457,CUST00274,148751.7,Bank Transfer,Successful,Mbarara,Web,11,12,1,0
TXN005458,CUST01043,177455.73,Mobile Money,Successful,Mbarara,Android,10,0,0,0
TXN005459,CUST00311,453022.98,Mobile Money,Successful,Gulu,Android,12,12,1,0
TXN005460,CUST00870,450531.27,Mobile Money,Successful,Mbarara,iPhone,14,12,1,0
TXN005461,CUST00886,488253.15,Bank Transfer,Successful,Mbale,iPhone,19,12,1,0
TXN005462,CUST00154,450968.24,Mobile Money,Successful,Kampala,Android,16,0,0,0
TXN005463,CUST01414,64122.33,Mobile Money,Successful,Mbarara,iPhone,11,12,1,0
TXN005464,CUST01284,411950.28,Card,Successful,Mbarara,Web,18,0,0,0
TXN005465,CUST00620,205214.32,Mobile Money,Failed,Gulu,Web,19,24,2,0
TXN005466,CUST00883,495405.28,Card,Failed,Mbarara,Android,10,24,2,0
TXN005467,CUST00797,236404.34,Mobile Money,Successful,Kampala,iPhone,9,12,1,0
TXN005468,CUST01595,277141.12,Card,Successful,Jinja,Web,16,0,0,0
TXN005469,CUST00125,265122.57,Bank Transfer,Failed,Kampala,iPhone,21,24,2,0
TXN005470,CUST01378,161207.65,Bank Transfer,Failed,Mbarara,Android,12,24,2,0
TXN005471,CUST01297,37973.53,Mobile Money,Successful,Mbarara,Android,15,12,1,0
TXN005472,CUST00619,447877.79,Card,Successful,Mbarara,iPhone,19,0,0,0
TXN005473,CUST01835,401436.57,Bank Transfer,Failed,Gulu,Android,19,24,2,0
TXN005474,CUST00245,70193.63,Mobile Money,Successful,Mbale,Web,16,12,1,0
TXN005475,CUST00848,388495.75,Mobile Money,Successful,Kampala,Web,4,0,0,0
TXN005476,CUST00450,313110.41,Card,Failed,Mbarara,iPhone,8,24,2,0
TXN005477,CUST00930,204867.32,Card,Successful,Jinja,iPhone,21,0,0,0
TXN005478,CUST01271,127383.56,Mobile Money,Successful,Gulu,Android,23,0,0,0
TXN005479,CUST00520,429934.53,Card,Suspicious,Mbale,Android,3,52,1,1
TXN005480,CUST01165,350244.04,Card,Successful,Mbarara,iPhone,8,0,0,0
TXN005481,CUST00362,274096.08,Bank Transfer,Failed,Kampala,Android,15,24,2,0
TXN005482,CUST00008,304979.48,Card,Successful,Jinja,iPhone,6,0,0,0
TXN005483,CUST00478,45987.56,Mobile Money,Successful,Gulu,iPhone,13,0,0,0
TXN005484,CUST01376,237222.92,Card,Successful,Kampala,Web,13,0,0,0
TXN005485,CUST00495,97253.3,Mobile Money,Successful,Kampala,Android,6,12,1,0
TXN005486,CUST01630,104587.65,Mobile Money,Successful,Gulu,iPhone,23,12,1,0
TXN005487,CUST00833,330821.33,Card,Successful,Kampala,Web,15,12,1,0
TXN005488,CUST01451,455672.45,Card,Failed,Jinja,iPhone,17,24,2,0
TXN005489,CUST01063,202176.43,Card,Successful,Jinja,Android,5,0,0,0
TXN005490,CUST00593,104270.76,Bank Transfer,Successful,Kampala,Web,6,12,1,0
TXN005491,CUST00187,324549.1,Bank Transfer,Failed,Mbarara,Android,18,24,2,0
TXN005492,CUST01620,435657.93,Card,Successful,Kampala,Web,7,0,0,0
TXN005493,CUST01624,374285.24,Mobile Money,Successful,Mbarara,Android,0,0,0,0
TXN005494,CUST00754,434444.24,Card,Successful,Kampala,iPhone,16,0,0,0
TXN005495,CUST01878,268509.06,Bank Transfer,Successful,Mbale,iPhone,18,12,1,0
TXN005496,CUST00093,376062.18,Bank Transfer,Successful,Jinja,iPhone,21,0,0,0
TXN005497,CUST00086,70462.25,Card,Successful,Kampala,Android,6,12,1,0
TXN005498,CUST01068,174463.17,Mobile Money,Successful,Jinja,Web,17,12,1,0
TXN005499,CUST00137,195079.81,Mobile Money,Successful,Gulu,Android,5,0,0,0
TXN005500,CUST00421,255892.23,Bank Transfer,Successful,Mbale,iPhone,20,12,1,0
TXN005501,CUST00074,464573.64,Bank Transfer,Successful,Mbarara,Android,5,0,0,0
TXN005502,CUST01572,437211.13,Bank Transfer,Suspicious,Gulu,Web,0,40,0,1
TXN005503,CUST01637,67695.48,Mobile Money,Successful,Mbale,iPhone,9,12,1,0
TXN005504,CUST01536,86808.43,Bank Transfer,Successful,Gulu,Android,22,0,0,0
TXN005505,CUST01180,179141.45,Bank Transfer,Failed,Jinja,iPhone,7,24,2,0
TXN005506,CUST01962,145726.56,Mobile Money,Successful,Mbale,Android,6,0,0,0
TXN005507,CUST01279,307578.09,Bank Transfer,Successful,Gulu,Android,8,0,0,0
TXN005508,CUST00171,451436.64,Bank Transfer,Suspicious,Mbarara,iPhone,0,52,1,1
TXN005509,CUST01752,481164.63,Card,Successful,Mbale,Web,10,0,0,0
TXN005510,CUST00170,326974.67,Bank Transfer,Failed,Mbale,iPhone,2,24,2,0
TXN005511,CUST01788,419160.52,Card,Successful,Gulu,Web,17,0,0,0
TXN005512,CUST00872,262838.5,Bank Transfer,Successful,Kampala,iPhone,5,0,0,0
TXN005513,CUST00322,104559.31,Bank Transfer,Successful,Mbarara,iPhone,10,12,1,0
TXN005514,CUST01591,262581.86,Card,Successful,Mbarara,iPhone,4,0,0,0
TXN005515,CUST00456,277763.76,Bank Transfer,Successful,Gulu,Android,19,0,0,0
TXN005516,CUST00944,371357.55,Card,Failed,Jinja,Android,3,24,2,0
TXN005517,CUST01627,110331.55,Bank Transfer,Failed,Jinja,Web,7,24,2,0
TXN005518,CUST00790,184471.04,Card,Successful,Kampala,iPhone,9,0,0,0
TXN005519,CUST00613,182331.72,Card,Successful,Kampala,Android,2,0,0,0
TXN005520,CUST01179,479740.08,Bank Transfer,Successful,Gulu,Android,12,12,1,0
TXN005521,CUST00889,222250.51,Bank Transfer,Successful,Jinja,iPhone,16,0,0,0
TXN005522,CUST00349,377669.44,Card,Successful,Mbarara,iPhone,4,0,0,0
TXN005523,CUST01475,375530.28,Mobile Money,Successful,Jinja,iPhone,7,0,0,0
TXN005524,CUST01900,133139.32,Bank Transfer,Successful,Gulu,Web,18,0,0,0
TXN005525,CUST01677,286148.91,Bank Transfer,Successful,Jinja,iPhone,17,0,0,0
TXN005526,CUST01197,447204.3,Mobile Money,Suspicious,Mbale,Android,0,52,1,1
TXN005527,CUST00010,237861.26,Mobile Money,Successful,Gulu,Android,3,0,0,0
TXN005528,CUST00740,472586.19,Card,Successful,Mbale,iPhone,17,0,0,0
TXN005529,CUST01289,107621.89,Bank Transfer,Successful,Gulu,Web,13,12,1,0
TXN005530,CUST01462,37542.47,Card,Successful,Mbarara,Web,23,0,0,0
TXN005531,CUST01784,445781.21,Bank Transfer,Failed,Gulu,Android,10,36,3,0
TXN005532,CUST01271,423916.76,Mobile Money,Successful,Gulu,Web,8,0,0,0
TXN005533,CUST00667,496298.64,Card,Failed,Gulu,iPhone,12,36,3,0
TXN005534,CUST00546,339857.05,Bank Transfer,Successful,Gulu,Web,16,12,1,0
TXN005535,CUST01523,468375.62,Bank Transfer,Successful,Kampala,Web,14,0,0,0
TXN005536,CUST00129,413561.04,Mobile Money,Suspicious,Mbale,Android,1,52,1,1
TXN005537,CUST01696,422290.95,Mobile Money,Successful,Gulu,Android,5,0,0,0
TXN005538,CUST00601,284786.21,Bank Transfer,Successful,Gulu,Android,6,0,0,0
TXN005539,CUST00605,191491.12,Mobile Money,Successful,Kampala,Web,1,0,0,0
TXN005540,CUST00327,467311.76,Mobile Money,Failed,Jinja,Android,23,24,2,0
TXN005541,CUST01777,216342.53,Card,Successful,Kampala,Android,12,12,1,0
TXN005542,CUST01859,269640.27,Bank Transfer,Successful,Kampala,Web,9,12,1,0
TXN005543,CUST00980,223334.1,Card,Successful,Kampala,Web,15,12,1,0
TXN005544,CUST00404,282626.75,Mobile Money,Successful,Gulu,Web,8,0,0,0
TXN005545,CUST00629,235517.29,Bank Transfer,Successful,Kampala,iPhone,7,0,0,0
TXN005546,CUST01630,24459.8,Mobile Money,Successful,Kampala,iPhone,14,0,0,0
TXN005547,CUST01699,441083.07,Mobile Money,Successful,Kampala,Web,21,12,1,0
TXN005548,CUST01635,222474.71,Bank Transfer,Successful,Gulu,Android,6,0,0,0
TXN005549,CUST01649,294677.35,Mobile Money,Successful,Mbarara,Web,21,12,1,0
TXN005550,CUST01383,70024.31,Card,Failed,Mbarara,iPhone,22,24,2,0
TXN005551,CUST01627,2192.23,Bank Transfer,Successful,Jinja,Android,18,0,0,0
TXN005552,CUST01882,123022.4,Mobile Money,Successful,Gulu,iPhone,3,12,1,0
TXN005553,CUST00718,352440.72,Mobile Money,Successful,Kampala,iPhone,8,0,0,0
TXN005554,CUST01041,50047.67,Mobile Money,Successful,Kampala,iPhone,18,0,0,0
TXN005555,CUST00274,454489.28,Bank Transfer,Suspicious,Kampala,iPhone,1,52,1,1
TXN005556,CUST00685,107903.77,Card,Successful,Mbarara,Android,6,0,0,0
TXN005557,CUST00116,102694.51,Mobile Money,Failed,Kampala,Web,21,24,2,0
TXN005558,CUST00861,91163.23,Mobile Money,Successful,Kampala,Android,18,0,0,0
TXN005559,CUST00693,7483.87,Mobile Money,Successful,Mbarara,Web,5,12,1,0
TXN005560,CUST01115,386016.83,Bank Transfer,Successful,Kampala,Web,14,0,0,0
TXN005561,CUST01106,437579.75,Mobile Money,Failed,Jinja,Android,6,24,2,0
TXN005562,CUST00324,307274.27,Mobile Money,Successful,Mbale,Web,5,12,1,0
TXN005563,CUST00961,94505.89,Mobile Money,Successful,Jinja,Android,0,0,0,0
TXN005564,CUST00114,142996.36,Bank Transfer,Successful,Gulu,Android,13,0,0,0
TXN005565,CUST01793,238225.39,Card,Successful,Jinja,Web,0,0,0,0
TXN005566,CUST01082,477195.8,Bank Transfer,Successful,Jinja,Web,5,0,0,0
TXN005567,CUST00154,124052.01,Card,Successful,Mbarara,iPhone,17,12,1,0
TXN005568,CUST01901,365957.13,Card,Successful,Gulu,Web,16,0,0,0
TXN005569,CUST01428,220004.39,Bank Transfer,Successful,Jinja,Web,1,0,0,0
TXN005570,CUST01652,149274.75,Mobile Money,Successful,Mbale,Web,7,12,1,0
TXN005571,CUST01879,228230.01,Card,Successful,Jinja,Android,20,0,0,0
TXN005572,CUST01290,36067.76,Mobile Money,Successful,Kampala,iPhone,22,0,0,0
TXN005573,CUST00315,399444.34,Card,Successful,Mbarara,iPhone,22,0,0,0
TXN005574,CUST01739,122029.31,Mobile Money,Successful,Kampala,Android,1,0,0,0
TXN005575,CUST01065,362843.36,Mobile Money,Successful,Gulu,Web,15,0,0,0
TXN005576,CUST00105,34640.01,Bank Transfer,Failed,Gulu,Web,3,24,2,0
TXN005577,CUST01925,477571.73,Mobile Money,Suspicious,Mbarara,Android,1,40,0,1
TXN005578,CUST01914,96910.99,Card,Successful,Jinja,iPhone,22,0,0,0
TXN005579,CUST01217,441429.67,Mobile Money,Suspicious,Gulu,Android,4,52,1,1
TXN005580,CUST01425,404831.87,Mobile Money,Successful,Mbale,Android,16,12,1,0
TXN005581,CUST01302,483946.03,Mobile Money,Suspicious,Mbarara,Web,1,40,0,1
TXN005582,CUST00354,239206.39,Card,Successful,Kampala,Android,21,0,0,0
TXN005583,CUST01016,363834.95,Card,Successful,Mbale,Android,13,0,0,0
TXN005584,CUST01773,185669.97,Card,Successful,Mbarara,Android,19,0,0,0
TXN005585,CUST01961,92591.93,Mobile Money,Successful,Mbale,Web,6,0,0,0
TXN005586,CUST00733,221816.43,Bank Transfer,Successful,Mbarara,Web,14,0,0,0
TXN005587,CUST01604,83291.63,Card,Successful,Kampala,iPhone,17,12,1,0
TXN005588,CUST00709,491031.29,Mobile Money,Successful,Jinja,iPhone,12,0,0,0
TXN005589,CUST01280,48575.12,Card,Successful,Mbarara,iPhone,11,0,0,0
TXN005590,CUST00651,294811.26,Bank Transfer,Successful,Gulu,Web,1,0,0,0
TXN005591,CUST00824,313418.7,Mobile Money,Successful,Kampala,iPhone,11,12,1,0
TXN005592,CUST00947,269270.73,Card,Failed,Kampala,Android,5,24,2,0
TXN005593,CUST00661,331261.85,Card,Successful,Mbale,iPhone,23,12,1,0
TXN005594,CUST00099,58532.3,Bank Transfer,Successful,Gulu,Android,0,12,1,0
TXN005595,CUST00588,277731.75,Card,Successful,Mbale,iPhone,20,0,0,0
TXN005596,CUST00282,143962.68,Mobile Money,Successful,Kampala,Web,0,12,1,0
TXN005597,CUST01907,470117.94,Mobile Money,Successful,Mbarara,Android,14,12,1,0
TXN005598,CUST00403,381154.79,Bank Transfer,Successful,Gulu,Android,15,0,0,0
TXN005599,CUST01133,486270.98,Bank Transfer,Successful,Kampala,Web,21,0,0,0
TXN005600,CUST00700,19259.26,Bank Transfer,Successful,Gulu,Android,6,12,1,0
TXN005601,CUST00199,142924.02,Mobile Money,Successful,Mbarara,iPhone,21,0,0,0
TXN005602,CUST01327,98113.58,Bank Transfer,Successful,Jinja,Web,13,0,0,0
TXN005603,CUST00327,6071.72,Card,Successful,Mbale,Android,18,0,0,0
TXN005604,CUST00154,121541.7,Card,Successful,Mbale,Web,23,0,0,0
TXN005605,CUST00552,339548.6,Mobile Money,Successful,Kampala,Android,18,0,0,0
TXN005606,CUST01669,115928.92,Card,Successful,Kampala,Android,22,0,0,0
TXN005607,CUST00405,254747.22,Bank Transfer,Successful,Mbarara,Web,12,12,1,0
TXN005608,CUST00462,443965.15,Card,Successful,Kampala,Android,20,12,1,0
TXN005609,CUST00132,347032.08,Bank Transfer,Successful,Kampala,iPhone,11,12,1,0
TXN005610,CUST00791,197617.22,Card,Successful,Kampala,iPhone,0,0,0,0
TXN005611,CUST00874,186548.23,Mobile Money,Successful,Gulu,Android,11,0,0,0
TXN005612,CUST00084,228140.04,Bank Transfer,Failed,Gulu,Android,3,24,2,0
TXN005613,CUST01423,88932.2,Card,Successful,Jinja,iPhone,14,0,0,0
TXN005614,CUST00754,317183.38,Mobile Money,Successful,Gulu,Android,15,12,1,0
TXN005615,CUST00628,182394.33,Card,Successful,Mbale,Android,14,0,0,0
TXN005616,CUST01133,426256.49,Mobile Money,Successful,Jinja,Web,7,0,0,0
TXN005617,CUST00221,378398.05,Card,Successful,Kampala,Web,18,0,0,0
TXN005618,CUST01928,305451.33,Bank Transfer,Failed,Mbale,iPhone,14,24,2,0
TXN005619,CUST00553,182419.01,Bank Transfer,Successful,Jinja,iPhone,17,12,1,0
TXN005620,CUST01392,105360.95,Bank Transfer,Successful,Jinja,Web,10,12,1,0
TXN005621,CUST01171,388187.86,Bank Transfer,Failed,Mbale,Web,8,24,2,0
TXN005622,CUST00112,243461.34,Bank Transfer,Successful,Jinja,iPhone,0,0,0,0
TXN005623,CUST00615,112762.64,Card,Successful,Mbale,iPhone,8,0,0,0
TXN005624,CUST01582,97989.72,Card,Failed,Jinja,iPhone,22,24,2,0
TXN005625,CUST00924,83117.75,Card,Successful,Jinja,Web,11,0,0,0
TXN005626,CUST01518,388692.02,Card,Successful,Jinja,Web,1,0,0,0
TXN005627,CUST01529,114879.1,Bank Transfer,Successful,Mbale,Android,10,12,1,0
TXN005628,CUST00475,263557.81,Mobile Money,Successful,Jinja,iPhone,20,12,1,0
TXN005629,CUST00836,226047.41,Bank Transfer,Successful,Gulu,Android,13,12,1,0
TXN005630,CUST01914,290015.64,Card,Successful,Gulu,iPhone,1,0,0,0
TXN005631,CUST00271,438638.87,Bank Transfer,Successful,Gulu,Web,14,12,1,0
TXN005632,CUST00421,433939.82,Bank Transfer,Successful,Gulu,iPhone,20,12,1,0
TXN005633,CUST01921,225812.5,Bank Transfer,Failed,Gulu,iPhone,22,36,3,0
TXN005634,CUST00707,8175.44,Mobile Money,Successful,Kampala,Web,20,0,0,0
TXN005635,CUST01391,213508.68,Bank Transfer,Successful,Jinja,Web,17,0,0,0
TXN005636,CUST01304,303293.67,Bank Transfer,Successful,Mbarara,iPhone,13,0,0,0
TXN005637,CUST01307,279103.5,Mobile Money,Successful,Kampala,iPhone,20,0,0,0
TXN005638,CUST00040,325842.38,Bank Transfer,Successful,Mbale,iPhone,11,12,1,0
TXN005639,CUST01983,77460.83,Bank Transfer,Successful,Kampala,iPhone,9,0,0,0
TXN005640,CUST00189,323444.28,Bank Transfer,Successful,Mbarara,iPhone,13,0,0,0
TXN005641,CUST01188,91734.48,Bank Transfer,Successful,Kampala,Web,21,0,0,0
TXN005642,CUST00994,375386.73,Bank Transfer,Successful,Jinja,iPhone,14,0,0,0
TXN005643,CUST01560,169874.26,Card,Successful,Gulu,Web,4,0,0,0
TXN005644,CUST00536,355092.77,Bank Transfer,Successful,Jinja,Android,1,12,1,0
TXN005645,CUST01028,24408.87,Mobile Money,Successful,Kampala,Android,21,0,0,0
TXN005646,CUST01859,204226.08,Bank Transfer,Successful,Mbarara,iPhone,5,0,0,0
TXN005647,CUST00290,352664.74,Card,Successful,Mbale,Android,11,0,0,0
TXN005648,CUST01977,113821.82,Mobile Money,Successful,Jinja,Web,1,0,0,0
TXN005649,CUST00433,397745.88,Mobile Money,Successful,Mbarara,Android,3,0,0,0
TXN005650,CUST00471,315574.48,Bank Transfer,Successful,Mbale,Android,6,12,1,0
TXN005651,CUST01205,293987.11,Card,Successful,Gulu,Web,15,0,0,0
TXN005652,CUST01272,177097.65,Bank Transfer,Successful,Jinja,iPhone,0,0,0,0
TXN005653,CUST00628,241484.51,Card,Successful,Jinja,Web,0,0,0,0
TXN005654,CUST00279,298875.98,Card,Successful,Gulu,Web,13,0,0,0
TXN005655,CUST00877,236494.83,Bank Transfer,Successful,Gulu,iPhone,10,0,0,0
TXN005656,CUST00581,349307.51,Card,Successful,Kampala,Web,11,0,0,0
TXN005657,CUST00863,217131.62,Bank Transfer,Failed,Mbale,iPhone,10,36,3,0
TXN005658,CUST00254,101535.45,Card,Successful,Mbarara,Web,5,0,0,0
TXN005659,CUST00181,107359.92,Mobile Money,Successful,Gulu,Android,22,12,1,0
TXN005660,CUST01854,3398.98,Bank Transfer,Successful,Kampala,iPhone,11,0,0,0
TXN005661,CUST00681,150828.38,Card,Successful,Mbale,iPhone,20,12,1,0
TXN005662,CUST00825,374584.36,Mobile Money,Successful,Mbale,Android,11,0,0,0
TXN005663,CUST01533,397184.27,Mobile Money,Successful,Jinja,Android,9,0,0,0
TXN005664,CUST01785,101632.54,Mobile Money,Successful,Kampala,iPhone,7,12,1,0
TXN005665,CUST00700,479542.48,Mobile Money,Successful,Kampala,Android,19,12,1,0
TXN005666,CUST00566,251450.2,Bank Transfer,Failed,Jinja,Web,18,24,2,0
TXN005667,CUST01350,458530.89,Card,Successful,Mbarara,Web,6,0,0,0
TXN005668,CUST01381,353529.26,Mobile Money,Successful,Gulu,Web,13,12,1,0
TXN005669,CUST01849,361355.49,Card,Failed,Jinja,Android,3,24,2,0
TXN005670,CUST01674,42979.29,Card,Successful,Gulu,Android,0,12,1,0
TXN005671,CUST00680,110385.57,Card,Successful,Kampala,Android,7,0,0,0
TXN005672,CUST00391,4903.01,Bank Transfer,Successful,Jinja,iPhone,4,0,0,0
TXN005673,CUST01639,358205.76,Bank Transfer,Successful,Mbarara,Web,7,0,0,0
TXN005674,CUST01958,172546.93,Mobile Money,Successful,Gulu,iPhone,7,12,1,0
TXN005675,CUST01109,393432.93,Card,Successful,Gulu,iPhone,20,0,0,0
TXN005676,CUST01341,169798.64,Bank Transfer,Successful,Gulu,iPhone,23,0,0,0
TXN005677,CUST00212,409757.21,Bank Transfer,Successful,Kampala,Web,6,0,0,0
TXN005678,CUST01539,65783.78,Bank Transfer,Failed,Gulu,Web,18,24,2,0
TXN005679,CUST00384,87099.89,Mobile Money,Successful,Mbale,Web,3,0,0,0
TXN005680,CUST01715,170767.83,Bank Transfer,Successful,Gulu,Android,22,0,0,0
TXN005681,CUST00342,204539.45,Card,Successful,Kampala,Web,19,12,1,0
TXN005682,CUST01839,174677.05,Bank Transfer,Successful,Jinja,Android,5,12,1,0
TXN005683,CUST01988,381941.69,Bank Transfer,Successful,Gulu,Android,11,0,0,0
TXN005684,CUST00844,48927.22,Mobile Money,Successful,Gulu,Android,17,0,0,0
TXN005685,CUST01062,175932.9,Card,Successful,Jinja,Web,11,0,0,0
TXN005686,CUST01535,418701.38,Bank Transfer,Successful,Mbale,Web,17,12,1,0
TXN005687,CUST00420,33865.14,Card,Successful,Kampala,Web,2,0,0,0
TXN005688,CUST00751,471200.58,Card,Successful,Jinja,Web,9,0,0,0
TXN005689,CUST01193,493165.26,Bank Transfer,Successful,Kampala,iPhone,6,0,0,0
TXN005690,CUST01989,44739.8,Mobile Money,Successful,Jinja,Web,2,12,1,0
TXN005691,CUST01933,145990.62,Card,Successful,Mbarara,Web,18,0,0,0
TXN005692,CUST01367,186514.13,Bank Transfer,Successful,Mbale,Web,12,0,0,0
TXN005693,CUST01850,388307.49,Card,Successful,Mbarara,Web,3,0,0,0
TXN005694,CUST00306,298165.44,Card,Successful,Jinja,Web,9,0,0,0
TXN005695,CUST01566,322360.67,Card,Successful,Jinja,iPhone,5,0,0,0
TXN005696,CUST00702,378876.16,Bank Transfer,Successful,Kampala,iPhone,0,12,1,0
TXN005697,CUST00869,59430.51,Card,Successful,Jinja,Android,5,0,0,0
TXN005698,CUST00537,416688.12,Card,Successful,Kampala,Android,7,0,0,0
TXN005699,CUST01136,352957.09,Mobile Money,Successful,Kampala,Web,14,0,0,0
TXN005700,CUST01435,288882.19,Bank Transfer,Failed,Jinja,Android,7,24,2,0
TXN005701,CUST01971,444922.8,Bank Transfer,Successful,Kampala,iPhone,21,0,0,0
TXN005702,CUST00206,350303.02,Card,Successful,Mbale,Web,5,0,0,0
TXN005703,CUST01209,101249.13,Mobile Money,Successful,Mbarara,Android,18,0,0,0
TXN005704,CUST01406,215157.82,Card,Successful,Jinja,Android,13,12,1,0
TXN005705,CUST00496,247274.41,Card,Successful,Kampala,iPhone,1,0,0,0
TXN005706,CUST01403,28081.2,Bank Transfer,Failed,Kampala,Web,6,36,3,0
TXN005707,CUST01071,477341.44,Mobile Money,Successful,Kampala,Android,7,0,0,0
TXN005708,CUST01910,64724.34,Card,Successful,Kampala,iPhone,9,0,0,0
TXN005709,CUST01764,348881.9,Bank Transfer,Successful,Mbale,Web,12,0,0,0
TXN005710,CUST01575,253362.4,Card,Successful,Jinja,iPhone,21,0,0,0
TXN005711,CUST01552,13303.31,Card,Successful,Jinja,Web,20,12,1,0
TXN005712,CUST00504,462411.36,Mobile Money,Successful,Mbale,Web,19,12,1,0
TXN005713,CUST01046,425992.49,Mobile Money,Suspicious,Mbale,Web,0,40,0,1
TXN005714,CUST00213,262366.83,Mobile Money,Successful,Mbale,iPhone,8,0,0,0
TXN005715,CUST00310,114856.7,Card,Successful,Jinja,Web,9,12,1,0
TXN005716,CUST00661,61250.63,Mobile Money,Failed,Gulu,Android,19,36,3,0
TXN005717,CUST01992,182014.54,Bank Transfer,Successful,Mbarara,Web,1,0,0,0
TXN005718,CUST00753,128086.43,Card,Failed,Mbale,Web,19,24,2,0
TXN005719,CUST00272,253592.25,Mobile Money,Successful,Mbale,iPhone,10,0,0,0
TXN005720,CUST01595,483221.44,Card,Suspicious,Jinja,Web,4,40,0,1
TXN005721,CUST01823,287689.27,Card,Successful,Jinja,Android,17,12,1,0
TXN005722,CUST00938,445020.56,Bank Transfer,Successful,Mbarara,Android,6,12,1,0
TXN005723,CUST01226,325613.98,Bank Transfer,Successful,Kampala,Web,2,12,1,0
TXN005724,CUST00032,237885.64,Bank Transfer,Successful,Jinja,iPhone,15,12,1,0
TXN005725,CUST00443,427376.48,Card,Successful,Mbarara,Android,14,0,0,0
TXN005726,CUST00162,235948.37,Card,Successful,Jinja,iPhone,7,0,0,0
TXN005727,CUST00767,434379.77,Bank Transfer,Successful,Jinja,Web,19,0,0,0
TXN005728,CUST00254,146142.6,Card,Successful,Jinja,iPhone,4,0,0,0
TXN005729,CUST00521,64842.13,Bank Transfer,Successful,Gulu,Web,2,0,0,0
TXN005730,CUST00977,427729.57,Bank Transfer,Suspicious,Gulu,Web,4,52,1,1
TXN005731,CUST01675,293913.87,Mobile Money,Successful,Mbale,iPhone,8,12,1,0
TXN005732,CUST01504,444601.65,Bank Transfer,Successful,Gulu,Android,15,0,0,0
TXN005733,CUST00010,468944.69,Mobile Money,Successful,Mbarara,Web,13,0,0,0
TXN005734,CUST00726,27287.38,Bank Transfer,Successful,Jinja,Web,17,0,0,0
TXN005735,CUST00505,250734.17,Card,Successful,Gulu,Web,6,0,0,0
TXN005736,CUST00785,187794.79,Mobile Money,Successful,Jinja,Android,14,0,0,0
TXN005737,CUST01860,313116.27,Card,Successful,Kampala,Android,7,0,0,0
TXN005738,CUST01584,396898.8,Card,Successful,Mbale,Web,2,0,0,0
TXN005739,CUST00436,140654.81,Bank Transfer,Successful,Gulu,Android,10,0,0,0
TXN005740,CUST01135,278620.79,Bank Transfer,Successful,Jinja,iPhone,19,0,0,0
TXN005741,CUST00153,354509.93,Card,Successful,Kampala,iPhone,17,12,1,0
TXN005742,CUST01659,67648.33,Bank Transfer,Successful,Mbale,iPhone,14,0,0,0
TXN005743,CUST00917,407126.42,Bank Transfer,Successful,Mbale,iPhone,9,0,0,0
TXN005744,CUST00869,303251.75,Bank Transfer,Successful,Kampala,Web,2,12,1,0
TXN005745,CUST01126,474793.95,Card,Successful,Gulu,iPhone,14,0,0,0
TXN005746,CUST00753,170094.7,Mobile Money,Successful,Gulu,Android,22,12,1,0
TXN005747,CUST01857,54518.9,Mobile Money,Successful,Jinja,Web,5,0,0,0
TXN005748,CUST01215,253497.35,Card,Successful,Mbarara,Android,10,0,0,0
TXN005749,CUST01753,43362.48,Bank Transfer,Successful,Jinja,iPhone,10,12,1,0
TXN005750,CUST00563,484778.5,Bank Transfer,Successful,Jinja,Web,18,0,0,0
TXN005751,CUST01828,19823.14,Mobile Money,Successful,Jinja,Web,22,0,0,0
TXN005752,CUST01105,376875.2,Card,Successful,Kampala,Web,2,12,1,0
TXN005753,CUST00489,262788.65,Card,Successful,Mbale,iPhone,12,0,0,0
TXN005754,CUST00895,184626.02,Bank Transfer,Successful,Mbale,Android,21,0,0,0
TXN005755,CUST01112,33388.16,Bank Transfer,Successful,Mbarara,Web,7,0,0,0
TXN005756,CUST01218,311272.38,Bank Transfer,Successful,Gulu,Android,20,12,1,0
TXN005757,CUST00104,292817.55,Card,Successful,Jinja,iPhone,10,0,0,0
TXN005758,CUST01807,140801.19,Mobile Money,Successful,Kampala,iPhone,10,0,0,0
TXN005759,CUST01120,455155.74,Card,Successful,Kampala,Android,12,12,1,0
TXN005760,CUST01447,152402.95,Card,Successful,Jinja,Web,2,12,1,0
TXN005761,CUST01915,225137.84,Card,Successful,Kampala,Android,5,0,0,0
TXN005762,CUST01222,272109.35,Mobile Money,Successful,Kampala,Web,23,0,0,0
TXN005763,CUST01025,50565.82,Bank Transfer,Successful,Jinja,Web,9,0,0,0
TXN005764,CUST01007,466114.78,Bank Transfer,Successful,Mbarara,Android,18,0,0,0
TXN005765,CUST00407,187580.81,Card,Successful,Kampala,Web,11,0,0,0
TXN005766,CUST01402,40849.22,Card,Successful,Mbale,Web,13,12,1,0
TXN005767,CUST00167,193951.94,Mobile Money,Successful,Mbale,Web,10,12,1,0
TXN005768,CUST00509,300301.17,Mobile Money,Successful,Mbale,iPhone,20,0,0,0
TXN005769,CUST01662,257069.51,Bank Transfer,Successful,Jinja,Web,9,0,0,0
TXN005770,CUST00313,347423.72,Card,Successful,Mbale,Android,2,0,0,0
TXN005771,CUST01617,28214.23,Mobile Money,Successful,Gulu,iPhone,12,0,0,0
TXN005772,CUST01442,142628.03,Mobile Money,Successful,Kampala,Web,17,0,0,0
TXN005773,CUST00763,409705.67,Card,Successful,Mbarara,iPhone,12,12,1,0
TXN005774,CUST00681,40406.9,Card,Successful,Mbale,Android,23,0,0,0
TXN005775,CUST00477,427815.23,Card,Successful,Jinja,iPhone,13,12,1,0
TXN005776,CUST00073,46402.1,Card,Successful,Mbarara,iPhone,13,12,1,0
TXN005777,CUST01165,417309.88,Card,Successful,Jinja,Web,6,0,0,0
TXN005778,CUST00582,180713.81,Card,Successful,Mbarara,Android,11,12,1,0
TXN005779,CUST00262,306298.43,Mobile Money,Successful,Mbarara,Android,3,0,0,0
TXN005780,CUST01364,76867.11,Card,Failed,Kampala,iPhone,15,36,3,0
TXN005781,CUST01332,33551.28,Bank Transfer,Successful,Mbarara,Web,18,12,1,0
TXN005782,CUST00245,108361.13,Card,Successful,Gulu,iPhone,9,12,1,0
TXN005783,CUST01539,64362.98,Bank Transfer,Successful,Gulu,iPhone,15,0,0,0
TXN005784,CUST01361,156546.75,Bank Transfer,Failed,Gulu,iPhone,4,36,3,0
TXN005785,CUST01599,257434.43,Bank Transfer,Successful,Jinja,Web,15,0,0,0
TXN005786,CUST00561,294585.35,Card,Successful,Kampala,iPhone,0,12,1,0
TXN005787,CUST01100,395039.12,Card,Failed,Jinja,Web,4,24,2,0
TXN005788,CUST01904,328291.83,Bank Transfer,Successful,Mbale,Android,12,12,1,0
TXN005789,CUST00175,304574.78,Card,Successful,Gulu,iPhone,12,0,0,0
TXN005790,CUST00109,206185.12,Mobile Money,Successful,Kampala,Android,2,12,1,0
TXN005791,CUST00183,237167.31,Mobile Money,Successful,Gulu,iPhone,16,0,0,0
TXN005792,CUST00192,207553.15,Mobile Money,Successful,Kampala,Android,18,0,0,0
TXN005793,CUST00065,421161.93,Mobile Money,Suspicious,Jinja,Web,4,52,1,1
TXN005794,CUST01873,115385.23,Card,Successful,Jinja,iPhone,4,0,0,0
TXN005795,CUST00963,3357.61,Bank Transfer,Failed,Gulu,iPhone,14,24,2,0
TXN005796,CUST01498,325834.29,Card,Successful,Mbarara,Web,9,0,0,0
TXN005797,CUST01807,101629.86,Mobile Money,Successful,Kampala,Android,11,12,1,0
TXN005798,CUST01124,445112.51,Card,Successful,Mbale,Android,23,12,1,0
TXN005799,CUST01568,429593.64,Card,Successful,Mbarara,Web,10,0,0,0
TXN005800,CUST00864,38825.32,Mobile Money,Successful,Jinja,Android,0,0,0,0
TXN005801,CUST01152,53641.01,Bank Transfer,Successful,Kampala,Web,22,0,0,0
TXN005802,CUST01476,247838.21,Card,Successful,Mbarara,Android,20,0,0,0
TXN005803,CUST01938,304806.72,Card,Successful,Mbale,Web,2,0,0,0
TXN005804,CUST00369,137816.71,Mobile Money,Successful,Mbarara,Web,3,12,1,0
TXN005805,CUST00851,358540.46,Bank Transfer,Successful,Mbale,Web,18,0,0,0
TXN005806,CUST00043,297660.55,Mobile Money,Successful,Jinja,Web,23,0,0,0
TXN005807,CUST01908,162749.64,Mobile Money,Successful,Kampala,Android,19,0,0,0
TXN005808,CUST01443,13173.06,Card,Successful,Jinja,iPhone,2,12,1,0
TXN005809,CUST00488,375200.07,Bank Transfer,Successful,Kampala,Android,17,12,1,0
TXN005810,CUST00078,107769.46,Mobile Money,Successful,Mbarara,Web,2,12,1,0
TXN005811,CUST00826,417319.63,Card,Successful,Jinja,iPhone,6,0,0,0
TXN005812,CUST01825,210434.98,Mobile Money,Successful,Kampala,iPhone,21,12,1,0
TXN005813,CUST01294,288750.18,Card,Successful,Mbale,Android,20,0,0,0
TXN005814,CUST00674,436537.89,Bank Transfer,Successful,Kampala,Web,23,12,1,0
TXN005815,CUST00701,431879.69,Mobile Money,Suspicious,Jinja,Web,0,52,1,1
TXN005816,CUST00759,186074.03,Bank Transfer,Successful,Jinja,Web,18,0,0,0
TXN005817,CUST01924,104840.0,Bank Transfer,Successful,Mbarara,Web,17,0,0,0
TXN005818,CUST00728,387685.47,Card,Successful,Mbale,Web,1,0,0,0
TXN005819,CUST01339,216823.56,Mobile Money,Successful,Kampala,iPhone,11,0,0,0
TXN005820,CUST00925,96424.98,Mobile Money,Successful,Jinja,Android,16,0,0,0
TXN005821,CUST01875,452260.46,Card,Failed,Kampala,Android,20,24,2,0
TXN005822,CUST00902,99453.05,Card,Successful,Gulu,Android,20,0,0,0
TXN005823,CUST00889,13390.68,Bank Transfer,Successful,Mbale,iPhone,2,0,0,0
TXN005824,CUST00993,10629.85,Mobile Money,Successful,Mbale,iPhone,11,0,0,0
TXN005825,CUST01969,311346.52,Mobile Money,Successful,Gulu,Android,11,0,0,0
TXN005826,CUST01192,331006.69,Card,Successful,Mbale,iPhone,5,12,1,0
TXN005827,CUST00339,155865.33,Card,Successful,Gulu,iPhone,9,0,0,0
TXN005828,CUST00193,160345.49,Card,Successful,Kampala,Android,21,0,0,0
TXN005829,CUST01477,170077.21,Mobile Money,Successful,Gulu,iPhone,5,12,1,0
TXN005830,CUST00283,340239.19,Mobile Money,Failed,Mbarara,Web,13,24,2,0
TXN005831,CUST01360,29537.83,Bank Transfer,Successful,Gulu,Android,1,0,0,0
TXN005832,CUST00390,464593.62,Card,Failed,Kampala,Android,10,24,2,0
TXN005833,CUST01000,111649.26,Bank Transfer,Successful,Mbale,Android,14,0,0,0
TXN005834,CUST00525,499836.77,Mobile Money,Successful,Mbarara,Android,7,12,1,0
TXN005835,CUST01264,86175.59,Bank Transfer,Successful,Gulu,iPhone,21,0,0,0
TXN005836,CUST01856,385887.46,Bank Transfer,Successful,Kampala,Android,12,0,0,0
TXN005837,CUST01982,112094.57,Bank Transfer,Successful,Mbarara,Web,18,0,0,0
TXN005838,CUST01507,40882.98,Card,Successful,Mbarara,iPhone,9,0,0,0
TXN005839,CUST00659,437529.2,Mobile Money,Successful,Mbarara,iPhone,8,0,0,0
TXN005840,CUST00716,429446.25,Card,Successful,Gulu,Android,17,0,0,0
TXN005841,CUST01616,202083.41,Bank Transfer,Successful,Kampala,iPhone,6,0,0,0
TXN005842,CUST00891,351346.87,Card,Successful,Kampala,iPhone,2,12,1,0
TXN005843,CUST01579,278754.43,Mobile Money,Successful,Kampala,iPhone,11,0,0,0
TXN005844,CUST01482,426551.58,Mobile Money,Successful,Jinja,Android,14,0,0,0
TXN005845,CUST01113,157870.46,Bank Transfer,Successful,Mbale,Web,21,0,0,0
TXN005846,CUST01684,262074.36,Bank Transfer,Successful,Kampala,Android,20,12,1,0
TXN005847,CUST01119,242943.5,Card,Successful,Jinja,Web,12,0,0,0
TXN005848,CUST00452,177275.96,Mobile Money,Failed,Jinja,iPhone,5,24,2,0
TXN005849,CUST00428,445781.8,Mobile Money,Failed,Mbarara,Web,7,36,3,0
TXN005850,CUST01175,83356.02,Card,Successful,Mbale,Android,13,12,1,0
TXN005851,CUST01538,75179.57,Mobile Money,Successful,Mbarara,Android,2,12,1,0
TXN005852,CUST01400,288666.31,Bank Transfer,Successful,Mbale,Android,15,0,0,0
TXN005853,CUST01046,328918.37,Bank Transfer,Successful,Mbarara,iPhone,17,0,0,0
TXN005854,CUST00883,97712.32,Card,Successful,Gulu,Web,23,0,0,0
TXN005855,CUST00313,195663.36,Card,Successful,Mbale,Android,16,0,0,0
TXN005856,CUST00840,473308.64,Card,Successful,Jinja,Android,17,0,0,0
TXN005857,CUST00519,123685.4,Bank Transfer,Failed,Jinja,Android,9,24,2,0
TXN005858,CUST01230,334346.17,Card,Successful,Mbale,iPhone,16,12,1,0
TXN005859,CUST01976,370204.62,Mobile Money,Successful,Mbarara,Android,15,0,0,0
TXN005860,CUST00375,224340.29,Card,Successful,Gulu,iPhone,20,12,1,0
TXN005861,CUST00451,468794.23,Mobile Money,Successful,Gulu,iPhone,23,0,0,0
TXN005862,CUST01650,368460.04,Bank Transfer,Successful,Kampala,Android,1,0,0,0
TXN005863,CUST01808,229233.33,Mobile Money,Successful,Mbale,iPhone,19,0,0,0
TXN005864,CUST01015,284882.93,Mobile Money,Successful,Gulu,iPhone,3,0,0,0
TXN005865,CUST00595,346460.41,Mobile Money,Successful,Mbarara,Android,10,0,0,0
TXN005866,CUST01203,296299.0,Bank Transfer,Successful,Mbarara,Android,6,12,1,0
TXN005867,CUST01234,439409.44,Mobile Money,Failed,Jinja,Web,16,24,2,0
TXN005868,CUST00500,178765.89,Mobile Money,Successful,Gulu,Android,18,12,1,0
TXN005869,CUST00464,150292.93,Card,Successful,Gulu,Web,5,12,1,0
TXN005870,CUST01864,107312.53,Card,Failed,Mbarara,Web,9,24,2,0
TXN005871,CUST01148,19372.59,Card,Successful,Jinja,Web,20,12,1,0
TXN005872,CUST00113,21985.48,Mobile Money,Successful,Gulu,Android,3,0,0,0
TXN005873,CUST01036,435092.57,Mobile Money,Suspicious,Mbarara,Web,0,40,0,1
TXN005874,CUST01150,339357.38,Bank Transfer,Successful,Jinja,Web,6,0,0,0
TXN005875,CUST01589,330435.94,Mobile Money,Successful,Jinja,Web,20,0,0,0
TXN005876,CUST00331,307514.09,Mobile Money,Successful,Mbarara,Android,15,12,1,0
TXN005877,CUST01925,424684.96,Bank Transfer,Failed,Jinja,Android,16,36,3,0
TXN005878,CUST01307,240393.33,Mobile Money,Successful,Jinja,Android,23,0,0,0
TXN005879,CUST00140,435270.21,Bank Transfer,Suspicious,Kampala,Android,4,40,0,1
TXN005880,CUST01425,180042.79,Bank Transfer,Successful,Jinja,iPhone,21,12,1,0
TXN005881,CUST00902,463390.4,Card,Successful,Gulu,Android,22,12,1,0
TXN005882,CUST01121,349479.16,Mobile Money,Successful,Jinja,Web,9,12,1,0
TXN005883,CUST00517,128959.98,Card,Successful,Gulu,Android,6,0,0,0
TXN005884,CUST00569,282260.42,Mobile Money,Successful,Mbarara,iPhone,12,0,0,0
TXN005885,CUST01948,266748.77,Card,Successful,Jinja,iPhone,6,0,0,0
TXN005886,CUST00846,69380.46,Bank Transfer,Failed,Mbarara,iPhone,14,24,2,0
TXN005887,CUST01093,295825.83,Bank Transfer,Successful,Mbale,Android,16,0,0,0
TXN005888,CUST00118,157735.42,Bank Transfer,Successful,Jinja,iPhone,22,12,1,0
TXN005889,CUST00888,26648.21,Bank Transfer,Successful,Mbarara,iPhone,2,0,0,0
TXN005890,CUST01083,474353.75,Mobile Money,Suspicious,Mbale,iPhone,4,40,0,1
TXN005891,CUST01057,320924.44,Mobile Money,Failed,Gulu,Android,9,24,2,0
TXN005892,CUST01342,438521.01,Card,Suspicious,Gulu,iPhone,4,64,2,1
TXN005893,CUST00050,338189.97,Mobile Money,Successful,Gulu,iPhone,23,0,0,0
TXN005894,CUST01904,178813.35,Mobile Money,Successful,Gulu,Web,6,12,1,0
TXN005895,CUST01513,256587.69,Card,Successful,Gulu,Web,6,0,0,0
TXN005896,CUST00019,338035.51,Bank Transfer,Successful,Kampala,Web,21,0,0,0
TXN005897,CUST00726,480146.04,Card,Successful,Mbarara,iPhone,22,0,0,0
TXN005898,CUST00197,127207.89,Card,Successful,Mbale,Web,13,0,0,0
TXN005899,CUST01915,437551.04,Bank Transfer,Successful,Mbale,Android,22,12,1,0
TXN005900,CUST01474,462076.86,Card,Successful,Jinja,Web,14,12,1,0
TXN005901,CUST00559,335372.55,Card,Successful,Mbarara,Android,4,0,0,0
TXN005902,CUST01703,465667.68,Card,Suspicious,Kampala,Web,4,52,1,1
TXN005903,CUST00452,199240.35,Mobile Money,Successful,Kampala,Web,3,12,1,0
TXN005904,CUST00289,476531.58,Bank Transfer,Successful,Mbarara,Web,19,0,0,0
TXN005905,CUST01165,351540.05,Bank Transfer,Successful,Gulu,Android,20,0,0,0
TXN005906,CUST01108,21481.88,Card,Successful,Gulu,Android,8,0,0,0
TXN005907,CUST01718,453482.98,Mobile Money,Successful,Mbarara,Web,11,0,0,0
TXN005908,CUST00391,242494.17,Bank Transfer,Successful,Mbale,Android,15,12,1,0
TXN005909,CUST01615,230433.33,Bank Transfer,Failed,Gulu,Web,21,36,3,0
TXN005910,CUST00215,283450.07,Card,Successful,Jinja,iPhone,7,0,0,0
TXN005911,CUST01550,75117.58,Card,Successful,Kampala,iPhone,8,12,1,0
TXN005912,CUST00215,234848.44,Card,Successful,Gulu,iPhone,11,0,0,0
TXN005913,CUST01427,415648.04,Bank Transfer,Successful,Mbale,Android,19,12,1,0
TXN005914,CUST00128,8233.49,Card,Successful,Gulu,iPhone,6,0,0,0
TXN005915,CUST01846,136822.12,Card,Successful,Gulu,Web,20,0,0,0
TXN005916,CUST01501,1726.07,Card,Suspicious,Kampala,Web,3,88,4,1
TXN005917,CUST00760,208147.8,Mobile Money,Successful,Jinja,Android,22,0,0,0
TXN005918,CUST00404,364293.6,Card,Successful,Jinja,Web,2,0,0,0
TXN005919,CUST01053,399486.53,Bank Transfer,Successful,Mbale,iPhone,0,0,0,0
TXN005920,CUST01816,472622.29,Card,Successful,Mbarara,Web,6,0,0,0
TXN005921,CUST00338,304448.05,Bank Transfer,Successful,Mbarara,Android,8,0,0,0
TXN005922,CUST00831,127686.12,Mobile Money,Successful,Mbarara,Web,1,0,0,0
TXN005923,CUST00714,462111.9,Mobile Money,Successful,Mbale,Web,6,0,0,0
TXN005924,CUST00361,387770.22,Card,Successful,Gulu,iPhone,9,0,0,0
TXN005925,CUST00569,287427.03,Bank Transfer,Successful,Jinja,Android,1,12,1,0
TXN005926,CUST01416,347972.29,Card,Successful,Jinja,iPhone,12,0,0,0
TXN005927,CUST00218,462196.02,Card,Suspicious,Gulu,Web,2,40,0,1
TXN005928,CUST01598,356340.82,Bank Transfer,Successful,Jinja,Android,12,12,1,0
TXN005929,CUST01693,184503.07,Bank Transfer,Successful,Jinja,Web,9,0,0,0
TXN005930,CUST00202,356657.59,Bank Transfer,Successful,Mbarara,Web,11,0,0,0
TXN005931,CUST00017,20618.94,Bank Transfer,Successful,Mbarara,iPhone,2,0,0,0
TXN005932,CUST00322,193514.57,Bank Transfer,Successful,Kampala,Web,19,0,0,0
TXN005933,CUST00518,203458.35,Mobile Money,Successful,Kampala,Android,5,0,0,0
TXN005934,CUST01594,83835.7,Mobile Money,Successful,Jinja,Android,2,0,0,0
TXN005935,CUST01349,12031.2,Mobile Money,Successful,Mbarara,iPhone,1,12,1,0
TXN005936,CUST01436,67123.93,Bank Transfer,Successful,Kampala,iPhone,22,12,1,0
TXN005937,CUST01342,327483.44,Bank Transfer,Successful,Kampala,Android,21,0,0,0
TXN005938,CUST00681,401243.26,Bank Transfer,Successful,Mbarara,iPhone,13,0,0,0
TXN005939,CUST01989,494107.64,Card,Successful,Kampala,Web,14,12,1,0
TXN005940,CUST01106,173508.57,Mobile Money,Successful,Gulu,Android,17,0,0,0
TXN005941,CUST01498,299889.92,Mobile Money,Successful,Gulu,iPhone,18,0,0,0
TXN005942,CUST01492,468603.91,Card,Successful,Mbarara,Android,21,0,0,0
TXN005943,CUST00425,83937.37,Card,Successful,Mbarara,Web,9,0,0,0
TXN005944,CUST01969,358963.97,Mobile Money,Successful,Kampala,iPhone,19,0,0,0
TXN005945,CUST01755,377611.88,Bank Transfer,Failed,Jinja,Android,16,24,2,0
TXN005946,CUST01713,44943.28,Mobile Money,Successful,Mbale,Web,16,12,1,0
TXN005947,CUST01228,430694.07,Bank Transfer,Successful,Gulu,iPhone,18,12,1,0
TXN005948,CUST01607,406645.97,Mobile Money,Successful,Gulu,Android,23,0,0,0
TXN005949,CUST01019,17184.8,Mobile Money,Successful,Mbarara,Web,3,12,1,0
TXN005950,CUST00387,45996.67,Card,Successful,Jinja,Web,10,0,0,0
TXN005951,CUST00778,25038.88,Card,Successful,Mbarara,Web,16,12,1,0
TXN005952,CUST00098,167704.39,Bank Transfer,Successful,Kampala,Web,23,0,0,0
TXN005953,CUST01369,254889.85,Bank Transfer,Successful,Jinja,Web,9,0,0,0
TXN005954,CUST01827,266407.69,Mobile Money,Successful,Kampala,iPhone,21,12,1,0
TXN005955,CUST00208,134199.55,Card,Successful,Gulu,Web,16,0,0,0
TXN005956,CUST01538,455842.64,Bank Transfer,Successful,Mbarara,iPhone,11,0,0,0
TXN005957,CUST01660,184447.26,Bank Transfer,Successful,Mbarara,iPhone,9,0,0,0
TXN005958,CUST01816,23252.3,Bank Transfer,Successful,Mbale,Android,9,12,1,0
TXN005959,CUST00586,150463.44,Mobile Money,Successful,Jinja,Android,5,12,1,0
TXN005960,CUST00166,265789.16,Bank Transfer,Successful,Gulu,iPhone,16,0,0,0
TXN005961,CUST00022,204406.8,Bank Transfer,Successful,Mbale,Web,18,0,0,0
TXN005962,CUST00154,137284.34,Card,Successful,Mbale,Web,1,12,1,0
TXN005963,CUST01963,66095.96,Card,Failed,Mbarara,iPhone,3,24,2,0
TXN005964,CUST01463,409672.67,Card,Successful,Jinja,Web,17,12,1,0
TXN005965,CUST01319,498074.55,Mobile Money,Successful,Mbarara,iPhone,20,0,0,0
TXN005966,CUST00219,165106.3,Card,Successful,Jinja,Android,3,0,0,0
TXN005967,CUST00669,191119.71,Card,Successful,Mbale,Web,5,0,0,0
TXN005968,CUST01519,309209.74,Card,Successful,Kampala,Web,13,0,0,0
TXN005969,CUST00230,359361.52,Card,Successful,Gulu,Web,6,0,0,0
TXN005970,CUST00020,196318.75,Bank Transfer,Successful,Mbale,Android,11,0,0,0
TXN005971,CUST00553,452512.29,Mobile Money,Suspicious,Mbarara,Web,1,40,0,1
TXN005972,CUST00950,280221.99,Bank Transfer,Successful,Gulu,iPhone,17,0,0,0
TXN005973,CUST00148,225469.84,Bank Transfer,Successful,Mbale,Web,23,0,0,0
TXN005974,CUST01132,323513.04,Mobile Money,Successful,Jinja,iPhone,12,0,0,0
TXN005975,CUST00403,476425.52,Bank Transfer,Successful,Mbarara,Web,12,12,1,0
TXN005976,CUST00596,397378.87,Card,Failed,Mbale,iPhone,4,24,2,0
TXN005977,CUST01507,20486.56,Mobile Money,Successful,Jinja,Android,6,0,0,0
TXN005978,CUST00367,166488.8,Bank Transfer,Successful,Jinja,Web,11,12,1,0
TXN005979,CUST01858,235537.07,Bank Transfer,Successful,Jinja,Android,13,12,1,0
TXN005980,CUST01438,157601.53,Card,Successful,Gulu,Android,0,12,1,0
TXN005981,CUST01333,350243.69,Bank Transfer,Successful,Mbarara,Web,23,0,0,0
TXN005982,CUST00802,413221.44,Bank Transfer,Successful,Jinja,Web,9,12,1,0
TXN005983,CUST00918,365806.88,Bank Transfer,Successful,Mbale,iPhone,8,0,0,0
TXN005984,CUST01859,494671.98,Mobile Money,Successful,Jinja,Web,9,0,0,0
TXN005985,CUST01158,136637.55,Mobile Money,Successful,Mbarara,Web,6,0,0,0
TXN005986,CUST01743,437557.25,Bank Transfer,Successful,Gulu,iPhone,15,0,0,0
TXN005987,CUST01307,383428.02,Bank Transfer,Successful,Jinja,iPhone,11,0,0,0
TXN005988,CUST01802,181408.29,Card,Successful,Mbale,Web,11,0,0,0
TXN005989,CUST00073,367195.21,Mobile Money,Successful,Mbarara,Web,18,12,1,0
TXN005990,CUST00481,52485.94,Mobile Money,Successful,Jinja,Web,12,0,0,0
TXN005991,CUST01376,394772.07,Mobile Money,Successful,Gulu,Android,20,0,0,0
TXN005992,CUST00560,266399.14,Bank Transfer,Successful,Kampala,Android,17,0,0,0
TXN005993,CUST01350,146498.94,Card,Successful,Mbale,Web,2,12,1,0
TXN005994,CUST00745,328060.76,Card,Successful,Jinja,iPhone,6,0,0,0
TXN005995,CUST01467,320989.19,Bank Transfer,Successful,Jinja,Web,0,12,1,0
TXN005996,CUST00100,105138.37,Bank Transfer,Successful,Kampala,Web,2,0,0,0
TXN005997,CUST01083,15683.51,Card,Successful,Mbarara,Android,20,12,1,0
TXN005998,CUST00508,217094.48,Card,Successful,Kampala,Web,13,12,1,0
TXN005999,CUST00258,284971.18,Mobile Money,Successful,Mbarara,Web,3,0,0,0
TXN006000,CUST00413,438364.34,Bank Transfer,Successful,Jinja,Android,18,0,0,0
TXN006001,CUST01476,464144.29,Mobile Money,Successful,Kampala,Android,21,0,0,0
TXN006002,CUST01089,264638.21,Card,Successful,Jinja,iPhone,5,12,1,0
TXN006003,CUST00595,377024.84,Mobile Money,Successful,Kampala,iPhone,19,12,1,0
TXN006004,CUST01178,219931.98,Card,Successful,Jinja,iPhone,8,0,0,0
TXN006005,CUST00266,373168.04,Card,Successful,Jinja,Web,10,12,1,0
TXN006006,CUST00821,102798.36,Mobile Money,Successful,Jinja,iPhone,21,0,0,0
TXN006007,CUST01103,185846.84,Bank Transfer,Successful,Gulu,Android,14,0,0,0
TXN006008,CUST01339,317296.89,Mobile Money,Successful,Kampala,iPhone,8,0,0,0
TXN006009,CUST00662,9569.9,Mobile Money,Successful,Gulu,Web,10,0,0,0
TXN006010,CUST00947,361369.42,Bank Transfer,Successful,Jinja,Web,9,12,1,0
TXN006011,CUST00560,417849.98,Bank Transfer,Suspicious,Mbale,iPhone,1,52,1,1
TXN006012,CUST00917,199871.26,Mobile Money,Successful,Mbarara,Web,21,12,1,0
TXN006013,CUST00891,224247.24,Card,Successful,Kampala,Web,13,0,0,0
TXN006014,CUST01272,425715.47,Mobile Money,Suspicious,Kampala,Web,3,52,1,1
TXN006015,CUST01814,387939.49,Card,Successful,Mbarara,iPhone,1,0,0,0
TXN006016,CUST00868,144430.67,Bank Transfer,Successful,Gulu,Web,4,0,0,0
TXN006017,CUST00610,162326.07,Bank Transfer,Failed,Mbarara,iPhone,13,36,3,0
TXN006018,CUST00414,339599.68,Card,Successful,Mbale,iPhone,14,0,0,0
TXN006019,CUST00025,281817.45,Mobile Money,Successful,Jinja,Web,18,0,0,0
TXN006020,CUST00284,81533.67,Bank Transfer,Failed,Mbarara,iPhone,5,24,2,0
TXN006021,CUST01473,155309.99,Card,Successful,Mbarara,iPhone,14,0,0,0
TXN006022,CUST00881,450041.65,Card,Successful,Jinja,Web,13,0,0,0
TXN006023,CUST00301,344243.13,Mobile Money,Successful,Kampala,Web,7,0,0,0
TXN006024,CUST01092,492994.17,Card,Successful,Mbale,iPhone,19,0,0,0
TXN006025,CUST01031,383622.76,Card,Successful,Mbarara,Android,11,0,0,0
TXN006026,CUST00817,471016.23,Mobile Money,Suspicious,Mbarara,Android,3,40,0,1
TXN006027,CUST01161,108486.19,Bank Transfer,Failed,Kampala,Android,20,24,2,0
TXN006028,CUST01188,385856.69,Bank Transfer,Successful,Mbale,Android,5,0,0,0
TXN006029,CUST00083,10598.65,Bank Transfer,Successful,Jinja,iPhone,10,0,0,0
TXN006030,CUST01921,335544.63,Card,Successful,Jinja,Web,22,0,0,0
TXN006031,CUST01674,234906.5,Card,Successful,Gulu,Android,21,0,0,0
TXN006032,CUST01444,173706.66,Mobile Money,Successful,Mbale,Web,6,12,1,0
TXN006033,CUST01097,431270.97,Card,Suspicious,Mbale,Android,3,40,0,1
TXN006034,CUST01261,427206.71,Card,Successful,Mbarara,Android,14,0,0,0
TXN006035,CUST00046,11639.7,Bank Transfer,Failed,Gulu,Android,0,24,2,0
TXN006036,CUST00618,304947.81,Card,Successful,Jinja,Web,8,0,0,0
TXN006037,CUST00928,184232.2,Card,Successful,Mbale,Web,22,0,0,0
TXN006038,CUST01824,208122.67,Card,Successful,Mbale,Android,19,12,1,0
TXN006039,CUST00262,416104.35,Mobile Money,Successful,Kampala,Web,7,0,0,0
TXN006040,CUST00176,155264.97,Card,Successful,Jinja,Android,11,0,0,0
TXN006041,CUST01190,471552.88,Mobile Money,Successful,Kampala,iPhone,6,0,0,0
TXN006042,CUST00657,90227.1,Bank Transfer,Successful,Gulu,Web,17,0,0,0
TXN006043,CUST00842,331529.85,Card,Successful,Mbale,Android,0,12,1,0
TXN006044,CUST00370,336216.48,Mobile Money,Failed,Gulu,iPhone,8,24,2,0
TXN006045,CUST01819,126471.48,Bank Transfer,Successful,Kampala,iPhone,6,0,0,0
TXN006046,CUST00054,162712.93,Card,Successful,Jinja,Android,13,0,0,0
TXN006047,CUST00690,417481.85,Mobile Money,Suspicious,Mbale,iPhone,0,52,1,1
TXN006048,CUST01443,381021.72,Mobile Money,Successful,Jinja,iPhone,12,12,1,0
TXN006049,CUST01780,164883.39,Bank Transfer,Failed,Gulu,Android,19,24,2,0
TXN006050,CUST01531,267211.3,Card,Successful,Mbarara,iPhone,14,0,0,0
TXN006051,CUST01365,31309.31,Card,Successful,Jinja,iPhone,4,0,0,0
TXN006052,CUST01151,104768.57,Card,Successful,Jinja,Android,4,0,0,0
TXN006053,CUST01433,243167.37,Mobile Money,Failed,Jinja,Android,13,36,3,0
TXN006054,CUST01948,43443.88,Card,Successful,Mbale,iPhone,13,0,0,0
TXN006055,CUST00367,421744.51,Mobile Money,Successful,Gulu,Web,13,0,0,0
TXN006056,CUST01295,359144.1,Mobile Money,Successful,Gulu,Android,4,0,0,0
TXN006057,CUST00644,471845.02,Bank Transfer,Successful,Mbale,Web,10,0,0,0
TXN006058,CUST01629,346886.72,Mobile Money,Failed,Jinja,Android,18,36,3,0
TXN006059,CUST00379,470230.49,Bank Transfer,Suspicious,Jinja,Web,4,40,0,1
TXN006060,CUST00073,277479.02,Bank Transfer,Successful,Mbarara,Android,3,12,1,0
TXN006061,CUST01947,300309.2,Card,Successful,Jinja,iPhone,14,12,1,0
TXN006062,CUST01946,488497.04,Bank Transfer,Failed,Kampala,iPhone,20,24,2,0
TXN006063,CUST00915,321243.51,Card,Successful,Jinja,Web,6,12,1,0
TXN006064,CUST01272,15877.89,Bank Transfer,Successful,Mbarara,Web,4,0,0,0
TXN006065,CUST00860,362039.49,Mobile Money,Successful,Kampala,Android,14,12,1,0
TXN006066,CUST01809,452781.61,Card,Successful,Mbarara,Android,13,12,1,0
TXN006067,CUST00043,397892.33,Mobile Money,Successful,Mbarara,Web,23,0,0,0
TXN006068,CUST00377,292124.72,Card,Successful,Gulu,Web,23,12,1,0
TXN006069,CUST01065,335816.1,Mobile Money,Successful,Mbale,iPhone,2,12,1,0
TXN006070,CUST00170,495100.8,Bank Transfer,Suspicious,Mbarara,Web,4,64,2,1
TXN006071,CUST01970,45785.71,Card,Successful,Jinja,iPhone,11,12,1,0
TXN006072,CUST00212,333788.79,Card,Successful,Gulu,Web,19,0,0,0
TXN006073,CUST01517,142057.15,Card,Successful,Kampala,iPhone,13,0,0,0
TXN006074,CUST01704,320225.15,Bank Transfer,Successful,Mbale,iPhone,4,0,0,0
TXN006075,CUST00039,304007.98,Mobile Money,Successful,Gulu,iPhone,23,0,0,0
TXN006076,CUST00369,77151.69,Bank Transfer,Successful,Mbarara,Android,3,12,1,0
TXN006077,CUST00757,103769.95,Bank Transfer,Failed,Gulu,iPhone,20,24,2,0
TXN006078,CUST00151,311003.97,Bank Transfer,Successful,Jinja,Web,15,0,0,0
TXN006079,CUST01135,64550.86,Mobile Money,Successful,Jinja,Web,6,0,0,0
TXN006080,CUST01504,132957.85,Bank Transfer,Successful,Jinja,Web,2,12,1,0
TXN006081,CUST01460,417705.15,Card,Successful,Mbale,Android,21,12,1,0
TXN006082,CUST01071,163882.21,Bank Transfer,Successful,Gulu,iPhone,3,0,0,0
TXN006083,CUST01024,244286.05,Mobile Money,Successful,Gulu,Android,19,0,0,0
TXN006084,CUST01599,470599.6,Card,Successful,Mbarara,iPhone,21,0,0,0
TXN006085,CUST00737,113960.97,Mobile Money,Failed,Kampala,Web,5,36,3,0
TXN006086,CUST01390,195118.2,Bank Transfer,Successful,Jinja,iPhone,2,12,1,0
TXN006087,CUST00069,303425.66,Mobile Money,Successful,Kampala,Android,0,0,0,0
TXN006088,CUST00299,377791.8,Card,Successful,Kampala,Android,2,0,0,0
TXN006089,CUST00944,450875.87,Mobile Money,Successful,Jinja,Android,23,0,0,0
TXN006090,CUST00802,457778.76,Card,Successful,Jinja,Android,7,0,0,0
TXN006091,CUST00296,388431.72,Card,Successful,Mbarara,Web,15,0,0,0
TXN006092,CUST00203,114551.25,Bank Transfer,Failed,Mbale,Android,21,24,2,0
TXN006093,CUST00061,12892.26,Bank Transfer,Failed,Jinja,Android,6,36,3,0
TXN006094,CUST00946,192195.08,Card,Successful,Kampala,Android,17,0,0,0
TXN006095,CUST00963,71203.65,Mobile Money,Successful,Mbarara,Web,8,0,0,0
TXN006096,CUST01854,355338.63,Card,Successful,Gulu,iPhone,2,0,0,0
TXN006097,CUST01338,330734.73,Bank Transfer,Failed,Mbarara,Web,17,24,2,0
TXN006098,CUST01185,22463.83,Mobile Money,Successful,Jinja,Web,15,12,1,0
TXN006099,CUST00331,418378.59,Card,Successful,Jinja,Web,20,12,1,0
TXN006100,CUST01552,124747.26,Bank Transfer,Successful,Mbale,iPhone,0,12,1,0
TXN006101,CUST00338,216397.42,Card,Successful,Mbarara,Android,20,0,0,0
TXN006102,CUST01630,334132.9,Card,Successful,Jinja,Web,19,12,1,0
TXN006103,CUST01328,214994.68,Card,Successful,Kampala,Android,15,12,1,0
TXN006104,CUST01527,220923.26,Mobile Money,Failed,Kampala,Android,11,24,2,0
TXN006105,CUST01674,33281.18,Bank Transfer,Successful,Mbarara,iPhone,5,12,1,0
TXN006106,CUST01362,201021.05,Bank Transfer,Successful,Mbale,iPhone,20,12,1,0
TXN006107,CUST01574,382541.52,Card,Successful,Mbarara,Web,8,0,0,0
TXN006108,CUST00639,457630.58,Card,Successful,Mbale,iPhone,20,12,1,0
TXN006109,CUST00275,207041.82,Card,Successful,Kampala,iPhone,12,0,0,0
TXN006110,CUST01188,212081.12,Mobile Money,Successful,Jinja,iPhone,23,0,0,0
TXN006111,CUST01467,351462.24,Bank Transfer,Successful,Gulu,Android,11,12,1,0
TXN006112,CUST00319,471414.61,Card,Successful,Jinja,iPhone,12,0,0,0
TXN006113,CUST00589,133896.94,Bank Transfer,Successful,Kampala,Web,17,0,0,0
TXN006114,CUST00504,220352.03,Card,Successful,Kampala,iPhone,18,0,0,0
TXN006115,CUST01710,398088.64,Bank Transfer,Failed,Jinja,Web,18,36,3,0
TXN006116,CUST00387,305041.94,Card,Successful,Jinja,Web,18,0,0,0
TXN006117,CUST01994,55737.88,Mobile Money,Successful,Kampala,iPhone,5,12,1,0
TXN006118,CUST00870,314052.5,Card,Successful,Jinja,Android,15,0,0,0
TXN006119,CUST00833,93779.77,Card,Successful,Gulu,Web,6,0,0,0
TXN006120,CUST01015,255352.86,Card,Successful,Gulu,Web,6,12,1,0
TXN006121,CUST01912,264787.08,Card,Failed,Mbarara,Web,22,36,3,0
TXN006122,CUST00603,438163.58,Card,Successful,Gulu,iPhone,18,0,0,0
TXN006123,CUST01774,231515.89,Bank Transfer,Successful,Kampala,Web,15,0,0,0
TXN006124,CUST01800,140081.49,Bank Transfer,Successful,Kampala,iPhone,16,0,0,0
TXN006125,CUST00691,115867.69,Mobile Money,Successful,Mbarara,Web,21,0,0,0
TXN006126,CUST00494,437188.81,Card,Successful,Mbale,Android,18,12,1,0
TXN006127,CUST00490,85919.92,Bank Transfer,Successful,Mbarara,Web,15,0,0,0
TXN006128,CUST00721,213221.35,Bank Transfer,Successful,Mbale,iPhone,15,0,0,0
TXN006129,CUST01097,93992.97,Card,Failed,Mbale,iPhone,18,24,2,0
TXN006130,CUST00509,386765.37,Card,Successful,Jinja,Web,14,0,0,0
TXN006131,CUST00390,237449.13,Mobile Money,Successful,Gulu,iPhone,2,12,1,0
TXN006132,CUST01643,175896.27,Mobile Money,Successful,Mbale,Android,14,12,1,0
TXN006133,CUST01881,180869.27,Bank Transfer,Successful,Jinja,iPhone,15,12,1,0
TXN006134,CUST00295,426181.0,Mobile Money,Successful,Mbarara,Web,19,0,0,0
TXN006135,CUST01393,277110.09,Bank Transfer,Failed,Mbarara,Android,4,24,2,0
TXN006136,CUST01980,359074.99,Mobile Money,Successful,Mbale,iPhone,18,0,0,0
TXN006137,CUST00796,448570.74,Card,Successful,Jinja,Web,9,0,0,0
TXN006138,CUST00865,450919.97,Mobile Money,Successful,Kampala,iPhone,12,0,0,0
TXN006139,CUST01718,164590.27,Bank Transfer,Successful,Gulu,Web,14,12,1,0
TXN006140,CUST00549,476249.41,Mobile Money,Successful,Mbale,iPhone,11,0,0,0
TXN006141,CUST00649,12925.5,Bank Transfer,Successful,Kampala,iPhone,16,12,1,0
TXN006142,CUST01874,188729.36,Bank Transfer,Successful,Gulu,Android,14,0,0,0
TXN006143,CUST00568,447951.53,Mobile Money,Suspicious,Kampala,Android,3,40,0,1
TXN006144,CUST01211,137681.12,Mobile Money,Successful,Jinja,iPhone,14,0,0,0
TXN006145,CUST00853,136904.18,Bank Transfer,Successful,Mbale,Web,16,12,1,0
TXN006146,CUST00770,151659.83,Card,Successful,Kampala,Web,10,0,0,0
TXN006147,CUST00445,306350.54,Mobile Money,Successful,Kampala,iPhone,22,0,0,0
TXN006148,CUST01594,219447.22,Bank Transfer,Failed,Kampala,iPhone,22,36,3,0
TXN006149,CUST00363,363504.05,Card,Successful,Mbale,Android,14,0,0,0
TXN006150,CUST00123,447507.87,Bank Transfer,Successful,Jinja,iPhone,19,0,0,0
TXN006151,CUST01212,337262.59,Mobile Money,Successful,Jinja,iPhone,20,0,0,0
TXN006152,CUST00742,102631.13,Bank Transfer,Successful,Kampala,Web,6,0,0,0
TXN006153,CUST00680,466374.61,Bank Transfer,Successful,Jinja,Android,12,0,0,0
TXN006154,CUST00420,132614.19,Bank Transfer,Successful,Gulu,Android,21,0,0,0
TXN006155,CUST01650,75372.2,Mobile Money,Successful,Jinja,iPhone,12,12,1,0
TXN006156,CUST01276,45438.66,Card,Successful,Kampala,Android,19,12,1,0
TXN006157,CUST01643,281910.18,Card,Successful,Gulu,Web,19,0,0,0
TXN006158,CUST01573,57324.35,Card,Successful,Mbale,iPhone,1,0,0,0
TXN006159,CUST01359,69818.55,Card,Successful,Mbarara,iPhone,9,12,1,0
TXN006160,CUST00092,150365.23,Mobile Money,Successful,Jinja,Web,17,0,0,0
TXN006161,CUST01554,141185.68,Bank Transfer,Successful,Gulu,Android,19,0,0,0
TXN006162,CUST01890,302317.64,Card,Successful,Mbarara,Android,4,0,0,0
TXN006163,CUST00063,408464.27,Card,Successful,Mbale,Web,19,0,0,0
TXN006164,CUST01686,380794.15,Mobile Money,Successful,Mbarara,Web,18,12,1,0
TXN006165,CUST00512,131610.99,Bank Transfer,Successful,Mbale,Web,1,0,0,0
TXN006166,CUST01163,123032.59,Bank Transfer,Successful,Kampala,Web,3,0,0,0
TXN006167,CUST01722,482912.87,Card,Successful,Kampala,Android,15,0,0,0
TXN006168,CUST01209,4614.0,Card,Successful,Mbale,Android,20,0,0,0
TXN006169,CUST01229,439920.41,Bank Transfer,Successful,Mbarara,Web,15,0,0,0
TXN006170,CUST00772,100264.4,Mobile Money,Successful,Jinja,Web,16,12,1,0
TXN006171,CUST01238,473668.52,Bank Transfer,Successful,Mbarara,iPhone,14,0,0,0
TXN006172,CUST00256,171482.49,Bank Transfer,Successful,Mbarara,iPhone,12,0,0,0
TXN006173,CUST00135,220455.71,Card,Successful,Jinja,Android,0,12,1,0
TXN006174,CUST01597,353706.75,Mobile Money,Successful,Mbarara,iPhone,21,12,1,0
TXN006175,CUST00875,294040.69,Mobile Money,Successful,Mbarara,iPhone,4,0,0,0
TXN006176,CUST00822,159310.7,Mobile Money,Successful,Gulu,iPhone,19,12,1,0
TXN006177,CUST00088,277138.54,Card,Successful,Mbale,Android,0,0,0,0
TXN006178,CUST01860,365488.09,Mobile Money,Successful,Kampala,iPhone,11,12,1,0
TXN006179,CUST00988,21646.31,Mobile Money,Successful,Mbale,Web,22,0,0,0
TXN006180,CUST01231,6094.05,Card,Successful,Mbarara,Android,14,12,1,0
TXN006181,CUST01153,229304.44,Bank Transfer,Successful,Jinja,iPhone,3,0,0,0
TXN006182,CUST00823,66352.39,Mobile Money,Successful,Jinja,Android,18,0,0,0
TXN006183,CUST01027,332339.97,Bank Transfer,Successful,Kampala,iPhone,15,0,0,0
TXN006184,CUST00974,107419.2,Mobile Money,Failed,Kampala,Android,22,24,2,0
TXN006185,CUST00934,216709.13,Bank Transfer,Successful,Kampala,Web,17,12,1,0
TXN006186,CUST01778,99236.63,Bank Transfer,Successful,Jinja,iPhone,16,12,1,0
TXN006187,CUST00121,274467.55,Card,Successful,Mbarara,iPhone,10,12,1,0
TXN006188,CUST01409,58468.7,Card,Failed,Kampala,Android,19,24,2,0
TXN006189,CUST01638,12041.87,Mobile Money,Successful,Kampala,Web,12,0,0,0
TXN006190,CUST01062,26040.25,Mobile Money,Successful,Jinja,iPhone,23,0,0,0
TXN006191,CUST01365,477152.09,Card,Successful,Mbarara,Web,21,12,1,0
TXN006192,CUST01008,71571.97,Mobile Money,Successful,Kampala,iPhone,8,12,1,0
TXN006193,CUST00925,354384.89,Mobile Money,Successful,Mbarara,Web,16,0,0,0
TXN006194,CUST00645,34429.14,Card,Successful,Gulu,iPhone,16,12,1,0
TXN006195,CUST00714,54526.1,Bank Transfer,Successful,Kampala,Android,4,0,0,0
TXN006196,CUST00860,254683.69,Mobile Money,Successful,Kampala,Android,21,0,0,0
TXN006197,CUST00021,232703.03,Card,Failed,Jinja,Web,7,24,2,0
TXN006198,CUST00242,475814.36,Mobile Money,Suspicious,Gulu,iPhone,2,40,0,1
TXN006199,CUST00455,472445.31,Mobile Money,Successful,Gulu,iPhone,5,0,0,0
TXN006200,CUST00963,389914.52,Card,Successful,Gulu,Web,2,12,1,0
TXN006201,CUST00621,301249.86,Card,Successful,Mbale,iPhone,7,12,1,0
TXN006202,CUST00303,227752.68,Mobile Money,Successful,Jinja,Android,11,0,0,0
TXN006203,CUST01620,178411.18,Mobile Money,Successful,Jinja,iPhone,3,0,0,0
TXN006204,CUST01619,473570.23,Bank Transfer,Suspicious,Kampala,Android,1,52,1,1
TXN006205,CUST00803,301652.95,Bank Transfer,Successful,Jinja,Web,9,0,0,0
TXN006206,CUST00964,289746.73,Card,Successful,Kampala,iPhone,14,0,0,0
TXN006207,CUST00069,116334.61,Mobile Money,Successful,Kampala,Web,12,0,0,0
TXN006208,CUST01153,23825.56,Card,Successful,Mbale,Android,23,12,1,0
TXN006209,CUST00196,472621.7,Card,Successful,Jinja,Web,14,0,0,0
TXN006210,CUST00140,157210.76,Mobile Money,Successful,Jinja,Web,21,0,0,0
TXN006211,CUST01468,221573.22,Bank Transfer,Successful,Mbale,iPhone,18,0,0,0
TXN006212,CUST00283,57762.65,Card,Successful,Mbale,Web,17,0,0,0
TXN006213,CUST00312,418543.7,Card,Successful,Jinja,Web,12,0,0,0
TXN006214,CUST00746,14302.1,Mobile Money,Successful,Jinja,iPhone,19,12,1,0
TXN006215,CUST01559,417078.39,Bank Transfer,Failed,Kampala,Web,19,36,3,0
TXN006216,CUST01689,70572.36,Bank Transfer,Failed,Mbarara,Android,0,24,2,0
TXN006217,CUST00277,443338.77,Mobile Money,Successful,Kampala,iPhone,15,12,1,0
TXN006218,CUST00061,365021.43,Card,Successful,Gulu,Android,7,0,0,0
TXN006219,CUST01343,82752.8,Mobile Money,Successful,Gulu,iPhone,22,12,1,0
TXN006220,CUST01914,283126.09,Mobile Money,Failed,Mbarara,Web,5,24,2,0
TXN006221,CUST00052,156671.83,Bank Transfer,Successful,Mbale,Android,2,0,0,0
TXN006222,CUST01880,89527.43,Card,Successful,Gulu,Android,19,12,1,0
TXN006223,CUST00153,429661.51,Card,Successful,Mbale,Android,15,0,0,0
TXN006224,CUST01773,202059.62,Bank Transfer,Successful,Mbale,Web,1,0,0,0
TXN006225,CUST01335,199572.59,Card,Successful,Kampala,Android,22,0,0,0
TXN006226,CUST01838,85358.39,Card,Successful,Mbale,Android,1,0,0,0
TXN006227,CUST00544,191841.31,Mobile Money,Successful,Mbarara,Web,14,0,0,0
TXN006228,CUST00567,435872.61,Mobile Money,Successful,Kampala,Web,9,0,0,0
TXN006229,CUST01888,181882.79,Mobile Money,Successful,Mbarara,Web,0,0,0,0
TXN006230,CUST01413,475825.98,Card,Successful,Mbale,Android,21,0,0,0
TXN006231,CUST01572,473181.3,Card,Successful,Gulu,Android,19,0,0,0
TXN006232,CUST00622,72876.88,Card,Failed,Mbale,Android,14,24,2,0
TXN006233,CUST01201,89066.97,Card,Successful,Mbarara,iPhone,23,12,1,0
TXN006234,CUST01386,431405.7,Bank Transfer,Suspicious,Jinja,Android,0,40,0,1
TXN006235,CUST00314,196684.08,Bank Transfer,Successful,Jinja,Android,21,0,0,0
TXN006236,CUST00807,2684.8,Card,Successful,Gulu,iPhone,15,12,1,0
TXN006237,CUST00848,137298.97,Mobile Money,Successful,Mbarara,iPhone,17,0,0,0
TXN006238,CUST00097,299015.68,Mobile Money,Successful,Gulu,Android,23,12,1,0
TXN006239,CUST00881,399733.35,Bank Transfer,Successful,Kampala,iPhone,4,0,0,0
TXN006240,CUST01237,67127.61,Bank Transfer,Successful,Mbale,Android,20,12,1,0
TXN006241,CUST00829,55715.41,Card,Successful,Kampala,Web,4,12,1,0
TXN006242,CUST00137,461085.28,Card,Successful,Jinja,Web,22,0,0,0
TXN006243,CUST01030,375698.61,Card,Failed,Mbale,Web,22,36,3,0
TXN006244,CUST01011,295094.91,Card,Successful,Kampala,Web,9,12,1,0
TXN006245,CUST00109,384708.8,Card,Successful,Jinja,iPhone,22,0,0,0
TXN006246,CUST00547,214712.75,Mobile Money,Successful,Kampala,Android,11,12,1,0
TXN006247,CUST01063,379348.65,Mobile Money,Successful,Mbale,iPhone,9,0,0,0
TXN006248,CUST00662,186215.59,Card,Successful,Kampala,Web,1,0,0,0
TXN006249,CUST00425,122425.24,Mobile Money,Successful,Mbale,Web,23,0,0,0
TXN006250,CUST00630,364642.2,Card,Successful,Kampala,Android,0,0,0,0
TXN006251,CUST00261,210126.31,Card,Successful,Gulu,iPhone,15,0,0,0
TXN006252,CUST01450,490697.86,Bank Transfer,Successful,Kampala,Web,17,12,1,0
TXN006253,CUST00087,175067.85,Mobile Money,Successful,Kampala,iPhone,6,12,1,0
TXN006254,CUST00465,460902.85,Mobile Money,Suspicious,Gulu,Android,3,40,0,1
TXN006255,CUST00076,466514.79,Bank Transfer,Successful,Jinja,Android,9,0,0,0
TXN006256,CUST00471,121305.55,Mobile Money,Successful,Mbale,iPhone,9,0,0,0
TXN006257,CUST02000,399211.48,Bank Transfer,Successful,Mbarara,Android,10,0,0,0
TXN006258,CUST01987,216820.72,Mobile Money,Successful,Jinja,iPhone,2,0,0,0
TXN006259,CUST00414,458803.6,Card,Successful,Mbale,iPhone,13,0,0,0
TXN006260,CUST00825,225337.07,Bank Transfer,Successful,Kampala,iPhone,12,12,1,0
TXN006261,CUST00895,372279.71,Card,Successful,Jinja,Web,18,0,0,0
TXN006262,CUST00726,233750.22,Card,Successful,Kampala,Web,9,0,0,0
TXN006263,CUST00457,114286.48,Mobile Money,Successful,Jinja,iPhone,14,0,0,0
TXN006264,CUST01309,100075.39,Bank Transfer,Successful,Jinja,Android,7,0,0,0
TXN006265,CUST01263,213002.88,Card,Successful,Mbarara,Android,16,0,0,0
TXN006266,CUST01701,377869.58,Card,Successful,Gulu,Web,5,0,0,0
TXN006267,CUST01623,302733.21,Bank Transfer,Failed,Jinja,iPhone,6,24,2,0
TXN006268,CUST00653,344470.33,Mobile Money,Successful,Kampala,Web,13,0,0,0
TXN006269,CUST00672,141522.01,Card,Failed,Mbarara,iPhone,7,24,2,0
TXN006270,CUST01582,240976.96,Mobile Money,Successful,Jinja,Android,11,0,0,0
TXN006271,CUST01396,22675.43,Bank Transfer,Failed,Gulu,Android,17,24,2,0
TXN006272,CUST00495,408857.44,Mobile Money,Successful,Kampala,Web,13,12,1,0
TXN006273,CUST01648,494951.14,Bank Transfer,Suspicious,Mbarara,Android,0,40,0,1
TXN006274,CUST01943,203736.09,Mobile Money,Failed,Mbale,iPhone,3,24,2,0
TXN006275,CUST01069,5976.34,Mobile Money,Successful,Gulu,Android,16,12,1,0
TXN006276,CUST01425,85311.42,Card,Successful,Mbale,Android,17,0,0,0
TXN006277,CUST01271,326437.18,Mobile Money,Successful,Mbale,Web,18,0,0,0
TXN006278,CUST01640,306233.62,Card,Successful,Mbarara,iPhone,3,12,1,0
TXN006279,CUST00597,394038.43,Bank Transfer,Successful,Mbarara,Web,5,0,0,0
TXN006280,CUST00450,127315.06,Bank Transfer,Successful,Mbarara,Web,7,0,0,0
TXN006281,CUST00485,381934.14,Card,Successful,Mbale,Android,14,0,0,0
TXN006282,CUST00646,344148.02,Mobile Money,Successful,Kampala,iPhone,19,0,0,0
TXN006283,CUST00620,161745.84,Bank Transfer,Successful,Mbarara,iPhone,0,12,1,0
TXN006284,CUST01042,272971.33,Bank Transfer,Successful,Gulu,Web,4,12,1,0
TXN006285,CUST01630,74063.27,Bank Transfer,Successful,Mbarara,Web,15,0,0,0
TXN006286,CUST00662,226555.97,Card,Successful,Mbarara,Android,20,0,0,0
TXN006287,CUST00758,440658.07,Bank Transfer,Successful,Mbarara,iPhone,5,12,1,0
TXN006288,CUST00289,210885.09,Bank Transfer,Successful,Mbale,iPhone,20,0,0,0
TXN006289,CUST01438,419863.57,Bank Transfer,Successful,Kampala,Android,9,12,1,0
TXN006290,CUST00721,295331.56,Bank Transfer,Successful,Mbarara,Web,9,0,0,0
TXN006291,CUST00638,96342.42,Card,Successful,Mbale,iPhone,4,12,1,0
TXN006292,CUST00235,290762.57,Card,Successful,Gulu,Android,7,0,0,0
TXN006293,CUST00416,253238.67,Mobile Money,Successful,Kampala,Web,0,0,0,0
TXN006294,CUST00938,199621.35,Bank Transfer,Successful,Mbale,Android,4,0,0,0
TXN006295,CUST00499,60255.4,Card,Successful,Jinja,iPhone,0,0,0,0
TXN006296,CUST00974,208645.98,Mobile Money,Successful,Gulu,Web,6,0,0,0
TXN006297,CUST00634,36844.81,Mobile Money,Successful,Gulu,Android,14,0,0,0
TXN006298,CUST01674,49835.14,Bank Transfer,Failed,Jinja,Android,22,24,2,0
TXN006299,CUST01020,208250.31,Mobile Money,Successful,Mbale,Android,23,0,0,0
TXN006300,CUST00115,153038.05,Card,Successful,Mbale,iPhone,13,0,0,0
TXN006301,CUST00932,462809.39,Mobile Money,Successful,Gulu,iPhone,22,12,1,0
TXN006302,CUST00674,188165.05,Mobile Money,Successful,Mbale,iPhone,8,0,0,0
TXN006303,CUST01737,379050.13,Card,Successful,Jinja,Android,7,0,0,0
TXN006304,CUST01258,265358.64,Mobile Money,Successful,Mbale,iPhone,7,12,1,0
TXN006305,CUST01564,352190.79,Mobile Money,Failed,Gulu,Android,2,24,2,0
TXN006306,CUST01035,130427.93,Mobile Money,Successful,Mbale,Android,19,0,0,0
TXN006307,CUST00206,470981.53,Mobile Money,Suspicious,Kampala,Android,3,52,1,1
TXN006308,CUST01703,265279.2,Bank Transfer,Failed,Jinja,Web,16,24,2,0
TXN006309,CUST00247,415746.37,Bank Transfer,Successful,Jinja,Android,5,0,0,0
TXN006310,CUST01583,182840.32,Card,Successful,Mbarara,iPhone,1,0,0,0
TXN006311,CUST00758,50555.57,Mobile Money,Successful,Mbale,Android,8,0,0,0
TXN006312,CUST01151,337018.97,Card,Successful,Jinja,iPhone,13,12,1,0
TXN006313,CUST00147,4375.94,Bank Transfer,Successful,Mbale,Web,0,0,0,0
TXN006314,CUST00118,237908.84,Mobile Money,Successful,Kampala,Web,16,0,0,0
TXN006315,CUST01935,96804.55,Mobile Money,Successful,Gulu,Android,10,0,0,0
TXN006316,CUST01406,313874.06,Bank Transfer,Successful,Gulu,iPhone,5,0,0,0
TXN006317,CUST00412,489720.23,Mobile Money,Suspicious,Mbarara,Web,0,52,1,1
TXN006318,CUST01688,232469.25,Mobile Money,Successful,Mbarara,Web,18,12,1,0
TXN006319,CUST01608,408840.38,Bank Transfer,Successful,Jinja,Web,15,12,1,0
TXN006320,CUST00363,254138.2,Card,Successful,Jinja,iPhone,17,12,1,0
TXN006321,CUST01533,248172.1,Card,Successful,Jinja,Android,10,12,1,0
TXN006322,CUST00137,465246.53,Mobile Money,Successful,Kampala,Android,8,0,0,0
TXN006323,CUST01199,445037.95,Bank Transfer,Successful,Mbarara,Web,20,12,1,0
TXN006324,CUST01313,393007.33,Card,Successful,Mbarara,Android,5,0,0,0
TXN006325,CUST00958,148479.75,Card,Successful,Gulu,Web,1,0,0,0
TXN006326,CUST01505,272731.7,Mobile Money,Successful,Mbarara,iPhone,7,0,0,0
TXN006327,CUST00019,112336.67,Card,Successful,Mbarara,Android,21,0,0,0
TXN006328,CUST00195,222236.39,Bank Transfer,Successful,Kampala,iPhone,15,0,0,0
TXN006329,CUST00330,242364.43,Card,Successful,Jinja,Android,7,0,0,0
TXN006330,CUST01960,415904.2,Bank Transfer,Successful,Kampala,iPhone,7,0,0,0
TXN006331,CUST00175,448066.17,Bank Transfer,Successful,Mbale,iPhone,13,12,1,0
TXN006332,CUST01002,207602.72,Mobile Money,Successful,Gulu,Android,0,12,1,0
TXN006333,CUST00449,9343.37,Card,Successful,Gulu,Web,6,12,1,0
TXN006334,CUST01949,430956.03,Mobile Money,Suspicious,Gulu,Web,1,40,0,1
TXN006335,CUST00946,87552.2,Card,Successful,Jinja,iPhone,14,12,1,0
TXN006336,CUST01378,311130.04,Mobile Money,Successful,Jinja,iPhone,23,0,0,0
TXN006337,CUST01523,12972.96,Mobile Money,Successful,Jinja,Web,17,0,0,0
TXN006338,CUST00141,200053.48,Mobile Money,Successful,Gulu,Android,3,0,0,0
TXN006339,CUST00758,492987.17,Card,Failed,Gulu,Android,17,24,2,0
TXN006340,CUST01921,50796.45,Mobile Money,Successful,Gulu,iPhone,22,0,0,0
TXN006341,CUST00930,212134.73,Bank Transfer,Successful,Mbale,Android,4,0,0,0
TXN006342,CUST00093,153921.4,Card,Successful,Mbale,iPhone,15,0,0,0
TXN006343,CUST01968,452591.52,Bank Transfer,Successful,Gulu,Android,12,0,0,0
TXN006344,CUST00239,434735.38,Mobile Money,Successful,Jinja,iPhone,8,12,1,0
TXN006345,CUST00205,119230.53,Mobile Money,Successful,Jinja,Android,4,12,1,0
TXN006346,CUST00560,41053.3,Bank Transfer,Successful,Mbale,iPhone,7,12,1,0
TXN006347,CUST01457,313755.63,Mobile Money,Successful,Mbale,Web,17,0,0,0
TXN006348,CUST00245,168516.17,Card,Successful,Gulu,Web,2,12,1,0
TXN006349,CUST00832,336206.15,Bank Transfer,Successful,Gulu,Web,5,0,0,0
TXN006350,CUST01341,16543.82,Card,Successful,Jinja,Web,10,0,0,0
TXN006351,CUST00925,67132.92,Card,Successful,Mbarara,iPhone,22,0,0,0
TXN006352,CUST00295,343342.93,Card,Successful,Jinja,Android,13,0,0,0
TXN006353,CUST00640,106579.14,Mobile Money,Successful,Jinja,iPhone,23,0,0,0
TXN006354,CUST00856,428865.04,Mobile Money,Successful,Gulu,iPhone,18,0,0,0
TXN006355,CUST01306,29766.15,Bank Transfer,Successful,Mbarara,iPhone,6,0,0,0
TXN006356,CUST00017,108133.25,Bank Transfer,Failed,Mbarara,Android,23,24,2,0
TXN006357,CUST00071,499280.84,Card,Successful,Gulu,iPhone,9,12,1,0
TXN006358,CUST01293,216821.51,Mobile Money,Successful,Kampala,Web,14,0,0,0
TXN006359,CUST01349,351631.35,Mobile Money,Successful,Gulu,Web,5,0,0,0
TXN006360,CUST01818,91740.19,Mobile Money,Failed,Mbale,iPhone,19,24,2,0
TXN006361,CUST00305,305129.43,Bank Transfer,Successful,Mbarara,Web,5,0,0,0
TXN006362,CUST01475,363189.98,Mobile Money,Successful,Gulu,Web,15,12,1,0
TXN006363,CUST01031,157581.08,Card,Successful,Jinja,Android,8,12,1,0
TXN006364,CUST01338,414534.11,Card,Successful,Jinja,iPhone,18,0,0,0
TXN006365,CUST00817,301907.08,Card,Successful,Jinja,iPhone,17,12,1,0
TXN006366,CUST01127,194866.94,Mobile Money,Successful,Gulu,Web,4,0,0,0
TXN006367,CUST00821,279042.38,Card,Successful,Kampala,iPhone,15,0,0,0
TXN006368,CUST00193,288592.04,Card,Failed,Mbale,iPhone,6,36,3,0
TXN006369,CUST01777,83184.88,Bank Transfer,Successful,Jinja,Web,18,0,0,0
TXN006370,CUST01598,201664.82,Bank Transfer,Successful,Gulu,Web,4,0,0,0
TXN006371,CUST00529,172043.58,Mobile Money,Successful,Kampala,iPhone,19,12,1,0
TXN006372,CUST00171,200750.91,Mobile Money,Failed,Mbarara,Android,10,24,2,0
TXN006373,CUST01561,380674.74,Mobile Money,Successful,Mbarara,Web,22,0,0,0
TXN006374,CUST00251,241527.93,Mobile Money,Failed,Mbale,iPhone,17,24,2,0
TXN006375,CUST01789,470187.92,Mobile Money,Successful,Gulu,Web,6,0,0,0
TXN006376,CUST01411,147191.37,Bank Transfer,Successful,Gulu,iPhone,17,0,0,0
TXN006377,CUST01231,208143.94,Bank Transfer,Successful,Jinja,iPhone,2,0,0,0
TXN006378,CUST00541,393584.93,Bank Transfer,Successful,Kampala,Android,4,0,0,0
TXN006379,CUST01653,273239.28,Card,Successful,Mbale,Web,22,0,0,0
TXN006380,CUST00416,273740.56,Card,Successful,Kampala,Android,12,12,1,0
TXN006381,CUST00794,27143.41,Bank Transfer,Successful,Mbale,Web,15,12,1,0
TXN006382,CUST01404,199600.53,Bank Transfer,Successful,Gulu,Android,21,0,0,0
TXN006383,CUST01168,135731.5,Mobile Money,Successful,Gulu,Web,11,0,0,0
TXN006384,CUST00025,499667.89,Bank Transfer,Successful,Mbale,Android,6,0,0,0
TXN006385,CUST01846,154523.36,Mobile Money,Successful,Kampala,Android,21,0,0,0
TXN006386,CUST00668,442306.02,Bank Transfer,Successful,Mbarara,Web,12,0,0,0
TXN006387,CUST01097,338278.75,Mobile Money,Successful,Mbarara,Android,0,0,0,0
TXN006388,CUST00632,170787.75,Bank Transfer,Successful,Jinja,Android,14,0,0,0
TXN006389,CUST01848,271995.42,Mobile Money,Successful,Jinja,Web,20,0,0,0
TXN006390,CUST01857,420347.67,Card,Successful,Kampala,Web,11,0,0,0
TXN006391,CUST01117,441742.46,Card,Failed,Gulu,iPhone,16,24,2,0
TXN006392,CUST00505,80616.74,Mobile Money,Successful,Kampala,Web,22,12,1,0
TXN006393,CUST01622,170116.78,Mobile Money,Successful,Mbale,iPhone,19,0,0,0
TXN006394,CUST00336,167943.98,Card,Successful,Mbarara,Android,4,0,0,0
TXN006395,CUST00425,21501.38,Bank Transfer,Successful,Jinja,Web,16,12,1,0
TXN006396,CUST00499,299319.76,Mobile Money,Successful,Kampala,iPhone,23,0,0,0
TXN006397,CUST01388,427482.62,Bank Transfer,Successful,Kampala,Web,14,0,0,0
TXN006398,CUST00947,191096.41,Card,Successful,Mbale,iPhone,19,0,0,0
TXN006399,CUST00630,370147.95,Card,Successful,Gulu,iPhone,18,12,1,0
TXN006400,CUST01769,314036.36,Mobile Money,Successful,Gulu,Web,0,0,0,0
TXN006401,CUST01223,188136.54,Bank Transfer,Successful,Mbarara,Android,3,12,1,0
TXN006402,CUST00718,70959.37,Card,Successful,Jinja,Android,2,12,1,0
TXN006403,CUST01437,354807.26,Bank Transfer,Successful,Gulu,iPhone,7,0,0,0
TXN006404,CUST00339,427355.3,Card,Successful,Gulu,iPhone,8,12,1,0
TXN006405,CUST00659,343084.32,Mobile Money,Successful,Gulu,Android,11,0,0,0
TXN006406,CUST00962,9430.3,Bank Transfer,Successful,Kampala,Web,4,0,0,0
TXN006407,CUST01961,108508.33,Bank Transfer,Successful,Gulu,Web,8,0,0,0
TXN006408,CUST00429,35205.25,Mobile Money,Successful,Mbale,Android,0,0,0,0
TXN006409,CUST01807,285407.86,Mobile Money,Successful,Mbarara,Android,22,0,0,0
TXN006410,CUST00899,378360.6,Mobile Money,Successful,Gulu,Android,10,0,0,0
TXN006411,CUST00139,55734.3,Mobile Money,Successful,Jinja,iPhone,6,0,0,0
TXN006412,CUST01717,419249.74,Card,Successful,Kampala,Android,21,0,0,0
TXN006413,CUST00942,277976.73,Bank Transfer,Successful,Mbale,Android,19,0,0,0
TXN006414,CUST00542,345139.52,Card,Successful,Mbarara,Android,13,0,0,0
TXN006415,CUST00057,485715.22,Mobile Money,Suspicious,Kampala,Android,2,40,0,1
TXN006416,CUST01256,42298.65,Card,Successful,Mbale,Web,10,0,0,0
TXN006417,CUST00658,450661.4,Card,Successful,Kampala,Web,16,0,0,0
TXN006418,CUST00435,63488.3,Bank Transfer,Successful,Mbarara,Android,17,0,0,0
TXN006419,CUST00384,196782.92,Bank Transfer,Successful,Mbarara,iPhone,18,12,1,0
TXN006420,CUST00560,425793.63,Bank Transfer,Successful,Gulu,iPhone,17,0,0,0
TXN006421,CUST00194,453173.99,Mobile Money,Successful,Jinja,Web,5,0,0,0
TXN006422,CUST01760,253432.65,Mobile Money,Successful,Gulu,iPhone,14,0,0,0
TXN006423,CUST01672,297255.27,Bank Transfer,Successful,Kampala,iPhone,6,12,1,0
TXN006424,CUST00534,354219.59,Card,Successful,Gulu,Web,4,12,1,0
TXN006425,CUST00518,416462.95,Bank Transfer,Suspicious,Mbarara,Android,4,76,3,1
TXN006426,CUST00716,61194.83,Mobile Money,Successful,Mbarara,Android,6,12,1,0
TXN006427,CUST00751,405129.62,Card,Successful,Mbarara,Web,21,0,0,0
TXN006428,CUST00185,240897.44,Mobile Money,Successful,Gulu,Android,11,0,0,0
TXN006429,CUST01896,225586.4,Bank Transfer,Failed,Mbale,Android,7,24,2,0
TXN006430,CUST00292,212237.93,Bank Transfer,Successful,Gulu,Web,17,12,1,0
TXN006431,CUST01359,254851.19,Card,Successful,Gulu,Web,17,0,0,0
TXN006432,CUST00732,472552.75,Bank Transfer,Successful,Gulu,Web,16,0,0,0
TXN006433,CUST00116,274327.78,Mobile Money,Successful,Gulu,iPhone,22,0,0,0
TXN006434,CUST00825,476612.18,Mobile Money,Successful,Mbarara,Web,10,0,0,0
TXN006435,CUST01073,90554.92,Mobile Money,Successful,Jinja,Web,14,12,1,0
TXN006436,CUST00685,362205.92,Card,Successful,Gulu,Web,19,0,0,0
TXN006437,CUST00082,406213.65,Mobile Money,Successful,Gulu,Web,5,0,0,0
TXN006438,CUST00834,339724.85,Bank Transfer,Failed,Jinja,Android,11,36,3,0
TXN006439,CUST00333,303657.68,Card,Successful,Gulu,Web,22,0,0,0
TXN006440,CUST00557,282623.98,Mobile Money,Successful,Jinja,Web,6,0,0,0
TXN006441,CUST00335,430534.78,Mobile Money,Successful,Mbarara,iPhone,7,0,0,0
TXN006442,CUST00532,410912.48,Bank Transfer,Suspicious,Mbale,iPhone,3,52,1,1
TXN006443,CUST01984,61583.22,Bank Transfer,Failed,Gulu,Android,2,24,2,0
TXN006444,CUST00221,424369.53,Card,Suspicious,Mbale,Web,2,40,0,1
TXN006445,CUST00635,207327.28,Mobile Money,Successful,Gulu,Web,9,0,0,0
TXN006446,CUST01770,127221.57,Mobile Money,Successful,Kampala,Web,23,0,0,0
TXN006447,CUST01757,434949.4,Bank Transfer,Successful,Kampala,iPhone,14,12,1,0
TXN006448,CUST00323,216296.39,Card,Successful,Mbarara,Android,12,12,1,0
TXN006449,CUST01875,404278.16,Bank Transfer,Successful,Mbale,iPhone,18,0,0,0
TXN006450,CUST00003,132070.1,Bank Transfer,Successful,Mbale,Web,7,12,1,0
TXN006451,CUST01718,2462.7,Card,Successful,Jinja,iPhone,17,0,0,0
TXN006452,CUST00206,247981.87,Mobile Money,Successful,Jinja,Web,4,0,0,0
TXN006453,CUST01856,50564.01,Mobile Money,Successful,Gulu,Web,20,0,0,0
TXN006454,CUST00040,377310.79,Mobile Money,Failed,Jinja,Web,6,24,2,0
TXN006455,CUST00059,138399.53,Card,Successful,Jinja,Android,4,0,0,0
TXN006456,CUST00951,222101.0,Card,Successful,Mbale,iPhone,18,0,0,0
TXN006457,CUST00574,43973.27,Card,Successful,Kampala,Web,16,0,0,0
TXN006458,CUST00644,143686.29,Card,Successful,Mbale,Web,18,0,0,0
TXN006459,CUST01531,390854.38,Card,Successful,Jinja,Android,3,0,0,0
TXN006460,CUST01596,76218.16,Bank Transfer,Failed,Gulu,Android,21,24,2,0
TXN006461,CUST01908,323756.2,Mobile Money,Successful,Kampala,Web,23,0,0,0
TXN006462,CUST00843,458754.21,Card,Successful,Jinja,Web,6,0,0,0
TXN006463,CUST01146,340078.46,Mobile Money,Successful,Jinja,Web,23,0,0,0
TXN006464,CUST01503,405605.33,Card,Successful,Gulu,Web,21,12,1,0
TXN006465,CUST00619,54931.33,Mobile Money,Successful,Gulu,Android,5,0,0,0
TXN006466,CUST00096,125740.55,Bank Transfer,Successful,Jinja,iPhone,13,0,0,0
TXN006467,CUST01883,447322.16,Mobile Money,Successful,Jinja,Android,21,12,1,0
TXN006468,CUST01438,357695.25,Mobile Money,Successful,Mbale,Android,18,12,1,0
TXN006469,CUST01259,319957.14,Card,Successful,Mbarara,iPhone,19,12,1,0
TXN006470,CUST00898,332051.48,Mobile Money,Successful,Gulu,Web,10,12,1,0
TXN006471,CUST01086,207393.18,Bank Transfer,Successful,Gulu,Web,21,0,0,0
TXN006472,CUST01280,22756.04,Bank Transfer,Successful,Mbale,iPhone,6,0,0,0
TXN006473,CUST00561,392328.55,Bank Transfer,Successful,Kampala,Android,2,0,0,0
TXN006474,CUST00905,339517.26,Card,Successful,Kampala,Web,19,12,1,0
TXN006475,CUST00348,236665.83,Card,Successful,Kampala,iPhone,21,12,1,0
TXN006476,CUST00671,449929.93,Card,Successful,Gulu,iPhone,16,0,0,0
TXN006477,CUST01148,168411.75,Card,Successful,Mbarara,iPhone,10,0,0,0
TXN006478,CUST01506,147513.71,Card,Successful,Mbarara,Web,14,0,0,0
TXN006479,CUST00317,436461.76,Bank Transfer,Successful,Mbale,iPhone,6,0,0,0
TXN006480,CUST01528,398595.33,Mobile Money,Successful,Kampala,Android,14,0,0,0
TXN006481,CUST00719,257732.42,Bank Transfer,Successful,Kampala,Android,16,12,1,0
TXN006482,CUST01072,65802.0,Card,Successful,Jinja,iPhone,10,12,1,0
TXN006483,CUST01433,107928.2,Bank Transfer,Successful,Mbale,iPhone,11,0,0,0
TXN006484,CUST01956,328285.88,Mobile Money,Successful,Mbale,iPhone,12,0,0,0
TXN006485,CUST01160,192828.1,Card,Successful,Gulu,Android,10,0,0,0
TXN006486,CUST01225,418318.36,Bank Transfer,Successful,Gulu,Web,10,0,0,0
TXN006487,CUST00250,475002.53,Bank Transfer,Successful,Mbale,Android,8,0,0,0
TXN006488,CUST00314,402915.64,Mobile Money,Successful,Mbarara,iPhone,10,0,0,0
TXN006489,CUST01893,189083.94,Card,Successful,Mbale,Web,3,12,1,0
TXN006490,CUST01392,394448.87,Card,Successful,Mbarara,Web,1,0,0,0
TXN006491,CUST01453,176045.12,Mobile Money,Successful,Gulu,iPhone,22,12,1,0
TXN006492,CUST01854,83966.49,Mobile Money,Successful,Mbale,iPhone,3,0,0,0
TXN006493,CUST00807,17179.91,Mobile Money,Successful,Mbarara,Android,13,0,0,0
TXN006494,CUST01504,193165.5,Mobile Money,Successful,Jinja,Android,4,12,1,0
TXN006495,CUST01338,451827.87,Card,Successful,Jinja,Android,16,12,1,0
TXN006496,CUST01524,119873.8,Card,Successful,Mbale,iPhone,11,0,0,0
TXN006497,CUST01745,103653.33,Bank Transfer,Successful,Kampala,Web,5,0,0,0
TXN006498,CUST01379,484925.48,Bank Transfer,Successful,Mbale,Android,11,0,0,0
TXN006499,CUST00485,12989.55,Bank Transfer,Successful,Gulu,iPhone,14,12,1,0
TXN006500,CUST01235,392998.18,Card,Successful,Gulu,Web,22,12,1,0
TXN006501,CUST01728,161024.29,Card,Successful,Jinja,iPhone,18,12,1,0
TXN006502,CUST00044,19225.23,Card,Successful,Mbarara,iPhone,9,0,0,0
TXN006503,CUST01565,458942.37,Bank Transfer,Suspicious,Jinja,iPhone,1,40,0,1
TXN006504,CUST00571,70251.34,Mobile Money,Successful,Mbarara,Android,11,0,0,0
TXN006505,CUST00583,276113.75,Mobile Money,Successful,Mbale,iPhone,11,0,0,0
TXN006506,CUST01116,137390.08,Mobile Money,Successful,Kampala,iPhone,6,12,1,0
TXN006507,CUST01289,33063.8,Mobile Money,Successful,Gulu,iPhone,0,0,0,0
TXN006508,CUST00895,25436.28,Mobile Money,Successful,Mbale,Android,17,0,0,0
TXN006509,CUST00220,58220.57,Card,Successful,Jinja,iPhone,2,0,0,0
TXN006510,CUST01926,36147.82,Bank Transfer,Successful,Mbale,iPhone,19,0,0,0
TXN006511,CUST00925,380398.78,Mobile Money,Successful,Kampala,Android,4,0,0,0
TXN006512,CUST01466,243040.32,Mobile Money,Successful,Mbarara,iPhone,19,0,0,0
TXN006513,CUST00401,171774.6,Mobile Money,Successful,Kampala,Web,14,0,0,0
TXN006514,CUST01424,209475.27,Card,Successful,Jinja,iPhone,9,0,0,0
TXN006515,CUST00727,464508.89,Mobile Money,Successful,Kampala,iPhone,18,12,1,0
TXN006516,CUST00991,455420.53,Bank Transfer,Suspicious,Gulu,Android,0,40,0,1
TXN006517,CUST00899,357980.4,Card,Successful,Kampala,Android,6,12,1,0
TXN006518,CUST01813,442398.85,Card,Successful,Mbale,Android,21,0,0,0
TXN006519,CUST01600,160164.19,Card,Successful,Mbarara,Android,17,0,0,0
TXN006520,CUST00858,190864.11,Mobile Money,Successful,Gulu,Web,1,12,1,0
TXN006521,CUST00804,307049.23,Mobile Money,Successful,Gulu,iPhone,18,0,0,0
TXN006522,CUST00490,312001.16,Mobile Money,Successful,Gulu,iPhone,23,0,0,0
TXN006523,CUST01509,241109.07,Mobile Money,Successful,Jinja,Web,23,0,0,0
TXN006524,CUST01781,200628.6,Bank Transfer,Successful,Jinja,Android,9,12,1,0
TXN006525,CUST01494,493097.07,Card,Successful,Mbale,iPhone,14,0,0,0
TXN006526,CUST01598,410651.25,Mobile Money,Successful,Mbarara,Web,9,0,0,0
TXN006527,CUST00938,217772.61,Bank Transfer,Failed,Kampala,iPhone,9,24,2,0
TXN006528,CUST00844,363782.59,Card,Successful,Mbale,Web,11,12,1,0
TXN006529,CUST01706,135146.07,Card,Successful,Jinja,Web,7,12,1,0
TXN006530,CUST01469,50534.58,Card,Successful,Mbale,iPhone,22,12,1,0
TXN006531,CUST01293,176539.3,Mobile Money,Successful,Mbarara,Android,13,12,1,0
TXN006532,CUST00267,201784.91,Card,Successful,Mbale,Android,1,12,1,0
TXN006533,CUST00054,8760.29,Mobile Money,Successful,Gulu,Web,16,0,0,0
TXN006534,CUST00528,407488.6,Bank Transfer,Successful,Kampala,Android,5,0,0,0
TXN006535,CUST01544,179917.1,Card,Successful,Jinja,iPhone,7,0,0,0
TXN006536,CUST00616,290418.87,Bank Transfer,Successful,Jinja,Web,0,12,1,0
TXN006537,CUST01083,37444.61,Mobile Money,Successful,Mbarara,iPhone,2,0,0,0
TXN006538,CUST01849,87910.92,Mobile Money,Successful,Mbarara,iPhone,14,0,0,0
TXN006539,CUST01064,444902.02,Mobile Money,Successful,Mbarara,Android,16,0,0,0
TXN006540,CUST01261,304539.42,Card,Failed,Jinja,iPhone,6,24,2,0
TXN006541,CUST00955,475166.88,Card,Failed,Gulu,Web,13,24,2,0
TXN006542,CUST00386,499375.64,Bank Transfer,Successful,Kampala,Web,23,0,0,0
TXN006543,CUST01630,186244.13,Mobile Money,Successful,Mbarara,iPhone,2,0,0,0
TXN006544,CUST00734,149752.13,Bank Transfer,Successful,Jinja,iPhone,17,0,0,0
TXN006545,CUST00716,429248.85,Mobile Money,Successful,Gulu,Web,21,12,1,0
TXN006546,CUST00650,499306.41,Mobile Money,Suspicious,Mbarara,Android,4,40,0,1
TXN006547,CUST00300,315005.8,Bank Transfer,Successful,Mbarara,Android,19,0,0,0
TXN006548,CUST00395,397672.79,Mobile Money,Successful,Kampala,Android,21,0,0,0
TXN006549,CUST01231,390982.06,Bank Transfer,Successful,Kampala,iPhone,14,12,1,0
TXN006550,CUST01360,177992.18,Card,Successful,Mbale,iPhone,5,12,1,0
TXN006551,CUST00593,287348.05,Bank Transfer,Successful,Mbarara,Web,2,0,0,0
TXN006552,CUST01754,416611.94,Bank Transfer,Successful,Mbale,Web,17,12,1,0
TXN006553,CUST00514,344212.88,Mobile Money,Successful,Jinja,Web,23,0,0,0
TXN006554,CUST01202,11071.33,Bank Transfer,Successful,Kampala,Web,19,12,1,0
TXN006555,CUST00396,168684.48,Card,Successful,Gulu,Android,21,0,0,0
TXN006556,CUST00371,72665.61,Card,Successful,Mbarara,iPhone,2,0,0,0
TXN006557,CUST00858,116869.62,Card,Successful,Mbarara,iPhone,7,12,1,0
TXN006558,CUST00791,452791.99,Card,Successful,Mbale,Android,18,0,0,0
TXN006559,CUST00658,18928.2,Bank Transfer,Successful,Kampala,Web,17,12,1,0
TXN006560,CUST01342,110290.46,Card,Successful,Mbale,Web,14,12,1,0
TXN006561,CUST00736,155129.89,Bank Transfer,Successful,Mbarara,iPhone,22,0,0,0
TXN006562,CUST01393,308633.59,Bank Transfer,Successful,Kampala,Web,13,0,0,0
TXN006563,CUST00384,267283.79,Mobile Money,Successful,Mbarara,iPhone,15,0,0,0
TXN006564,CUST00062,109525.61,Bank Transfer,Successful,Kampala,Android,2,0,0,0
TXN006565,CUST01830,82538.41,Bank Transfer,Successful,Mbarara,iPhone,14,0,0,0
TXN006566,CUST00505,118780.62,Mobile Money,Successful,Gulu,Android,18,0,0,0
TXN006567,CUST00239,251513.55,Card,Successful,Mbale,Web,7,0,0,0
TXN006568,CUST00195,135953.3,Card,Successful,Kampala,iPhone,1,12,1,0
TXN006569,CUST00678,473827.45,Bank Transfer,Successful,Mbale,Web,16,0,0,0
TXN006570,CUST01987,232200.68,Mobile Money,Successful,Kampala,Web,11,12,1,0
TXN006571,CUST01246,29868.61,Bank Transfer,Successful,Kampala,Web,18,12,1,0
TXN006572,CUST00061,364768.57,Bank Transfer,Failed,Kampala,iPhone,10,24,2,0
TXN006573,CUST01153,164758.22,Card,Successful,Mbarara,Web,17,0,0,0
TXN006574,CUST00990,326917.72,Mobile Money,Successful,Jinja,iPhone,12,12,1,0
TXN006575,CUST00685,140157.39,Bank Transfer,Successful,Mbarara,Web,13,0,0,0
TXN006576,CUST00156,285586.5,Card,Successful,Jinja,Android,11,0,0,0
TXN006577,CUST01941,386190.18,Bank Transfer,Successful,Mbarara,iPhone,14,0,0,0
TXN006578,CUST01402,464040.37,Card,Successful,Jinja,Android,22,0,0,0
TXN006579,CUST01646,130933.01,Mobile Money,Successful,Kampala,Android,20,0,0,0
TXN006580,CUST01805,167761.05,Bank Transfer,Successful,Kampala,iPhone,7,0,0,0
TXN006581,CUST00923,232401.08,Mobile Money,Successful,Jinja,iPhone,1,0,0,0
TXN006582,CUST00868,463623.83,Card,Successful,Jinja,iPhone,7,12,1,0
TXN006583,CUST00903,450742.73,Mobile Money,Successful,Mbale,Web,22,0,0,0
TXN006584,CUST01814,45394.2,Mobile Money,Successful,Kampala,Web,4,0,0,0
TXN006585,CUST01610,66398.95,Mobile Money,Failed,Mbarara,Android,1,36,3,0
TXN006586,CUST00999,248006.83,Bank Transfer,Successful,Mbale,iPhone,9,0,0,0
TXN006587,CUST01461,53756.33,Card,Successful,Jinja,Android,22,12,1,0
TXN006588,CUST00975,173117.65,Mobile Money,Successful,Mbarara,Web,9,0,0,0
TXN006589,CUST01231,74618.5,Bank Transfer,Successful,Gulu,Android,3,0,0,0
TXN006590,CUST00388,318202.16,Card,Successful,Gulu,Android,3,12,1,0
TXN006591,CUST01504,474772.97,Card,Successful,Gulu,iPhone,7,12,1,0
TXN006592,CUST01815,498368.52,Card,Successful,Mbarara,iPhone,5,12,1,0
TXN006593,CUST00887,187932.95,Mobile Money,Successful,Jinja,Android,14,0,0,0
TXN006594,CUST00838,299706.81,Mobile Money,Successful,Mbarara,Web,17,12,1,0
TXN006595,CUST01364,428205.69,Mobile Money,Failed,Mbale,Android,20,24,2,0
TXN006596,CUST01893,59172.31,Card,Successful,Mbale,Web,21,0,0,0
TXN006597,CUST00340,344937.42,Card,Successful,Gulu,Android,7,12,1,0
TXN006598,CUST00204,204717.41,Mobile Money,Successful,Jinja,Android,19,12,1,0
TXN006599,CUST00161,103470.01,Mobile Money,Successful,Mbale,iPhone,6,12,1,0
TXN006600,CUST01564,201675.43,Card,Successful,Kampala,Android,22,0,0,0
TXN006601,CUST00392,38442.16,Card,Successful,Kampala,Web,19,0,0,0
TXN006602,CUST00769,347855.87,Bank Transfer,Successful,Gulu,Android,16,12,1,0
TXN006603,CUST01701,126744.96,Bank Transfer,Successful,Gulu,Android,18,0,0,0
TXN006604,CUST00575,156047.12,Mobile Money,Successful,Gulu,Web,1,0,0,0
TXN006605,CUST00534,60980.11,Card,Successful,Mbale,Android,11,0,0,0
TXN006606,CUST01094,432397.23,Card,Successful,Jinja,Android,18,12,1,0
TXN006607,CUST00893,246975.42,Bank Transfer,Successful,Gulu,Android,4,0,0,0
TXN006608,CUST00405,286287.37,Card,Successful,Mbarara,Android,11,12,1,0
TXN006609,CUST00608,284931.63,Mobile Money,Failed,Gulu,Web,16,24,2,0
TXN006610,CUST01699,205541.31,Bank Transfer,Successful,Mbale,Web,4,0,0,0
TXN006611,CUST01615,96668.69,Card,Successful,Jinja,Web,1,0,0,0
TXN006612,CUST01541,372693.81,Card,Successful,Gulu,Web,3,0,0,0
TXN006613,CUST00828,63964.6,Mobile Money,Successful,Kampala,Android,5,12,1,0
TXN006614,CUST01144,52384.96,Card,Successful,Gulu,Web,8,12,1,0
TXN006615,CUST01838,355217.45,Bank Transfer,Successful,Gulu,Android,21,0,0,0
TXN006616,CUST00690,104814.09,Bank Transfer,Successful,Jinja,iPhone,9,12,1,0
TXN006617,CUST01712,153732.99,Card,Successful,Mbarara,Android,10,12,1,0
TXN006618,CUST00902,237876.12,Card,Successful,Gulu,Android,1,0,0,0
TXN006619,CUST01241,224950.98,Card,Successful,Gulu,Web,23,0,0,0
TXN006620,CUST00056,354435.27,Card,Successful,Mbale,Web,20,12,1,0
TXN006621,CUST00366,311904.18,Bank Transfer,Successful,Jinja,Web,8,0,0,0
TXN006622,CUST01723,322375.88,Mobile Money,Successful,Mbale,iPhone,19,0,0,0
TXN006623,CUST01528,357170.14,Bank Transfer,Successful,Gulu,Android,16,0,0,0
TXN006624,CUST01768,146660.06,Card,Successful,Gulu,iPhone,8,0,0,0
TXN006625,CUST01791,161505.49,Card,Failed,Kampala,Android,7,24,2,0
TXN006626,CUST01949,219279.88,Bank Transfer,Successful,Mbale,Android,4,0,0,0
TXN006627,CUST00455,154077.36,Bank Transfer,Successful,Jinja,iPhone,4,0,0,0
TXN006628,CUST00104,492476.47,Card,Failed,Gulu,iPhone,5,24,2,0
TXN006629,CUST00077,407118.94,Bank Transfer,Successful,Kampala,Android,15,0,0,0
TXN006630,CUST00230,82745.02,Card,Successful,Kampala,iPhone,0,0,0,0
TXN006631,CUST01938,3294.28,Bank Transfer,Successful,Mbarara,Web,8,0,0,0
TXN006632,CUST01282,21870.24,Card,Successful,Jinja,Android,20,12,1,0
TXN006633,CUST01288,122409.69,Bank Transfer,Successful,Kampala,Web,6,0,0,0
TXN006634,CUST00331,57588.5,Card,Successful,Jinja,iPhone,10,12,1,0
TXN006635,CUST01206,266902.39,Mobile Money,Successful,Gulu,Web,14,0,0,0
TXN006636,CUST00893,429068.61,Mobile Money,Successful,Mbarara,iPhone,23,12,1,0
TXN006637,CUST01792,368506.74,Bank Transfer,Successful,Jinja,Web,4,0,0,0
TXN006638,CUST01574,108196.73,Mobile Money,Successful,Mbarara,iPhone,18,0,0,0
TXN006639,CUST00688,199949.98,Card,Failed,Jinja,Android,5,24,2,0
TXN006640,CUST00027,254193.16,Bank Transfer,Successful,Jinja,Android,22,0,0,0
TXN006641,CUST01300,405197.82,Bank Transfer,Successful,Mbale,Android,13,12,1,0
TXN006642,CUST01676,419641.24,Card,Failed,Mbarara,Android,19,24,2,0
TXN006643,CUST00299,454904.3,Card,Successful,Jinja,iPhone,13,12,1,0
TXN006644,CUST00957,254868.0,Card,Successful,Mbale,Web,10,12,1,0
TXN006645,CUST00799,347290.24,Bank Transfer,Successful,Mbale,Android,3,0,0,0
TXN006646,CUST01115,56344.29,Card,Successful,Mbarara,iPhone,9,0,0,0
TXN006647,CUST00480,282861.84,Mobile Money,Successful,Gulu,iPhone,1,0,0,0
TXN006648,CUST00573,124721.56,Bank Transfer,Successful,Mbarara,Android,3,0,0,0
TXN006649,CUST00458,216142.58,Card,Successful,Jinja,Android,19,0,0,0
TXN006650,CUST01475,317208.23,Bank Transfer,Successful,Gulu,iPhone,9,0,0,0
TXN006651,CUST00365,128864.48,Mobile Money,Successful,Mbarara,Web,0,0,0,0
TXN006652,CUST00859,26566.44,Mobile Money,Successful,Mbarara,iPhone,13,12,1,0
TXN006653,CUST01699,5611.81,Card,Successful,Mbarara,Android,17,12,1,0
TXN006654,CUST00351,11568.69,Bank Transfer,Successful,Mbarara,Android,11,0,0,0
TXN006655,CUST01679,4670.69,Card,Successful,Gulu,Android,18,12,1,0
TXN006656,CUST01424,55622.35,Bank Transfer,Successful,Jinja,Web,22,0,0,0
TXN006657,CUST00253,120124.61,Card,Successful,Mbale,Web,11,12,1,0
TXN006658,CUST00781,111000.15,Card,Successful,Mbarara,Web,4,0,0,0
TXN006659,CUST01905,493404.9,Bank Transfer,Suspicious,Mbale,iPhone,3,52,1,1
TXN006660,CUST00803,153350.05,Bank Transfer,Successful,Mbale,iPhone,12,0,0,0
TXN006661,CUST01012,64146.68,Mobile Money,Successful,Mbale,Web,17,0,0,0
TXN006662,CUST00459,273008.49,Mobile Money,Successful,Mbarara,Web,11,0,0,0
TXN006663,CUST01723,429049.75,Bank Transfer,Successful,Mbarara,Android,15,0,0,0
TXN006664,CUST00917,339191.16,Mobile Money,Successful,Mbarara,Android,22,12,1,0
TXN006665,CUST00499,148393.0,Mobile Money,Successful,Mbarara,iPhone,5,0,0,0
TXN006666,CUST00950,281027.27,Bank Transfer,Successful,Kampala,Web,6,0,0,0
TXN006667,CUST01995,357570.56,Bank Transfer,Successful,Jinja,Web,23,0,0,0
TXN006668,CUST01950,364188.19,Bank Transfer,Successful,Kampala,iPhone,8,0,0,0
TXN006669,CUST00508,333435.96,Card,Successful,Gulu,Web,9,0,0,0
TXN006670,CUST01328,435469.81,Bank Transfer,Suspicious,Kampala,Android,4,64,2,1
TXN006671,CUST00501,435117.68,Bank Transfer,Successful,Kampala,Web,20,0,0,0
TXN006672,CUST00803,289678.81,Bank Transfer,Failed,Kampala,iPhone,3,24,2,0
TXN006673,CUST00598,215213.26,Mobile Money,Successful,Jinja,iPhone,10,0,0,0
TXN006674,CUST00166,320964.36,Bank Transfer,Successful,Mbale,Web,18,0,0,0
TXN006675,CUST01439,409196.89,Mobile Money,Successful,Gulu,iPhone,6,0,0,0
TXN006676,CUST00462,3323.23,Card,Successful,Gulu,Android,12,0,0,0
TXN006677,CUST00920,496002.51,Bank Transfer,Successful,Jinja,Android,12,12,1,0
TXN006678,CUST00114,91855.44,Bank Transfer,Successful,Kampala,Android,20,0,0,0
TXN006679,CUST01457,235389.37,Mobile Money,Successful,Mbale,Web,22,12,1,0
TXN006680,CUST00992,436078.85,Card,Successful,Mbarara,iPhone,17,0,0,0
TXN006681,CUST01380,112907.68,Bank Transfer,Successful,Jinja,Android,8,12,1,0
TXN006682,CUST01952,238659.21,Card,Successful,Mbale,iPhone,12,12,1,0
TXN006683,CUST01719,66724.8,Card,Successful,Jinja,iPhone,12,0,0,0
TXN006684,CUST00207,197840.62,Bank Transfer,Successful,Jinja,iPhone,4,12,1,0
TXN006685,CUST01792,88979.16,Card,Successful,Mbarara,Android,11,12,1,0
TXN006686,CUST01259,182132.06,Card,Successful,Mbale,iPhone,0,0,0,0
TXN006687,CUST01466,187045.38,Bank Transfer,Successful,Kampala,Android,17,12,1,0
TXN006688,CUST01379,496588.81,Mobile Money,Successful,Mbale,Android,20,12,1,0
TXN006689,CUST00515,497409.11,Bank Transfer,Successful,Mbale,Android,20,12,1,0
TXN006690,CUST01232,57835.75,Card,Successful,Kampala,Web,21,12,1,0
TXN006691,CUST00709,363121.41,Bank Transfer,Successful,Mbarara,iPhone,23,0,0,0
TXN006692,CUST01877,26346.87,Mobile Money,Successful,Mbale,Web,16,0,0,0
TXN006693,CUST01149,15580.91,Card,Successful,Kampala,Web,9,0,0,0
TXN006694,CUST00138,53114.28,Card,Successful,Jinja,Web,8,12,1,0
TXN006695,CUST00339,482760.09,Mobile Money,Successful,Jinja,Web,19,12,1,0
TXN006696,CUST00537,470461.34,Mobile Money,Successful,Kampala,Android,7,0,0,0
TXN006697,CUST00068,97366.95,Card,Successful,Jinja,Android,14,0,0,0
TXN006698,CUST01597,81255.33,Mobile Money,Failed,Mbale,iPhone,12,24,2,0
TXN006699,CUST01565,120647.28,Bank Transfer,Successful,Kampala,iPhone,20,0,0,0
TXN006700,CUST00383,258015.72,Mobile Money,Successful,Mbale,Android,16,0,0,0
TXN006701,CUST00019,285067.46,Bank Transfer,Successful,Gulu,iPhone,8,12,1,0
TXN006702,CUST00683,111185.92,Card,Successful,Mbarara,iPhone,23,0,0,0
TXN006703,CUST01474,378433.08,Card,Successful,Mbarara,Web,20,0,0,0
TXN006704,CUST00074,155121.81,Card,Successful,Mbarara,Web,10,12,1,0
TXN006705,CUST00573,461104.6,Card,Suspicious,Kampala,Web,3,52,1,1
TXN006706,CUST00939,328532.99,Card,Successful,Gulu,Web,23,12,1,0
TXN006707,CUST01689,218457.42,Mobile Money,Successful,Mbarara,Web,6,0,0,0
TXN006708,CUST01300,395061.04,Mobile Money,Successful,Mbale,Android,19,0,0,0
TXN006709,CUST01072,409048.36,Card,Successful,Mbarara,Web,22,0,0,0
TXN006710,CUST00211,145595.56,Mobile Money,Successful,Gulu,Web,21,0,0,0
TXN006711,CUST00855,170187.41,Mobile Money,Successful,Mbale,Android,2,0,0,0
TXN006712,CUST01944,468009.6,Card,Failed,Mbale,Web,9,24,2,0
TXN006713,CUST00651,82788.15,Mobile Money,Successful,Kampala,iPhone,2,0,0,0
TXN006714,CUST01646,21554.13,Card,Successful,Kampala,Android,0,0,0,0
TXN006715,CUST00994,227300.63,Card,Failed,Jinja,iPhone,13,24,2,0
TXN006716,CUST00695,400704.35,Card,Successful,Gulu,iPhone,12,12,1,0
TXN006717,CUST00540,385948.22,Card,Successful,Mbale,Android,4,0,0,0
TXN006718,CUST01733,459805.55,Mobile Money,Successful,Gulu,Android,7,0,0,0
TXN006719,CUST01215,266833.73,Mobile Money,Successful,Mbarara,Web,11,12,1,0
TXN006720,CUST01339,50482.3,Bank Transfer,Successful,Mbarara,Android,5,0,0,0
TXN006721,CUST00901,294550.14,Bank Transfer,Successful,Jinja,Android,23,0,0,0
TXN006722,CUST01587,389308.61,Card,Successful,Mbale,Web,22,12,1,0
TXN006723,CUST01685,47117.4,Bank Transfer,Successful,Mbale,Web,1,0,0,0
TXN006724,CUST00780,86742.37,Mobile Money,Failed,Jinja,Android,23,24,2,0
TXN006725,CUST01586,6639.19,Mobile Money,Successful,Mbarara,Web,3,0,0,0
TXN006726,CUST01924,297029.46,Bank Transfer,Successful,Mbale,Web,4,0,0,0
TXN006727,CUST01782,443423.83,Bank Transfer,Successful,Gulu,Web,10,12,1,0
TXN006728,CUST01137,335496.33,Mobile Money,Successful,Mbale,iPhone,12,12,1,0
TXN006729,CUST00170,491029.02,Bank Transfer,Successful,Mbarara,Web,7,0,0,0
TXN006730,CUST01492,31985.31,Mobile Money,Successful,Mbale,iPhone,20,0,0,0
TXN006731,CUST01702,451549.04,Mobile Money,Suspicious,Mbale,Android,4,40,0,1
TXN006732,CUST01945,407127.11,Bank Transfer,Successful,Kampala,iPhone,5,0,0,0
TXN006733,CUST01038,157463.64,Bank Transfer,Successful,Mbale,iPhone,14,0,0,0
TXN006734,CUST01739,486776.51,Card,Failed,Jinja,iPhone,22,24,2,0
TXN006735,CUST00288,144324.91,Card,Failed,Jinja,iPhone,15,24,2,0
TXN006736,CUST01931,444707.71,Card,Successful,Gulu,iPhone,10,0,0,0
TXN006737,CUST00189,440433.91,Card,Successful,Mbale,iPhone,6,12,1,0
TXN006738,CUST00914,378949.98,Card,Successful,Gulu,Android,5,0,0,0
TXN006739,CUST01179,281953.5,Mobile Money,Successful,Mbarara,Android,11,0,0,0
TXN006740,CUST01591,60441.37,Bank Transfer,Successful,Mbarara,Android,3,0,0,0
TXN006741,CUST00694,266219.88,Mobile Money,Successful,Kampala,iPhone,13,0,0,0
TXN006742,CUST01746,178719.73,Card,Successful,Kampala,Web,10,0,0,0
TXN006743,CUST00888,396212.41,Card,Successful,Mbale,iPhone,11,12,1,0
TXN006744,CUST00471,379185.54,Bank Transfer,Successful,Mbale,Android,1,0,0,0
TXN006745,CUST01099,455350.95,Mobile Money,Successful,Gulu,iPhone,10,0,0,0
TXN006746,CUST00277,7907.67,Card,Successful,Gulu,Android,12,12,1,0
TXN006747,CUST00940,404647.06,Card,Successful,Mbale,Web,10,0,0,0
TXN006748,CUST01669,469261.8,Card,Successful,Mbale,Web,8,0,0,0
TXN006749,CUST01367,394755.57,Card,Successful,Kampala,Android,20,0,0,0
TXN006750,CUST01449,65532.13,Mobile Money,Successful,Kampala,Android,15,0,0,0
TXN006751,CUST00571,41098.91,Mobile Money,Successful,Kampala,iPhone,4,12,1,0
TXN006752,CUST01535,10912.2,Card,Successful,Mbale,iPhone,11,0,0,0
TXN006753,CUST00857,314558.24,Mobile Money,Successful,Gulu,iPhone,2,0,0,0
TXN006754,CUST01001,315021.49,Card,Successful,Jinja,Web,15,0,0,0
TXN006755,CUST01206,493463.4,Bank Transfer,Successful,Jinja,Web,18,0,0,0
TXN006756,CUST00458,199322.57,Bank Transfer,Successful,Gulu,Web,16,12,1,0
TXN006757,CUST00918,166287.19,Bank Transfer,Successful,Gulu,iPhone,10,0,0,0
TXN006758,CUST01875,312400.25,Mobile Money,Successful,Gulu,Android,20,0,0,0
TXN006759,CUST00833,412891.53,Card,Successful,Kampala,Android,18,0,0,0
TXN006760,CUST01088,468418.59,Bank Transfer,Successful,Mbarara,iPhone,17,12,1,0
TXN006761,CUST00839,401660.52,Bank Transfer,Successful,Mbale,iPhone,8,12,1,0
TXN006762,CUST01284,213623.65,Mobile Money,Successful,Kampala,Android,12,0,0,0
TXN006763,CUST00193,317639.66,Mobile Money,Successful,Jinja,Android,5,12,1,0
TXN006764,CUST01679,428221.51,Bank Transfer,Suspicious,Mbale,Web,2,40,0,1
TXN006765,CUST00616,245559.54,Card,Successful,Gulu,iPhone,22,12,1,0
TXN006766,CUST01996,108734.98,Card,Successful,Jinja,Web,11,0,0,0
TXN006767,CUST00406,85276.86,Card,Successful,Gulu,Web,8,12,1,0
TXN006768,CUST01750,578.79,Bank Transfer,Successful,Gulu,Android,8,0,0,0
TXN006769,CUST01778,359259.88,Mobile Money,Successful,Gulu,iPhone,14,12,1,0
TXN006770,CUST00943,55993.06,Card,Successful,Mbale,Android,0,0,0,0
TXN006771,CUST00721,122297.63,Bank Transfer,Successful,Jinja,Web,17,0,0,0
TXN006772,CUST00093,149289.23,Bank Transfer,Failed,Jinja,iPhone,14,24,2,0
TXN006773,CUST00430,280409.74,Mobile Money,Successful,Gulu,Web,7,0,0,0
TXN006774,CUST00654,199279.66,Card,Successful,Kampala,Web,10,12,1,0
TXN006775,CUST01458,337499.66,Bank Transfer,Successful,Mbarara,Android,16,12,1,0
TXN006776,CUST01428,28291.51,Card,Successful,Kampala,iPhone,13,12,1,0
TXN006777,CUST00434,62407.63,Card,Successful,Mbale,iPhone,18,12,1,0
TXN006778,CUST01136,249856.15,Card,Successful,Mbarara,iPhone,22,0,0,0
TXN006779,CUST01953,168813.91,Bank Transfer,Successful,Kampala,iPhone,23,12,1,0
TXN006780,CUST00375,148258.77,Card,Successful,Jinja,Web,4,0,0,0
TXN006781,CUST01083,33980.53,Mobile Money,Successful,Kampala,Android,1,12,1,0
TXN006782,CUST01067,447911.73,Bank Transfer,Successful,Gulu,iPhone,14,12,1,0
TXN006783,CUST00207,346063.38,Bank Transfer,Successful,Mbale,Web,18,12,1,0
TXN006784,CUST00780,61248.27,Card,Successful,Kampala,Android,15,0,0,0
TXN006785,CUST01320,32990.46,Card,Successful,Kampala,Android,12,12,1,0
TXN006786,CUST01142,487448.83,Card,Failed,Mbarara,Android,6,24,2,0
TXN006787,CUST00532,340745.69,Bank Transfer,Successful,Gulu,iPhone,16,0,0,0
TXN006788,CUST01246,209019.31,Mobile Money,Successful,Mbarara,Web,18,0,0,0
TXN006789,CUST00166,351014.65,Mobile Money,Successful,Mbale,Android,6,0,0,0
TXN006790,CUST00643,378287.73,Bank Transfer,Successful,Mbale,Android,11,0,0,0
TXN006791,CUST01180,390091.12,Mobile Money,Successful,Gulu,Android,12,0,0,0
TXN006792,CUST01208,239199.71,Card,Successful,Mbarara,Web,12,12,1,0
TXN006793,CUST00090,215226.44,Bank Transfer,Successful,Gulu,Web,13,12,1,0
TXN006794,CUST01118,6008.53,Mobile Money,Successful,Mbarara,iPhone,14,0,0,0
TXN006795,CUST00013,463315.28,Bank Transfer,Suspicious,Jinja,iPhone,1,40,0,1
TXN006796,CUST00973,301852.29,Mobile Money,Successful,Gulu,Web,5,0,0,0
TXN006797,CUST01858,101975.39,Bank Transfer,Failed,Mbale,iPhone,8,24,2,0
TXN006798,CUST00805,459841.91,Mobile Money,Successful,Mbarara,Web,14,12,1,0
TXN006799,CUST00945,457508.48,Bank Transfer,Successful,Jinja,iPhone,19,0,0,0
TXN006800,CUST00742,494597.49,Bank Transfer,Successful,Mbale,iPhone,15,0,0,0
TXN006801,CUST01858,437091.25,Bank Transfer,Suspicious,Mbarara,Web,1,52,1,1
TXN006802,CUST01828,498893.3,Bank Transfer,Suspicious,Jinja,Android,2,40,0,1
TXN006803,CUST01462,122720.75,Bank Transfer,Successful,Mbale,Android,22,0,0,0
TXN006804,CUST01562,421203.67,Card,Failed,Mbale,iPhone,19,24,2,0
TXN006805,CUST01611,411602.64,Bank Transfer,Successful,Jinja,Android,22,12,1,0
TXN006806,CUST01992,115854.71,Bank Transfer,Successful,Mbale,Android,20,0,0,0
TXN006807,CUST00876,49669.56,Bank Transfer,Successful,Mbarara,iPhone,7,0,0,0
TXN006808,CUST01960,489720.55,Mobile Money,Successful,Mbarara,Android,7,0,0,0
TXN006809,CUST01835,148364.26,Bank Transfer,Successful,Mbale,Web,20,0,0,0
TXN006810,CUST01174,435510.45,Card,Successful,Kampala,Web,6,0,0,0
TXN006811,CUST00660,2561.51,Bank Transfer,Successful,Jinja,Android,10,12,1,0
TXN006812,CUST01032,11001.89,Mobile Money,Successful,Kampala,Web,21,0,0,0
TXN006813,CUST01053,233202.72,Mobile Money,Successful,Mbarara,Web,12,12,1,0
TXN006814,CUST00296,119737.98,Bank Transfer,Successful,Mbale,Android,7,12,1,0
TXN006815,CUST00986,345075.72,Bank Transfer,Successful,Gulu,Web,8,12,1,0
TXN006816,CUST00926,282999.38,Bank Transfer,Successful,Gulu,iPhone,15,0,0,0
TXN006817,CUST01745,39204.16,Bank Transfer,Successful,Kampala,iPhone,4,0,0,0
TXN006818,CUST00640,81732.83,Mobile Money,Successful,Kampala,iPhone,22,0,0,0
TXN006819,CUST00340,194330.61,Bank Transfer,Successful,Kampala,Android,13,0,0,0
TXN006820,CUST00628,93209.23,Mobile Money,Successful,Mbarara,Web,0,12,1,0
TXN006821,CUST00439,396215.06,Mobile Money,Failed,Mbarara,Android,23,24,2,0
TXN006822,CUST01168,208327.08,Card,Successful,Mbale,Android,18,0,0,0
TXN006823,CUST00942,47169.22,Mobile Money,Successful,Mbarara,Web,16,0,0,0
TXN006824,CUST00830,242429.28,Bank Transfer,Successful,Mbale,Web,21,0,0,0
TXN006825,CUST01771,45873.67,Bank Transfer,Successful,Mbale,Web,13,12,1,0
TXN006826,CUST00519,64904.18,Bank Transfer,Successful,Kampala,Android,12,0,0,0
TXN006827,CUST00976,120185.11,Bank Transfer,Successful,Gulu,Android,7,0,0,0
TXN006828,CUST01069,429834.09,Card,Suspicious,Kampala,iPhone,2,52,1,1
TXN006829,CUST00955,462343.96,Card,Suspicious,Mbarara,Android,0,52,1,1
TXN006830,CUST01263,413215.74,Card,Failed,Jinja,Web,18,36,3,0
TXN006831,CUST00952,167371.57,Card,Successful,Mbarara,Android,14,0,0,0
TXN006832,CUST00944,136587.0,Mobile Money,Failed,Gulu,iPhone,20,24,2,0
TXN006833,CUST00155,274803.27,Card,Successful,Mbarara,Web,7,0,0,0
TXN006834,CUST01205,361065.65,Mobile Money,Successful,Gulu,iPhone,8,0,0,0
TXN006835,CUST01239,496689.71,Bank Transfer,Successful,Jinja,Android,12,12,1,0
TXN006836,CUST00088,66219.57,Mobile Money,Successful,Jinja,Android,11,12,1,0
TXN006837,CUST01280,25121.35,Mobile Money,Successful,Mbale,iPhone,8,0,0,0
TXN006838,CUST01535,347330.77,Card,Failed,Mbarara,iPhone,19,24,2,0
TXN006839,CUST01097,416196.78,Bank Transfer,Failed,Mbale,Web,23,24,2,0
TXN006840,CUST00931,423251.22,Bank Transfer,Successful,Kampala,Web,10,0,0,0
TXN006841,CUST00179,339392.54,Card,Successful,Kampala,iPhone,4,0,0,0
TXN006842,CUST00212,477030.89,Mobile Money,Successful,Kampala,Web,18,12,1,0
TXN006843,CUST01829,255746.88,Card,Successful,Kampala,iPhone,20,0,0,0
TXN006844,CUST01258,456950.49,Mobile Money,Successful,Kampala,iPhone,17,12,1,0
TXN006845,CUST00465,483922.16,Card,Successful,Mbarara,Android,10,0,0,0
TXN006846,CUST01775,423655.15,Card,Successful,Mbale,iPhone,10,12,1,0
TXN006847,CUST01247,155224.4,Bank Transfer,Successful,Mbale,Web,5,0,0,0
TXN006848,CUST00631,98509.72,Bank Transfer,Failed,Gulu,iPhone,0,24,2,0
TXN006849,CUST00825,274285.97,Bank Transfer,Successful,Kampala,Android,21,12,1,0
TXN006850,CUST01288,226780.87,Card,Successful,Jinja,Web,20,0,0,0
TXN006851,CUST01231,438940.29,Bank Transfer,Successful,Gulu,iPhone,8,12,1,0
TXN006852,CUST00607,50465.82,Bank Transfer,Successful,Gulu,Android,6,12,1,0
TXN006853,CUST00885,129241.16,Card,Successful,Mbarara,Web,5,0,0,0
TXN006854,CUST01758,376023.57,Bank Transfer,Successful,Gulu,Android,22,0,0,0
TXN006855,CUST00366,47945.83,Mobile Money,Successful,Jinja,Android,9,0,0,0
TXN006856,CUST00276,160721.82,Bank Transfer,Successful,Mbale,Web,4,12,1,0
TXN006857,CUST00380,193884.12,Mobile Money,Successful,Gulu,Android,0,0,0,0
TXN006858,CUST01767,311485.6,Bank Transfer,Successful,Mbarara,Android,14,0,0,0
TXN006859,CUST01333,79487.26,Card,Successful,Kampala,Android,4,0,0,0
TXN006860,CUST01655,430371.94,Card,Successful,Jinja,Web,19,0,0,0
TXN006861,CUST01292,224047.35,Bank Transfer,Successful,Kampala,Android,5,0,0,0
TXN006862,CUST00945,458552.35,Mobile Money,Suspicious,Gulu,iPhone,4,52,1,1
TXN006863,CUST01809,234201.02,Bank Transfer,Failed,Mbale,Android,16,24,2,0
TXN006864,CUST01088,137882.61,Card,Successful,Mbarara,iPhone,17,12,1,0
TXN006865,CUST00810,71343.5,Bank Transfer,Successful,Jinja,Android,3,0,0,0
TXN006866,CUST01374,2370.67,Card,Successful,Mbale,iPhone,23,0,0,0
TXN006867,CUST00925,266312.66,Mobile Money,Successful,Jinja,Web,20,0,0,0
TXN006868,CUST01939,54024.77,Mobile Money,Successful,Mbarara,Android,22,0,0,0
TXN006869,CUST00494,196168.02,Card,Successful,Mbarara,iPhone,1,0,0,0
TXN006870,CUST01547,294841.24,Mobile Money,Failed,Gulu,Web,7,24,2,0
TXN006871,CUST01122,138205.11,Card,Successful,Jinja,Android,4,0,0,0
TXN006872,CUST01970,88024.53,Card,Successful,Gulu,Android,3,0,0,0
TXN006873,CUST01095,387473.45,Card,Successful,Jinja,Android,21,0,0,0
TXN006874,CUST00364,473422.19,Bank Transfer,Successful,Jinja,Web,13,0,0,0
TXN006875,CUST00570,50669.99,Mobile Money,Successful,Kampala,Web,3,12,1,0
TXN006876,CUST01826,78217.37,Bank Transfer,Successful,Gulu,iPhone,7,0,0,0
TXN006877,CUST00763,480026.32,Bank Transfer,Suspicious,Jinja,Android,2,52,1,1
TXN006878,CUST00276,19373.22,Mobile Money,Successful,Jinja,iPhone,13,0,0,0
TXN006879,CUST00050,488827.35,Bank Transfer,Successful,Mbarara,iPhone,17,0,0,0
TXN006880,CUST01382,2819.92,Card,Successful,Kampala,iPhone,22,0,0,0
TXN006881,CUST00728,436897.49,Bank Transfer,Successful,Mbarara,iPhone,11,12,1,0
TXN006882,CUST00906,154008.93,Card,Successful,Gulu,iPhone,14,0,0,0
TXN006883,CUST00928,469325.13,Mobile Money,Successful,Gulu,Android,19,0,0,0
TXN006884,CUST00564,158814.17,Bank Transfer,Successful,Jinja,Web,19,12,1,0
TXN006885,CUST00783,327326.01,Mobile Money,Successful,Mbale,iPhone,8,0,0,0
TXN006886,CUST00485,40476.27,Card,Failed,Mbarara,Web,1,24,2,0
TXN006887,CUST01108,121543.74,Bank Transfer,Successful,Gulu,iPhone,0,12,1,0
TXN006888,CUST01923,386952.83,Card,Successful,Jinja,Android,14,12,1,0
TXN006889,CUST01829,264578.58,Card,Successful,Jinja,iPhone,22,0,0,0
TXN006890,CUST01662,464020.55,Card,Successful,Mbarara,iPhone,14,0,0,0
TXN006891,CUST01832,214661.33,Mobile Money,Successful,Jinja,iPhone,7,0,0,0
TXN006892,CUST00584,434971.28,Mobile Money,Suspicious,Kampala,Android,2,40,0,1
TXN006893,CUST01320,224753.24,Mobile Money,Successful,Mbale,iPhone,1,0,0,0
TXN006894,CUST00236,489634.52,Bank Transfer,Suspicious,Mbarara,Android,3,40,0,1
TXN006895,CUST00056,479937.27,Card,Successful,Mbarara,Web,17,0,0,0
TXN006896,CUST01943,164903.78,Mobile Money,Successful,Mbarara,Web,11,0,0,0
TXN006897,CUST00360,443018.87,Card,Successful,Jinja,Web,17,0,0,0
TXN006898,CUST01931,423881.88,Mobile Money,Successful,Jinja,Android,20,0,0,0
TXN006899,CUST00110,105734.86,Card,Successful,Mbarara,iPhone,9,0,0,0
TXN006900,CUST00192,312333.06,Mobile Money,Successful,Mbarara,Web,20,0,0,0
TXN006901,CUST00904,36804.82,Mobile Money,Successful,Kampala,Web,7,0,0,0
TXN006902,CUST01117,418437.0,Mobile Money,Successful,Gulu,iPhone,17,0,0,0
TXN006903,CUST00862,87685.67,Mobile Money,Successful,Kampala,Web,16,0,0,0
TXN006904,CUST00568,35871.94,Card,Successful,Mbarara,Web,18,0,0,0
TXN006905,CUST01084,200409.44,Mobile Money,Successful,Jinja,iPhone,5,12,1,0
TXN006906,CUST00650,288672.61,Mobile Money,Successful,Jinja,Android,13,12,1,0
TXN006907,CUST00039,427531.02,Mobile Money,Suspicious,Mbarara,Android,4,40,0,1
TXN006908,CUST01564,487134.14,Card,Successful,Gulu,Web,7,0,0,0
TXN006909,CUST01073,220026.51,Mobile Money,Successful,Mbale,Web,7,0,0,0
TXN006910,CUST01444,30693.24,Card,Successful,Mbale,Android,17,0,0,0
TXN006911,CUST00637,374683.23,Bank Transfer,Successful,Kampala,Web,8,12,1,0
TXN006912,CUST01037,282804.04,Card,Successful,Gulu,Android,13,0,0,0
TXN006913,CUST00036,224221.73,Bank Transfer,Successful,Mbale,Web,13,0,0,0
TXN006914,CUST00101,154979.8,Mobile Money,Successful,Gulu,Web,19,0,0,0
TXN006915,CUST01818,251448.06,Mobile Money,Successful,Jinja,Android,13,0,0,0
TXN006916,CUST01110,169670.46,Card,Successful,Jinja,iPhone,16,0,0,0
TXN006917,CUST01540,378627.43,Mobile Money,Successful,Gulu,Web,1,0,0,0
TXN006918,CUST01247,272174.9,Mobile Money,Successful,Mbarara,Web,13,0,0,0
TXN006919,CUST01362,438485.46,Card,Failed,Mbale,iPhone,21,24,2,0
TXN006920,CUST01984,272000.19,Mobile Money,Successful,Mbale,Web,20,0,0,0
TXN006921,CUST00166,119512.08,Bank Transfer,Successful,Jinja,iPhone,11,0,0,0
TXN006922,CUST00383,425620.4,Bank Transfer,Successful,Kampala,iPhone,22,12,1,0
TXN006923,CUST01880,278830.91,Mobile Money,Successful,Mbale,Android,15,0,0,0
TXN006924,CUST01919,103817.1,Mobile Money,Successful,Jinja,iPhone,21,12,1,0
TXN006925,CUST01400,311942.15,Bank Transfer,Successful,Jinja,Android,5,0,0,0
TXN006926,CUST01495,179179.52,Mobile Money,Successful,Gulu,Android,17,12,1,0
TXN006927,CUST00790,422280.6,Bank Transfer,Failed,Gulu,Android,6,24,2,0
TXN006928,CUST01666,226923.22,Card,Successful,Gulu,Web,1,12,1,0
TXN006929,CUST00031,363357.46,Bank Transfer,Successful,Kampala,Web,12,12,1,0
TXN006930,CUST01399,48220.34,Mobile Money,Failed,Mbale,iPhone,22,24,2,0
TXN006931,CUST00011,198314.16,Mobile Money,Successful,Kampala,Android,7,12,1,0
TXN006932,CUST01326,491629.1,Bank Transfer,Successful,Kampala,Web,11,0,0,0
TXN006933,CUST00096,404325.91,Bank Transfer,Suspicious,Gulu,Web,0,40,0,1
TXN006934,CUST01214,80390.43,Mobile Money,Successful,Jinja,iPhone,8,0,0,0
TXN006935,CUST00453,139243.14,Mobile Money,Successful,Mbarara,Web,7,12,1,0
TXN006936,CUST00192,165243.0,Mobile Money,Successful,Jinja,Web,8,0,0,0
TXN006937,CUST00486,325357.6,Card,Successful,Jinja,Web,4,0,0,0
TXN006938,CUST01290,378618.88,Card,Successful,Jinja,Web,12,12,1,0
TXN006939,CUST01448,374888.54,Bank Transfer,Successful,Jinja,Web,13,12,1,0
TXN006940,CUST01152,255182.09,Bank Transfer,Successful,Kampala,Web,3,0,0,0
TXN006941,CUST00238,405504.86,Card,Successful,Gulu,iPhone,16,12,1,0
TXN006942,CUST01944,218820.5,Card,Successful,Gulu,Android,8,0,0,0
TXN006943,CUST01379,62378.34,Bank Transfer,Successful,Jinja,Web,19,12,1,0
TXN006944,CUST01964,282438.7,Card,Successful,Mbarara,Android,14,0,0,0
TXN006945,CUST01136,476174.54,Bank Transfer,Failed,Mbale,iPhone,19,24,2,0
TXN006946,CUST01852,396600.33,Mobile Money,Successful,Jinja,iPhone,3,0,0,0
TXN006947,CUST01470,289560.97,Bank Transfer,Successful,Jinja,Android,1,12,1,0
TXN006948,CUST01367,323579.43,Card,Successful,Mbarara,Android,12,0,0,0
TXN006949,CUST01169,465315.73,Card,Suspicious,Kampala,iPhone,3,40,0,1
TXN006950,CUST01089,214457.23,Card,Successful,Jinja,Web,17,0,0,0
TXN006951,CUST01271,166031.37,Bank Transfer,Successful,Mbarara,Android,23,0,0,0
TXN006952,CUST00735,488632.16,Card,Successful,Kampala,Android,15,12,1,0
TXN006953,CUST00991,431789.85,Bank Transfer,Successful,Kampala,Web,22,0,0,0
TXN006954,CUST01514,161860.27,Mobile Money,Successful,Jinja,Android,9,0,0,0
TXN006955,CUST00825,232158.41,Mobile Money,Successful,Kampala,Web,1,12,1,0
TXN006956,CUST01463,207831.53,Card,Successful,Jinja,iPhone,13,0,0,0
TXN006957,CUST00106,74973.29,Bank Transfer,Successful,Jinja,Android,1,0,0,0
TXN006958,CUST00181,478930.75,Bank Transfer,Successful,Gulu,Web,17,0,0,0
TXN006959,CUST00184,202454.06,Card,Successful,Mbale,Web,0,0,0,0
TXN006960,CUST00226,437726.88,Bank Transfer,Successful,Mbale,iPhone,12,0,0,0
TXN006961,CUST00777,95083.44,Card,Successful,Gulu,Android,5,0,0,0
TXN006962,CUST00790,274161.47,Card,Failed,Jinja,Web,21,24,2,0
TXN006963,CUST01933,12468.71,Mobile Money,Successful,Mbarara,Android,16,0,0,0
TXN006964,CUST01113,382228.13,Card,Successful,Kampala,Web,16,12,1,0
TXN006965,CUST00688,290666.49,Bank Transfer,Successful,Gulu,Android,21,0,0,0
TXN006966,CUST00530,312982.0,Card,Successful,Gulu,Android,10,0,0,0
TXN006967,CUST01395,26334.58,Mobile Money,Successful,Gulu,Web,5,12,1,0
TXN006968,CUST00972,105913.65,Mobile Money,Successful,Gulu,Web,19,0,0,0
TXN006969,CUST00936,37628.27,Bank Transfer,Successful,Mbale,Android,2,12,1,0
TXN006970,CUST01937,144812.7,Card,Successful,Jinja,Android,13,0,0,0
TXN006971,CUST01423,313905.78,Bank Transfer,Successful,Gulu,iPhone,5,0,0,0
TXN006972,CUST00106,283309.9,Bank Transfer,Successful,Gulu,Web,16,0,0,0
TXN006973,CUST01295,306268.84,Card,Successful,Gulu,Android,2,12,1,0
TXN006974,CUST01999,274851.01,Mobile Money,Successful,Mbarara,Android,16,0,0,0
TXN006975,CUST00831,136877.88,Bank Transfer,Successful,Mbarara,Web,18,0,0,0
TXN006976,CUST01527,122631.49,Bank Transfer,Successful,Kampala,Android,17,0,0,0
TXN006977,CUST00679,68961.31,Mobile Money,Successful,Jinja,Android,4,0,0,0
TXN006978,CUST01549,424610.9,Card,Successful,Gulu,iPhone,14,0,0,0
TXN006979,CUST00849,308431.44,Card,Successful,Kampala,iPhone,2,12,1,0
TXN006980,CUST01056,93662.25,Card,Failed,Kampala,Web,22,24,2,0
TXN006981,CUST00393,89016.09,Mobile Money,Successful,Jinja,Web,7,0,0,0
TXN006982,CUST00040,436581.28,Bank Transfer,Successful,Mbarara,Web,6,0,0,0
TXN006983,CUST00660,371494.07,Mobile Money,Successful,Jinja,iPhone,17,0,0,0
TXN006984,CUST01242,329869.84,Bank Transfer,Successful,Kampala,iPhone,9,12,1,0
TXN006985,CUST01755,203728.62,Bank Transfer,Failed,Jinja,iPhone,22,36,3,0
TXN006986,CUST00981,131356.79,Card,Successful,Mbarara,Android,9,0,0,0
TXN006987,CUST01106,489735.66,Card,Successful,Kampala,iPhone,18,0,0,0
TXN006988,CUST00845,398721.17,Card,Successful,Jinja,iPhone,22,12,1,0
TXN006989,CUST01744,151238.72,Mobile Money,Successful,Gulu,Web,0,12,1,0
TXN006990,CUST00201,423858.62,Card,Suspicious,Gulu,iPhone,1,40,0,1
TXN006991,CUST00447,379586.51,Mobile Money,Successful,Jinja,iPhone,0,0,0,0
TXN006992,CUST01868,148891.73,Card,Successful,Jinja,Android,8,0,0,0
TXN006993,CUST01452,213563.15,Card,Successful,Mbarara,iPhone,14,0,0,0
TXN006994,CUST01062,93383.75,Card,Successful,Kampala,Web,17,0,0,0
TXN006995,CUST01235,55970.7,Mobile Money,Successful,Jinja,Android,17,0,0,0
TXN006996,CUST00444,361519.64,Bank Transfer,Successful,Kampala,iPhone,21,12,1,0
TXN006997,CUST01351,134122.17,Mobile Money,Failed,Gulu,iPhone,6,24,2,0
TXN006998,CUST00761,410119.65,Mobile Money,Successful,Kampala,iPhone,13,0,0,0
TXN006999,CUST00227,497806.55,Mobile Money,Successful,Mbale,Android,17,0,0,0
TXN007000,CUST00048,38771.6,Bank Transfer,Successful,Mbarara,Android,19,0,0,0
TXN007001,CUST01042,236781.04,Mobile Money,Failed,Mbarara,iPhone,18,24,2,0
TXN007002,CUST00912,401130.25,Card,Suspicious,Kampala,Web,4,52,1,1
TXN007003,CUST01463,394580.97,Bank Transfer,Successful,Mbarara,iPhone,8,0,0,0
TXN007004,CUST01831,380118.58,Mobile Money,Successful,Kampala,Android,17,0,0,0
TXN007005,CUST01732,174822.97,Mobile Money,Successful,Kampala,Android,12,0,0,0
TXN007006,CUST00187,227199.7,Bank Transfer,Successful,Gulu,Android,4,0,0,0
TXN007007,CUST00345,297686.69,Mobile Money,Successful,Kampala,Web,23,0,0,0
TXN007008,CUST00224,486983.32,Bank Transfer,Successful,Mbarara,iPhone,21,0,0,0
TXN007009,CUST00830,164109.86,Card,Successful,Mbale,iPhone,19,0,0,0
TXN007010,CUST00488,461610.37,Mobile Money,Successful,Jinja,Android,14,12,1,0
TXN007011,CUST01933,135043.78,Mobile Money,Successful,Mbarara,iPhone,23,0,0,0
TXN007012,CUST00877,494542.7,Card,Successful,Mbale,Web,18,0,0,0
TXN007013,CUST00849,335296.71,Mobile Money,Successful,Mbarara,Web,19,0,0,0
TXN007014,CUST01253,232023.98,Mobile Money,Failed,Mbale,iPhone,10,24,2,0
TXN007015,CUST01414,306888.52,Bank Transfer,Successful,Mbarara,iPhone,8,12,1,0
TXN007016,CUST00979,136629.32,Mobile Money,Successful,Jinja,iPhone,20,0,0,0
TXN007017,CUST01613,137449.84,Card,Failed,Gulu,iPhone,21,24,2,0
TXN007018,CUST01017,57220.49,Mobile Money,Successful,Gulu,iPhone,15,12,1,0
TXN007019,CUST00188,57468.12,Bank Transfer,Successful,Jinja,iPhone,10,0,0,0
TXN007020,CUST01882,174162.03,Card,Successful,Mbarara,Android,1,0,0,0
TXN007021,CUST00270,381546.31,Card,Failed,Mbale,Android,7,24,2,0
TXN007022,CUST01631,304181.6,Card,Successful,Kampala,Android,22,0,0,0
TXN007023,CUST00310,51740.99,Card,Successful,Mbarara,Web,20,12,1,0
TXN007024,CUST01156,426192.14,Bank Transfer,Suspicious,Jinja,Web,4,40,0,1
TXN007025,CUST01575,300883.13,Bank Transfer,Successful,Gulu,Web,10,0,0,0
TXN007026,CUST01096,480447.36,Bank Transfer,Successful,Gulu,Web,10,12,1,0
TXN007027,CUST01817,335257.64,Bank Transfer,Successful,Mbarara,Android,8,0,0,0
TXN007028,CUST00845,87999.84,Mobile Money,Successful,Mbale,iPhone,10,0,0,0
TXN007029,CUST01696,237154.79,Bank Transfer,Successful,Jinja,iPhone,4,0,0,0
TXN007030,CUST01211,324424.55,Mobile Money,Failed,Jinja,iPhone,8,36,3,0
TXN007031,CUST00486,14618.22,Card,Successful,Mbale,Web,0,12,1,0
TXN007032,CUST01215,7947.68,Mobile Money,Successful,Mbale,Android,9,12,1,0
TXN007033,CUST01446,65136.8,Mobile Money,Successful,Mbarara,iPhone,7,12,1,0
TXN007034,CUST00120,126206.39,Mobile Money,Successful,Mbarara,Web,18,12,1,0
TXN007035,CUST00220,215059.79,Bank Transfer,Successful,Gulu,Web,15,0,0,0
TXN007036,CUST00053,243976.52,Bank Transfer,Successful,Gulu,Web,12,0,0,0
TXN007037,CUST01758,69444.79,Card,Successful,Mbale,iPhone,23,0,0,0
TXN007038,CUST01475,336859.09,Bank Transfer,Successful,Kampala,Android,4,0,0,0
TXN007039,CUST01436,298270.96,Mobile Money,Successful,Kampala,iPhone,17,0,0,0
TXN007040,CUST01667,147584.82,Bank Transfer,Successful,Kampala,Android,8,0,0,0
TXN007041,CUST01261,7323.11,Bank Transfer,Failed,Jinja,Android,3,24,2,0
TXN007042,CUST00758,39285.13,Mobile Money,Successful,Mbarara,iPhone,13,0,0,0
TXN007043,CUST00738,196151.54,Card,Successful,Mbale,iPhone,6,0,0,0
TXN007044,CUST00720,77410.19,Bank Transfer,Successful,Gulu,Web,11,0,0,0
TXN007045,CUST00406,188721.39,Card,Successful,Kampala,Web,23,12,1,0
TXN007046,CUST00608,314277.21,Mobile Money,Successful,Gulu,iPhone,6,12,1,0
TXN007047,CUST01021,273845.1,Bank Transfer,Failed,Mbarara,iPhone,10,24,2,0
TXN007048,CUST00422,115972.35,Card,Successful,Mbale,Android,21,12,1,0
TXN007049,CUST00712,172239.33,Card,Successful,Kampala,Android,14,0,0,0
TXN007050,CUST00247,307208.58,Mobile Money,Failed,Kampala,Web,6,24,2,0
TXN007051,CUST00072,430497.09,Bank Transfer,Successful,Mbale,Android,19,0,0,0
TXN007052,CUST01854,376730.11,Card,Successful,Gulu,iPhone,16,0,0,0
TXN007053,CUST00185,276923.31,Card,Successful,Mbarara,Android,4,12,1,0
TXN007054,CUST00006,181465.35,Card,Successful,Mbarara,Android,7,0,0,0
TXN007055,CUST01230,182843.11,Card,Successful,Mbarara,Android,9,12,1,0
TXN007056,CUST01568,439768.95,Card,Successful,Gulu,iPhone,5,0,0,0
TXN007057,CUST01635,20102.17,Card,Successful,Gulu,Web,20,0,0,0
TXN007058,CUST00906,493997.33,Card,Suspicious,Kampala,Android,1,40,0,1
TXN007059,CUST00387,332355.52,Card,Successful,Gulu,iPhone,4,0,0,0
TXN007060,CUST01792,340728.28,Card,Successful,Jinja,Android,9,0,0,0
TXN007061,CUST00699,19479.92,Card,Successful,Mbale,Android,2,0,0,0
TXN007062,CUST01100,302961.87,Bank Transfer,Successful,Gulu,iPhone,12,0,0,0
TXN007063,CUST01201,242646.64,Mobile Money,Successful,Mbarara,Android,15,0,0,0
TXN007064,CUST00827,53336.56,Mobile Money,Successful,Gulu,iPhone,14,0,0,0
TXN007065,CUST01823,139322.04,Mobile Money,Successful,Kampala,Web,1,0,0,0
TXN007066,CUST00349,445212.07,Card,Suspicious,Mbale,Android,2,40,0,1
TXN007067,CUST01279,275219.21,Mobile Money,Successful,Mbale,iPhone,19,0,0,0
TXN007068,CUST01861,207001.58,Card,Successful,Mbarara,Android,17,12,1,0
TXN007069,CUST01726,36804.74,Bank Transfer,Successful,Mbale,Android,19,0,0,0
TXN007070,CUST00308,357203.7,Mobile Money,Successful,Jinja,Android,19,12,1,0
TXN007071,CUST01369,351573.99,Bank Transfer,Successful,Mbale,iPhone,14,0,0,0
TXN007072,CUST01151,307214.78,Bank Transfer,Successful,Mbarara,iPhone,21,0,0,0
TXN007073,CUST01961,255376.19,Card,Successful,Mbale,iPhone,4,0,0,0
TXN007074,CUST00287,217175.31,Mobile Money,Successful,Gulu,Web,22,12,1,0
TXN007075,CUST00766,296838.91,Bank Transfer,Successful,Kampala,Android,10,0,0,0
TXN007076,CUST00725,117081.03,Mobile Money,Successful,Gulu,iPhone,22,0,0,0
TXN007077,CUST00762,470658.9,Bank Transfer,Suspicious,Jinja,Android,2,40,0,1
TXN007078,CUST01620,294602.87,Bank Transfer,Successful,Jinja,Android,8,0,0,0
TXN007079,CUST01511,155940.63,Card,Successful,Kampala,Android,6,0,0,0
TXN007080,CUST00383,225115.09,Mobile Money,Successful,Kampala,iPhone,22,12,1,0
TXN007081,CUST01430,402939.55,Card,Suspicious,Kampala,Web,1,40,0,1
TXN007082,CUST00388,81227.22,Card,Successful,Kampala,Web,14,12,1,0
TXN007083,CUST00525,146771.39,Card,Successful,Mbale,Web,11,12,1,0
TXN007084,CUST01581,339914.26,Card,Successful,Gulu,Web,15,12,1,0
TXN007085,CUST00639,158086.86,Card,Successful,Jinja,iPhone,15,12,1,0
TXN007086,CUST00938,396354.59,Bank Transfer,Successful,Mbale,Web,15,12,1,0
TXN007087,CUST01650,65661.52,Mobile Money,Successful,Kampala,Web,18,12,1,0
TXN007088,CUST01969,381461.74,Mobile Money,Failed,Mbarara,iPhone,2,24,2,0
TXN007089,CUST00276,34641.68,Card,Successful,Mbarara,iPhone,21,0,0,0
TXN007090,CUST00500,6790.01,Mobile Money,Successful,Gulu,Android,19,0,0,0
TXN007091,CUST00717,449162.65,Bank Transfer,Suspicious,Jinja,Android,3,40,0,1
TXN007092,CUST00337,290878.94,Card,Successful,Jinja,Web,0,12,1,0
TXN007093,CUST01974,176237.54,Bank Transfer,Successful,Gulu,Android,21,0,0,0
TXN007094,CUST00932,116681.02,Bank Transfer,Successful,Kampala,iPhone,7,12,1,0
TXN007095,CUST00481,308634.45,Card,Successful,Kampala,Android,23,0,0,0
TXN007096,CUST01921,254746.59,Bank Transfer,Successful,Jinja,Android,14,0,0,0
TXN007097,CUST00911,495803.09,Card,Successful,Jinja,iPhone,23,0,0,0
TXN007098,CUST01997,491616.39,Bank Transfer,Successful,Jinja,Web,20,0,0,0
TXN007099,CUST01297,317694.77,Mobile Money,Successful,Kampala,Android,21,0,0,0
TXN007100,CUST01944,221713.82,Mobile Money,Successful,Mbarara,Android,4,0,0,0
TXN007101,CUST01082,245824.91,Mobile Money,Successful,Gulu,Web,19,12,1,0
TXN007102,CUST01352,341398.29,Card,Successful,Gulu,Android,11,12,1,0
TXN007103,CUST01755,51236.48,Bank Transfer,Successful,Mbale,Web,19,0,0,0
TXN007104,CUST00109,164511.86,Bank Transfer,Successful,Mbale,iPhone,19,0,0,0
TXN007105,CUST01303,38098.48,Mobile Money,Successful,Mbarara,iPhone,3,0,0,0
TXN007106,CUST01710,37143.7,Mobile Money,Failed,Jinja,Web,21,24,2,0
TXN007107,CUST00328,98321.7,Card,Successful,Mbarara,iPhone,14,12,1,0
TXN007108,CUST01800,242884.0,Card,Successful,Mbale,iPhone,5,0,0,0
TXN007109,CUST00315,392494.77,Bank Transfer,Successful,Mbale,iPhone,4,0,0,0
TXN007110,CUST01498,243005.2,Card,Successful,Gulu,iPhone,10,12,1,0
TXN007111,CUST01135,168070.57,Card,Successful,Mbarara,iPhone,13,0,0,0
TXN007112,CUST00699,41635.32,Card,Failed,Kampala,iPhone,10,24,2,0
TXN007113,CUST00781,275372.61,Mobile Money,Successful,Mbale,Android,8,0,0,0
TXN007114,CUST01959,135998.66,Mobile Money,Successful,Gulu,Android,23,0,0,0
TXN007115,CUST01253,307659.62,Bank Transfer,Successful,Jinja,Android,9,12,1,0
TXN007116,CUST01521,488605.28,Card,Successful,Mbarara,iPhone,5,12,1,0
TXN007117,CUST00156,56101.5,Mobile Money,Successful,Mbale,Android,10,12,1,0
TXN007118,CUST01497,106456.64,Card,Successful,Kampala,Web,8,12,1,0
TXN007119,CUST01725,236810.72,Bank Transfer,Successful,Mbale,Web,4,12,1,0
TXN007120,CUST01296,484322.6,Card,Successful,Kampala,Web,9,0,0,0
TXN007121,CUST00887,386018.98,Bank Transfer,Successful,Mbarara,Android,19,0,0,0
TXN007122,CUST01026,449165.48,Bank Transfer,Successful,Kampala,iPhone,13,0,0,0
TXN007123,CUST00758,167190.57,Mobile Money,Successful,Kampala,Web,5,0,0,0
TXN007124,CUST00722,496023.22,Card,Suspicious,Gulu,Android,3,52,1,1
TXN007125,CUST01535,51864.99,Mobile Money,Successful,Mbarara,Android,23,0,0,0
TXN007126,CUST00913,26959.97,Card,Successful,Mbale,iPhone,22,12,1,0
TXN007127,CUST01310,427873.51,Card,Successful,Jinja,iPhone,20,0,0,0
TXN007128,CUST00871,463668.8,Bank Transfer,Successful,Mbarara,Android,9,0,0,0
TXN007129,CUST00013,45747.39,Bank Transfer,Successful,Mbarara,iPhone,21,0,0,0
TXN007130,CUST00608,57157.0,Card,Successful,Jinja,iPhone,10,0,0,0
TXN007131,CUST00498,17070.49,Mobile Money,Successful,Mbale,iPhone,15,0,0,0
TXN007132,CUST01757,52701.53,Bank Transfer,Successful,Gulu,iPhone,6,12,1,0
TXN007133,CUST00238,105105.2,Bank Transfer,Successful,Mbale,iPhone,17,12,1,0
TXN007134,CUST01118,485053.27,Card,Successful,Jinja,Android,6,0,0,0
TXN007135,CUST01362,334096.18,Card,Successful,Mbale,Web,23,0,0,0
TXN007136,CUST00781,389387.24,Bank Transfer,Successful,Mbarara,Android,20,0,0,0
TXN007137,CUST01195,388181.63,Mobile Money,Successful,Gulu,Android,14,12,1,0
TXN007138,CUST00606,267769.34,Bank Transfer,Successful,Kampala,Android,18,12,1,0
TXN007139,CUST00661,398845.74,Card,Successful,Mbale,Android,17,0,0,0
TXN007140,CUST01648,298105.86,Bank Transfer,Successful,Kampala,Android,14,0,0,0
TXN007141,CUST01591,157615.78,Card,Successful,Gulu,iPhone,17,0,0,0
TXN007142,CUST00849,280774.5,Bank Transfer,Failed,Kampala,Web,2,24,2,0
TXN007143,CUST00936,266987.54,Card,Successful,Mbale,iPhone,0,0,0,0
TXN007144,CUST01491,411814.8,Card,Suspicious,Jinja,Web,0,40,0,1
TXN007145,CUST00628,490872.75,Mobile Money,Successful,Mbarara,Android,6,0,0,0
TXN007146,CUST00143,205815.76,Card,Successful,Mbarara,Android,9,0,0,0
TXN007147,CUST01225,381813.64,Bank Transfer,Successful,Kampala,Android,11,12,1,0
TXN007148,CUST01204,50331.62,Card,Successful,Mbarara,Android,7,0,0,0
TXN007149,CUST00714,388527.27,Bank Transfer,Successful,Mbarara,Android,21,0,0,0
TXN007150,CUST01388,186022.75,Mobile Money,Successful,Jinja,Android,22,12,1,0
TXN007151,CUST00479,20175.39,Bank Transfer,Successful,Kampala,Android,16,0,0,0
TXN007152,CUST00565,181941.47,Mobile Money,Successful,Jinja,Web,13,0,0,0
TXN007153,CUST00471,305516.05,Mobile Money,Successful,Jinja,Android,16,0,0,0
TXN007154,CUST00384,60065.46,Card,Successful,Gulu,Android,20,0,0,0
TXN007155,CUST01716,462055.23,Mobile Money,Successful,Kampala,Android,22,0,0,0
TXN007156,CUST00926,39297.37,Bank Transfer,Successful,Jinja,Web,5,0,0,0
TXN007157,CUST00417,465038.36,Mobile Money,Successful,Mbale,Web,19,12,1,0
TXN007158,CUST01849,353715.19,Mobile Money,Successful,Mbarara,Android,16,0,0,0
TXN007159,CUST00308,165191.23,Card,Successful,Kampala,iPhone,19,12,1,0
TXN007160,CUST00649,195679.8,Bank Transfer,Successful,Gulu,Web,7,0,0,0
TXN007161,CUST01718,370534.28,Mobile Money,Successful,Jinja,Android,12,12,1,0
TXN007162,CUST01391,300934.81,Card,Failed,Mbale,Web,15,24,2,0
TXN007163,CUST01025,335985.64,Card,Successful,Mbarara,iPhone,11,12,1,0
TXN007164,CUST01068,194887.73,Bank Transfer,Successful,Mbarara,Android,16,0,0,0
TXN007165,CUST00739,244162.83,Card,Successful,Mbale,Web,17,0,0,0
TXN007166,CUST01867,494938.81,Mobile Money,Successful,Kampala,iPhone,7,12,1,0
TXN007167,CUST01122,107354.47,Card,Successful,Mbarara,Web,17,12,1,0
TXN007168,CUST01744,209219.17,Bank Transfer,Successful,Mbarara,Web,10,0,0,0
TXN007169,CUST01289,146265.68,Bank Transfer,Failed,Mbarara,Android,12,24,2,0
TXN007170,CUST01824,382673.2,Card,Successful,Jinja,Android,11,12,1,0
TXN007171,CUST01807,382124.31,Mobile Money,Failed,Jinja,Web,14,24,2,0
TXN007172,CUST00140,146576.51,Card,Successful,Mbarara,iPhone,2,0,0,0
TXN007173,CUST01505,41154.46,Bank Transfer,Successful,Gulu,Android,2,0,0,0
TXN007174,CUST01261,6210.62,Card,Successful,Mbarara,Web,5,0,0,0
TXN007175,CUST00974,214011.54,Card,Successful,Kampala,Web,2,0,0,0
TXN007176,CUST01017,205463.63,Mobile Money,Successful,Gulu,Android,8,0,0,0
TXN007177,CUST00953,494200.74,Card,Successful,Kampala,Android,10,0,0,0
TXN007178,CUST00904,235166.14,Mobile Money,Successful,Mbale,Web,7,0,0,0
TXN007179,CUST00072,128580.98,Card,Successful,Mbale,Android,3,12,1,0
TXN007180,CUST01691,445669.11,Card,Successful,Jinja,Web,21,12,1,0
TXN007181,CUST01214,245788.44,Mobile Money,Successful,Jinja,iPhone,23,12,1,0
TXN007182,CUST01292,299788.23,Mobile Money,Successful,Jinja,Android,19,0,0,0
TXN007183,CUST01345,48286.52,Bank Transfer,Successful,Mbale,Android,14,0,0,0
TXN007184,CUST00107,191766.75,Mobile Money,Successful,Kampala,Web,4,12,1,0
TXN007185,CUST01256,472139.73,Card,Successful,Gulu,Android,6,0,0,0
TXN007186,CUST01066,294957.94,Bank Transfer,Successful,Jinja,iPhone,7,0,0,0
TXN007187,CUST01726,172578.68,Mobile Money,Successful,Mbale,Web,6,0,0,0
TXN007188,CUST00883,313020.76,Mobile Money,Failed,Jinja,iPhone,7,24,2,0
TXN007189,CUST00139,455250.34,Bank Transfer,Suspicious,Mbarara,iPhone,3,40,0,1
TXN007190,CUST00615,137358.3,Card,Successful,Gulu,iPhone,0,0,0,0
TXN007191,CUST01707,252805.8,Card,Failed,Kampala,iPhone,21,24,2,0
TXN007192,CUST00863,479365.98,Bank Transfer,Suspicious,Jinja,Web,4,64,2,1
TXN007193,CUST00273,86611.87,Card,Successful,Mbarara,Android,10,12,1,0
TXN007194,CUST01505,359972.13,Mobile Money,Successful,Mbarara,iPhone,3,0,0,0
TXN007195,CUST00416,307433.26,Card,Successful,Gulu,iPhone,1,0,0,0
TXN007196,CUST00506,339997.73,Mobile Money,Successful,Mbale,Web,16,0,0,0
TXN007197,CUST00733,175934.21,Card,Failed,Mbale,iPhone,11,24,2,0
TXN007198,CUST01749,157282.75,Mobile Money,Successful,Jinja,iPhone,1,0,0,0
TXN007199,CUST01877,342262.73,Bank Transfer,Successful,Jinja,iPhone,8,0,0,0
TXN007200,CUST00424,108163.87,Mobile Money,Successful,Mbale,iPhone,5,0,0,0
TXN007201,CUST01431,210117.55,Card,Successful,Kampala,Android,5,12,1,0
TXN007202,CUST01592,94493.24,Mobile Money,Successful,Kampala,iPhone,17,0,0,0
TXN007203,CUST00390,4648.27,Card,Successful,Mbarara,Web,21,0,0,0
TXN007204,CUST00342,485043.65,Card,Suspicious,Gulu,Android,2,40,0,1
TXN007205,CUST00946,216135.64,Mobile Money,Successful,Kampala,Web,14,12,1,0
TXN007206,CUST00614,484690.13,Card,Successful,Jinja,Android,6,12,1,0
TXN007207,CUST01957,70591.6,Bank Transfer,Successful,Kampala,Android,12,0,0,0
TXN007208,CUST00493,293889.71,Card,Successful,Gulu,iPhone,9,12,1,0
TXN007209,CUST00192,100886.53,Bank Transfer,Successful,Jinja,iPhone,3,12,1,0
TXN007210,CUST00499,395142.03,Bank Transfer,Successful,Gulu,Web,15,0,0,0
TXN007211,CUST00822,391959.64,Card,Successful,Mbale,Android,8,0,0,0
TXN007212,CUST01736,56747.27,Bank Transfer,Successful,Gulu,Android,20,0,0,0
TXN007213,CUST01257,456076.19,Bank Transfer,Successful,Gulu,iPhone,9,12,1,0
TXN007214,CUST01969,97717.51,Mobile Money,Successful,Gulu,Android,18,12,1,0
TXN007215,CUST00227,306682.18,Bank Transfer,Successful,Jinja,iPhone,16,0,0,0
TXN007216,CUST01395,492823.99,Bank Transfer,Suspicious,Gulu,iPhone,0,52,1,1
TXN007217,CUST00139,441257.07,Bank Transfer,Failed,Gulu,Web,12,24,2,0
TXN007218,CUST00856,478303.68,Bank Transfer,Suspicious,Mbarara,iPhone,3,40,0,1
TXN007219,CUST00817,171628.09,Bank Transfer,Successful,Jinja,iPhone,14,12,1,0
TXN007220,CUST01173,53235.03,Card,Successful,Gulu,Android,9,0,0,0
TXN007221,CUST01139,94579.26,Bank Transfer,Successful,Kampala,Web,19,0,0,0
TXN007222,CUST01474,250497.2,Card,Successful,Gulu,Web,8,0,0,0
TXN007223,CUST01087,396718.22,Card,Successful,Kampala,Web,7,0,0,0
TXN007224,CUST00104,75501.75,Card,Successful,Mbale,iPhone,19,12,1,0
TXN007225,CUST01875,330035.9,Mobile Money,Successful,Mbale,Web,5,12,1,0
TXN007226,CUST00871,162127.01,Mobile Money,Successful,Jinja,iPhone,22,12,1,0
TXN007227,CUST00668,170930.44,Card,Successful,Jinja,iPhone,9,12,1,0
TXN007228,CUST00273,331127.91,Mobile Money,Successful,Mbale,iPhone,23,0,0,0
TXN007229,CUST01030,233766.21,Bank Transfer,Successful,Jinja,iPhone,19,12,1,0
TXN007230,CUST01171,406110.63,Card,Successful,Kampala,Web,16,0,0,0
TXN007231,CUST00184,78381.3,Card,Successful,Kampala,Web,4,12,1,0
TXN007232,CUST01052,395079.16,Card,Successful,Mbarara,Android,13,0,0,0
TXN007233,CUST01986,32585.51,Mobile Money,Failed,Jinja,Web,16,24,2,0
TXN007234,CUST01574,97429.91,Mobile Money,Successful,Jinja,Android,10,0,0,0
TXN007235,CUST01143,328246.78,Mobile Money,Successful,Mbarara,Web,3,12,1,0
TXN007236,CUST00293,427535.37,Bank Transfer,Successful,Gulu,Web,22,0,0,0
TXN007237,CUST01395,126713.47,Mobile Money,Successful,Kampala,Web,22,0,0,0
TXN007238,CUST01268,163932.21,Card,Failed,Gulu,iPhone,16,24,2,0
TXN007239,CUST01604,268791.81,Mobile Money,Failed,Mbarara,Web,1,36,3,0
TXN007240,CUST01750,106180.62,Mobile Money,Successful,Jinja,Web,20,12,1,0
TXN007241,CUST01242,405672.55,Mobile Money,Successful,Gulu,Android,21,0,0,0
TXN007242,CUST00177,386931.5,Mobile Money,Failed,Jinja,Web,0,24,2,0
TXN007243,CUST01323,73073.21,Card,Successful,Mbarara,iPhone,17,0,0,0
TXN007244,CUST01700,232182.95,Mobile Money,Successful,Mbale,Web,6,12,1,0
TXN007245,CUST00058,387526.47,Card,Successful,Jinja,Android,21,12,1,0
TXN007246,CUST01293,168996.1,Mobile Money,Successful,Gulu,Web,5,12,1,0
TXN007247,CUST00308,316736.86,Bank Transfer,Successful,Gulu,Web,5,12,1,0
TXN007248,CUST01594,25581.45,Bank Transfer,Successful,Mbarara,Android,13,0,0,0
TXN007249,CUST01312,304540.04,Card,Failed,Gulu,Web,22,24,2,0
TXN007250,CUST00977,76750.16,Card,Successful,Kampala,Android,11,12,1,0
TXN007251,CUST01129,415376.37,Bank Transfer,Successful,Jinja,Android,13,12,1,0
TXN007252,CUST01252,178047.01,Bank Transfer,Successful,Kampala,iPhone,13,0,0,0
TXN007253,CUST01271,141136.15,Mobile Money,Successful,Mbarara,iPhone,11,12,1,0
TXN007254,CUST00700,420524.04,Bank Transfer,Successful,Kampala,Android,8,0,0,0
TXN007255,CUST01518,25546.94,Card,Failed,Kampala,iPhone,8,24,2,0
TXN007256,CUST00083,198606.1,Card,Successful,Jinja,iPhone,1,12,1,0
TXN007257,CUST01210,185316.77,Bank Transfer,Successful,Jinja,Android,17,0,0,0
TXN007258,CUST00252,142757.79,Card,Successful,Mbale,Web,4,0,0,0
TXN007259,CUST01379,455921.29,Mobile Money,Successful,Kampala,Web,22,0,0,0
TXN007260,CUST01774,375588.73,Mobile Money,Successful,Jinja,Web,11,0,0,0
TXN007261,CUST01896,32429.62,Bank Transfer,Successful,Kampala,iPhone,13,0,0,0
TXN007262,CUST01720,357486.38,Card,Successful,Kampala,iPhone,12,12,1,0
TXN007263,CUST00796,263885.92,Bank Transfer,Successful,Mbarara,Web,2,12,1,0
TXN007264,CUST00897,450483.51,Card,Successful,Mbarara,Android,14,0,0,0
TXN007265,CUST01962,156816.34,Card,Successful,Kampala,Android,14,0,0,0
TXN007266,CUST00210,287293.92,Card,Failed,Mbarara,Android,2,24,2,0
TXN007267,CUST00816,250627.26,Mobile Money,Successful,Jinja,iPhone,19,0,0,0
TXN007268,CUST01832,245035.67,Card,Failed,Kampala,Web,18,24,2,0
TXN007269,CUST00609,228324.65,Mobile Money,Successful,Mbarara,Android,14,0,0,0
TXN007270,CUST00447,103211.92,Card,Successful,Jinja,Web,18,12,1,0
TXN007271,CUST00460,377977.11,Bank Transfer,Failed,Kampala,Web,7,24,2,0
TXN007272,CUST00968,225942.35,Mobile Money,Successful,Kampala,iPhone,22,12,1,0
TXN007273,CUST00472,479278.88,Mobile Money,Successful,Mbarara,Android,12,0,0,0
TXN007274,CUST01744,130773.81,Mobile Money,Successful,Jinja,iPhone,22,12,1,0
TXN007275,CUST00370,341530.55,Bank Transfer,Successful,Kampala,Web,9,0,0,0
TXN007276,CUST00900,470388.18,Mobile Money,Suspicious,Kampala,Web,1,40,0,1
TXN007277,CUST01958,331897.43,Bank Transfer,Successful,Mbale,Web,10,0,0,0
TXN007278,CUST01516,435700.82,Card,Successful,Kampala,Android,21,0,0,0
TXN007279,CUST00923,413826.74,Card,Successful,Mbale,Android,18,12,1,0
TXN007280,CUST00137,180378.8,Bank Transfer,Successful,Mbale,Android,8,12,1,0
TXN007281,CUST00367,300261.91,Mobile Money,Successful,Jinja,Web,8,0,0,0
TXN007282,CUST00912,78552.54,Mobile Money,Successful,Gulu,Web,5,0,0,0
TXN007283,CUST00184,267995.18,Bank Transfer,Successful,Mbale,Android,9,0,0,0
TXN007284,CUST01612,115595.77,Card,Successful,Jinja,Web,21,12,1,0
TXN007285,CUST01311,371996.54,Bank Transfer,Successful,Mbarara,Web,23,0,0,0
TXN007286,CUST00472,264265.18,Mobile Money,Successful,Mbale,Web,7,0,0,0
TXN007287,CUST01399,205908.07,Mobile Money,Successful,Gulu,Android,14,0,0,0
TXN007288,CUST00654,134764.15,Mobile Money,Successful,Mbarara,iPhone,5,0,0,0
TXN007289,CUST00749,499349.89,Mobile Money,Successful,Mbale,iPhone,6,0,0,0
TXN007290,CUST00537,36319.41,Card,Successful,Mbale,iPhone,19,0,0,0
TXN007291,CUST01535,22258.56,Card,Successful,Gulu,Android,16,0,0,0
TXN007292,CUST00802,109020.07,Card,Successful,Kampala,Web,3,0,0,0
TXN007293,CUST01603,485550.69,Mobile Money,Successful,Gulu,iPhone,7,0,0,0
TXN007294,CUST01274,489629.47,Mobile Money,Successful,Jinja,iPhone,12,12,1,0
TXN007295,CUST00920,327636.4,Mobile Money,Successful,Jinja,Android,23,12,1,0
TXN007296,CUST00510,440113.28,Bank Transfer,Successful,Gulu,Web,13,0,0,0
TXN007297,CUST00630,107373.88,Mobile Money,Successful,Gulu,Web,17,0,0,0
TXN007298,CUST01002,486035.03,Card,Successful,Gulu,Android,22,0,0,0
TXN007299,CUST01097,71821.03,Card,Successful,Gulu,iPhone,16,0,0,0
TXN007300,CUST01306,51012.03,Card,Successful,Gulu,Web,17,0,0,0
TXN007301,CUST00916,56549.66,Bank Transfer,Successful,Mbale,Web,13,0,0,0
TXN007302,CUST01984,286777.4,Card,Successful,Mbarara,iPhone,23,12,1,0
TXN007303,CUST01384,390596.71,Bank Transfer,Successful,Jinja,Android,10,0,0,0
TXN007304,CUST01034,183650.26,Bank Transfer,Successful,Jinja,iPhone,9,12,1,0
TXN007305,CUST01235,488959.05,Bank Transfer,Successful,Mbarara,Web,12,0,0,0
TXN007306,CUST01859,217492.86,Mobile Money,Successful,Gulu,Android,19,0,0,0
TXN007307,CUST00152,75649.05,Mobile Money,Successful,Mbarara,iPhone,15,0,0,0
TXN007308,CUST01029,233250.39,Card,Successful,Gulu,iPhone,13,0,0,0
TXN007309,CUST01219,339679.06,Card,Failed,Jinja,Android,2,24,2,0
TXN007310,CUST01978,416196.78,Bank Transfer,Successful,Kampala,Web,17,0,0,0
TXN007311,CUST01307,229654.76,Mobile Money,Successful,Jinja,Android,5,0,0,0
TXN007312,CUST00464,297006.61,Card,Successful,Jinja,Android,19,0,0,0
TXN007313,CUST01137,134038.68,Card,Successful,Kampala,Web,2,12,1,0
TXN007314,CUST00271,323135.3,Mobile Money,Successful,Mbarara,iPhone,18,0,0,0
TXN007315,CUST01187,492992.99,Bank Transfer,Suspicious,Mbale,Android,2,40,0,1
TXN007316,CUST00460,25002.26,Card,Successful,Gulu,Android,11,12,1,0
TXN007317,CUST00105,443322.07,Card,Failed,Gulu,iPhone,7,24,2,0
TXN007318,CUST01717,281360.11,Mobile Money,Successful,Jinja,Web,4,0,0,0
TXN007319,CUST01580,126423.28,Mobile Money,Successful,Kampala,iPhone,16,0,0,0
TXN007320,CUST01306,477467.41,Bank Transfer,Successful,Jinja,iPhone,9,0,0,0
TXN007321,CUST01711,241935.47,Bank Transfer,Successful,Jinja,Android,20,12,1,0
TXN007322,CUST00162,166179.28,Card,Successful,Mbarara,Android,16,0,0,0
TXN007323,CUST00351,91158.07,Bank Transfer,Successful,Gulu,Web,8,0,0,0
TXN007324,CUST00434,122603.88,Card,Failed,Mbale,Android,12,36,3,0
TXN007325,CUST00852,416508.1,Card,Successful,Kampala,iPhone,9,0,0,0
TXN007326,CUST00140,307397.8,Mobile Money,Successful,Mbale,iPhone,7,0,0,0
TXN007327,CUST01495,456666.19,Card,Successful,Kampala,Web,6,0,0,0
TXN007328,CUST01156,116368.24,Mobile Money,Successful,Gulu,Android,1,12,1,0
TXN007329,CUST00087,61008.72,Card,Successful,Mbarara,Android,1,12,1,0
TXN007330,CUST01712,3540.72,Card,Successful,Mbale,Web,3,0,0,0
TXN007331,CUST00183,254177.09,Card,Successful,Kampala,Web,8,12,1,0
TXN007332,CUST00368,499154.31,Bank Transfer,Successful,Jinja,Android,13,0,0,0
TXN007333,CUST00129,347635.15,Bank Transfer,Failed,Gulu,Web,23,24,2,0
TXN007334,CUST01270,154543.1,Mobile Money,Failed,Mbarara,iPhone,10,24,2,0
TXN007335,CUST01625,438490.86,Card,Successful,Jinja,Web,20,12,1,0
TXN007336,CUST01602,390970.27,Mobile Money,Successful,Mbarara,iPhone,6,0,0,0
TXN007337,CUST00670,8199.88,Mobile Money,Successful,Kampala,iPhone,18,12,1,0
TXN007338,CUST01923,408521.81,Card,Suspicious,Jinja,iPhone,3,40,0,1
TXN007339,CUST01402,150613.12,Bank Transfer,Successful,Mbarara,Android,1,0,0,0
TXN007340,CUST00149,75261.9,Bank Transfer,Successful,Gulu,iPhone,22,12,1,0
TXN007341,CUST00985,113552.25,Mobile Money,Failed,Mbale,Web,21,24,2,0
TXN007342,CUST00852,234555.61,Bank Transfer,Successful,Mbale,iPhone,20,0,0,0
TXN007343,CUST01457,212721.53,Card,Successful,Jinja,Android,22,0,0,0
TXN007344,CUST00628,144799.21,Card,Successful,Gulu,Android,18,0,0,0
TXN007345,CUST01750,86523.05,Bank Transfer,Successful,Gulu,Android,20,12,1,0
TXN007346,CUST01493,381234.28,Bank Transfer,Successful,Mbarara,Android,17,12,1,0
TXN007347,CUST00446,495059.84,Mobile Money,Successful,Jinja,Web,20,0,0,0
TXN007348,CUST01505,389006.89,Bank Transfer,Successful,Gulu,Android,6,12,1,0
TXN007349,CUST00884,148320.52,Mobile Money,Successful,Mbarara,Web,10,0,0,0
TXN007350,CUST00294,122782.08,Card,Successful,Gulu,Android,9,0,0,0
TXN007351,CUST01789,109224.11,Card,Successful,Jinja,Android,10,0,0,0
TXN007352,CUST01167,68779.19,Card,Successful,Gulu,Web,22,12,1,0
TXN007353,CUST00250,275889.61,Bank Transfer,Successful,Gulu,iPhone,8,0,0,0
TXN007354,CUST00878,302897.49,Bank Transfer,Successful,Gulu,Web,2,12,1,0
TXN007355,CUST00948,352898.58,Bank Transfer,Successful,Mbale,iPhone,23,0,0,0
TXN007356,CUST00975,340266.58,Mobile Money,Successful,Kampala,Web,4,12,1,0
TXN007357,CUST01326,146520.49,Mobile Money,Failed,Jinja,iPhone,22,24,2,0
TXN007358,CUST01049,165490.35,Mobile Money,Successful,Mbale,Android,0,0,0,0
TXN007359,CUST00789,340916.51,Card,Failed,Kampala,iPhone,0,24,2,0
TXN007360,CUST00984,175049.1,Mobile Money,Successful,Gulu,iPhone,19,0,0,0
TXN007361,CUST00889,106705.28,Bank Transfer,Successful,Gulu,Android,4,0,0,0
TXN007362,CUST00890,187480.91,Bank Transfer,Successful,Mbale,Android,18,0,0,0
TXN007363,CUST01925,136406.04,Card,Successful,Mbarara,iPhone,5,0,0,0
TXN007364,CUST00070,44612.2,Bank Transfer,Successful,Jinja,iPhone,2,0,0,0
TXN007365,CUST00625,415154.38,Bank Transfer,Successful,Kampala,Web,20,0,0,0
TXN007366,CUST00875,426629.14,Bank Transfer,Successful,Gulu,Android,12,0,0,0
TXN007367,CUST01136,110265.27,Mobile Money,Successful,Jinja,Android,16,12,1,0
TXN007368,CUST01388,32853.71,Mobile Money,Successful,Gulu,Android,2,0,0,0
TXN007369,CUST01327,369544.3,Bank Transfer,Successful,Gulu,Web,22,0,0,0
TXN007370,CUST00471,106158.55,Bank Transfer,Successful,Gulu,Web,2,12,1,0
TXN007371,CUST01988,197021.03,Bank Transfer,Successful,Jinja,iPhone,20,0,0,0
TXN007372,CUST00091,32535.56,Bank Transfer,Failed,Mbale,Web,22,24,2,0
TXN007373,CUST00530,113521.66,Mobile Money,Successful,Jinja,Web,12,0,0,0
TXN007374,CUST00661,396554.69,Card,Successful,Jinja,Web,1,0,0,0
TXN007375,CUST00739,402296.03,Bank Transfer,Suspicious,Mbarara,Android,2,40,0,1
TXN007376,CUST00726,103938.87,Mobile Money,Successful,Mbarara,iPhone,19,0,0,0
TXN007377,CUST00872,168288.97,Bank Transfer,Successful,Mbale,Web,15,0,0,0
TXN007378,CUST01687,67552.09,Card,Successful,Mbarara,Web,20,0,0,0
TXN007379,CUST00192,37549.23,Mobile Money,Successful,Mbale,Web,11,0,0,0
TXN007380,CUST01987,496089.77,Mobile Money,Successful,Gulu,Android,8,12,1,0
TXN007381,CUST01576,327969.18,Card,Successful,Gulu,iPhone,15,0,0,0
TXN007382,CUST01266,271277.21,Card,Failed,Jinja,iPhone,3,24,2,0
TXN007383,CUST00138,382866.5,Mobile Money,Successful,Gulu,Web,19,0,0,0
TXN007384,CUST00345,420118.54,Card,Successful,Mbarara,iPhone,17,0,0,0
TXN007385,CUST01204,403454.03,Bank Transfer,Suspicious,Kampala,Android,0,52,1,1
TXN007386,CUST01009,8761.45,Card,Successful,Jinja,Web,6,0,0,0
TXN007387,CUST01736,93810.55,Card,Successful,Mbale,iPhone,19,0,0,0
TXN007388,CUST00503,327625.2,Mobile Money,Successful,Gulu,Web,11,12,1,0
TXN007389,CUST00203,188191.79,Card,Successful,Jinja,Android,7,0,0,0
TXN007390,CUST00573,491250.08,Mobile Money,Successful,Jinja,Web,7,0,0,0
TXN007391,CUST00192,332869.69,Bank Transfer,Successful,Jinja,Android,23,0,0,0
TXN007392,CUST00005,478296.18,Card,Successful,Gulu,Web,21,0,0,0
TXN007393,CUST01914,101122.52,Card,Successful,Mbale,Web,8,0,0,0
TXN007394,CUST01261,432046.54,Mobile Money,Successful,Jinja,iPhone,13,0,0,0
TXN007395,CUST01717,161015.48,Mobile Money,Successful,Jinja,iPhone,19,0,0,0
TXN007396,CUST00311,494787.62,Card,Suspicious,Jinja,Android,4,40,0,1
TXN007397,CUST00549,79265.49,Mobile Money,Successful,Gulu,Android,19,0,0,0
TXN007398,CUST00056,258411.74,Card,Successful,Mbarara,Android,20,0,0,0
TXN007399,CUST00443,396525.84,Bank Transfer,Successful,Mbale,iPhone,1,0,0,0
TXN007400,CUST01261,216604.92,Card,Successful,Jinja,Web,20,0,0,0
TXN007401,CUST00870,234307.99,Bank Transfer,Successful,Jinja,Android,9,0,0,0
TXN007402,CUST01885,493184.72,Bank Transfer,Successful,Jinja,Web,23,0,0,0
TXN007403,CUST01221,212941.42,Mobile Money,Failed,Gulu,Web,8,24,2,0
TXN007404,CUST00585,302234.01,Mobile Money,Successful,Mbarara,iPhone,6,0,0,0
TXN007405,CUST01595,27742.56,Mobile Money,Successful,Jinja,iPhone,22,12,1,0
TXN007406,CUST00752,421183.94,Mobile Money,Failed,Jinja,Web,21,36,3,0
TXN007407,CUST01538,324259.94,Card,Successful,Gulu,Android,17,0,0,0
TXN007408,CUST01473,202308.04,Bank Transfer,Successful,Mbale,iPhone,11,0,0,0
TXN007409,CUST00360,8576.69,Card,Successful,Mbale,Web,10,0,0,0
TXN007410,CUST01724,296038.58,Bank Transfer,Successful,Mbarara,iPhone,9,0,0,0
TXN007411,CUST00819,6822.59,Bank Transfer,Successful,Mbale,Web,12,0,0,0
TXN007412,CUST00030,1101.21,Bank Transfer,Successful,Jinja,iPhone,8,0,0,0
TXN007413,CUST01803,308241.23,Card,Successful,Gulu,Android,15,12,1,0
TXN007414,CUST00108,94914.03,Mobile Money,Successful,Jinja,Android,20,0,0,0
TXN007415,CUST00844,96347.83,Card,Successful,Jinja,iPhone,21,12,1,0
TXN007416,CUST01959,326809.15,Bank Transfer,Successful,Mbarara,iPhone,16,0,0,0
TXN007417,CUST01626,27321.75,Card,Successful,Mbale,iPhone,4,12,1,0
TXN007418,CUST00717,157046.08,Bank Transfer,Failed,Mbale,Android,5,24,2,0
TXN007419,CUST00891,75141.24,Mobile Money,Successful,Mbale,iPhone,9,12,1,0
TXN007420,CUST01992,290298.1,Mobile Money,Successful,Jinja,Android,10,12,1,0
TXN007421,CUST01983,331051.69,Card,Successful,Gulu,iPhone,1,0,0,0
TXN007422,CUST00960,360707.36,Mobile Money,Successful,Gulu,iPhone,6,0,0,0
TXN007423,CUST01469,127987.99,Bank Transfer,Failed,Jinja,Web,13,36,3,0
TXN007424,CUST00893,45080.25,Bank Transfer,Successful,Kampala,Android,3,0,0,0
TXN007425,CUST01462,39802.49,Mobile Money,Successful,Jinja,iPhone,4,0,0,0
TXN007426,CUST00732,213362.7,Mobile Money,Successful,Mbale,Android,18,12,1,0
TXN007427,CUST01914,472949.28,Mobile Money,Successful,Jinja,Web,20,0,0,0
TXN007428,CUST00606,109255.65,Card,Successful,Kampala,Android,19,12,1,0
TXN007429,CUST00457,128742.43,Card,Successful,Jinja,Android,9,12,1,0
TXN007430,CUST00615,50893.96,Bank Transfer,Successful,Mbale,Android,5,0,0,0
TXN007431,CUST01759,302982.35,Card,Failed,Mbarara,Android,1,24,2,0
TXN007432,CUST00698,340096.5,Card,Successful,Gulu,Android,2,0,0,0
TXN007433,CUST01720,321644.14,Bank Transfer,Failed,Kampala,Android,14,36,3,0
TXN007434,CUST01519,430634.56,Bank Transfer,Successful,Mbarara,Android,9,0,0,0
TXN007435,CUST00674,243469.7,Mobile Money,Successful,Gulu,iPhone,16,12,1,0
TXN007436,CUST01271,67661.29,Mobile Money,Successful,Mbarara,iPhone,6,0,0,0
TXN007437,CUST00543,145057.86,Card,Successful,Jinja,Android,1,0,0,0
TXN007438,CUST01588,331383.77,Bank Transfer,Successful,Jinja,Android,6,0,0,0
TXN007439,CUST00857,306754.43,Card,Successful,Gulu,iPhone,14,0,0,0
TXN007440,CUST01612,265736.06,Card,Successful,Gulu,Web,2,0,0,0
TXN007441,CUST00897,341640.73,Bank Transfer,Successful,Jinja,iPhone,4,12,1,0
TXN007442,CUST01463,318876.73,Bank Transfer,Successful,Jinja,Web,21,12,1,0
TXN007443,CUST00278,440721.78,Bank Transfer,Successful,Gulu,Android,7,0,0,0
TXN007444,CUST00552,293215.18,Bank Transfer,Successful,Gulu,Android,3,12,1,0
TXN007445,CUST01637,389411.38,Card,Successful,Gulu,iPhone,17,0,0,0
TXN007446,CUST00111,124729.22,Card,Failed,Mbale,iPhone,18,24,2,0
TXN007447,CUST00385,339252.2,Card,Successful,Mbale,iPhone,7,12,1,0
TXN007448,CUST01857,451145.96,Bank Transfer,Successful,Jinja,Android,22,0,0,0
TXN007449,CUST00761,193173.3,Mobile Money,Successful,Mbale,iPhone,5,12,1,0
TXN007450,CUST01215,389662.54,Card,Successful,Kampala,iPhone,4,12,1,0
TXN007451,CUST01514,362532.26,Mobile Money,Successful,Jinja,Web,4,0,0,0
TXN007452,CUST00694,30233.34,Mobile Money,Successful,Kampala,Android,16,0,0,0
TXN007453,CUST01450,290963.4,Mobile Money,Successful,Mbarara,Android,5,12,1,0
TXN007454,CUST00405,65529.58,Bank Transfer,Successful,Kampala,Android,12,0,0,0
TXN007455,CUST01359,483675.93,Bank Transfer,Failed,Mbarara,iPhone,8,24,2,0
TXN007456,CUST01233,405798.05,Card,Successful,Kampala,Android,23,0,0,0
TXN007457,CUST00022,55307.04,Card,Successful,Mbarara,iPhone,11,0,0,0
TXN007458,CUST00678,61315.12,Bank Transfer,Successful,Mbarara,Web,9,12,1,0
TXN007459,CUST00611,297439.69,Bank Transfer,Failed,Jinja,Android,0,24,2,0
TXN007460,CUST01232,172772.14,Mobile Money,Successful,Gulu,Web,10,0,0,0
TXN007461,CUST00008,17935.48,Bank Transfer,Successful,Gulu,Web,5,0,0,0
TXN007462,CUST00702,271049.93,Bank Transfer,Successful,Jinja,Android,2,12,1,0
TXN007463,CUST01711,194228.63,Bank Transfer,Failed,Mbarara,Android,5,24,2,0
TXN007464,CUST01809,50987.71,Bank Transfer,Successful,Gulu,iPhone,8,0,0,0
TXN007465,CUST00529,401059.24,Mobile Money,Successful,Gulu,Web,21,12,1,0
TXN007466,CUST00602,457580.84,Card,Successful,Kampala,Web,7,0,0,0
TXN007467,CUST01677,378418.67,Mobile Money,Successful,Mbale,iPhone,14,0,0,0
TXN007468,CUST00657,411299.94,Bank Transfer,Failed,Jinja,Android,21,24,2,0
TXN007469,CUST00166,108637.04,Bank Transfer,Successful,Mbale,Web,5,12,1,0
TXN007470,CUST00849,132154.69,Card,Successful,Mbarara,iPhone,22,12,1,0
TXN007471,CUST00496,104659.51,Card,Successful,Kampala,Web,10,0,0,0
TXN007472,CUST00590,382649.18,Card,Successful,Gulu,Web,9,0,0,0
TXN007473,CUST00429,473984.58,Mobile Money,Successful,Kampala,iPhone,10,0,0,0
TXN007474,CUST00774,358560.18,Card,Successful,Jinja,Web,3,12,1,0
TXN007475,CUST00163,440792.65,Bank Transfer,Successful,Mbarara,iPhone,12,12,1,0
TXN007476,CUST00366,319530.2,Bank Transfer,Successful,Kampala,iPhone,7,0,0,0
TXN007477,CUST01550,194136.12,Bank Transfer,Failed,Kampala,Web,19,24,2,0
TXN007478,CUST01263,213167.93,Mobile Money,Successful,Kampala,Web,14,0,0,0
TXN007479,CUST00072,38123.06,Card,Successful,Gulu,Android,6,0,0,0
TXN007480,CUST01469,16212.87,Card,Failed,Mbarara,Android,0,24,2,0
TXN007481,CUST00655,347890.06,Card,Successful,Gulu,Web,8,0,0,0
TXN007482,CUST01846,219495.23,Card,Successful,Kampala,Android,22,0,0,0
TXN007483,CUST01533,276331.43,Bank Transfer,Successful,Gulu,Android,7,0,0,0
TXN007484,CUST01819,279051.79,Mobile Money,Successful,Gulu,iPhone,1,0,0,0
TXN007485,CUST00269,139049.22,Card,Failed,Jinja,Web,13,24,2,0
TXN007486,CUST01777,238208.31,Bank Transfer,Successful,Mbale,Android,11,0,0,0
TXN007487,CUST00415,235644.73,Bank Transfer,Successful,Mbale,Android,22,0,0,0
TXN007488,CUST01269,194519.4,Mobile Money,Successful,Jinja,Android,16,0,0,0
TXN007489,CUST01016,410427.35,Card,Successful,Jinja,Web,18,12,1,0
TXN007490,CUST00675,225856.42,Mobile Money,Successful,Gulu,iPhone,5,0,0,0
TXN007491,CUST01084,302020.44,Card,Successful,Gulu,Web,20,0,0,0
TXN007492,CUST00006,447812.3,Mobile Money,Suspicious,Mbarara,iPhone,4,40,0,1
TXN007493,CUST01733,433183.69,Card,Successful,Mbale,Android,5,0,0,0
TXN007494,CUST00982,445265.89,Card,Suspicious,Gulu,Web,2,64,2,1
TXN007495,CUST00570,135367.5,Mobile Money,Successful,Mbarara,iPhone,15,0,0,0
TXN007496,CUST01841,17973.75,Card,Successful,Mbale,Android,17,12,1,0
TXN007497,CUST00407,130902.87,Mobile Money,Failed,Mbarara,Android,13,24,2,0
TXN007498,CUST01241,139714.32,Mobile Money,Successful,Mbarara,Web,14,0,0,0
TXN007499,CUST01954,454725.48,Card,Suspicious,Jinja,iPhone,3,64,2,1
TXN007500,CUST00026,324796.75,Card,Successful,Kampala,Android,10,0,0,0
TXN007501,CUST01839,41311.13,Mobile Money,Successful,Kampala,Android,4,0,0,0
TXN007502,CUST01029,68121.61,Bank Transfer,Failed,Kampala,Android,8,24,2,0
TXN007503,CUST00986,78260.22,Mobile Money,Successful,Mbarara,iPhone,4,12,1,0
TXN007504,CUST01556,315395.66,Bank Transfer,Successful,Gulu,iPhone,6,0,0,0
TXN007505,CUST00390,367839.31,Bank Transfer,Successful,Kampala,Android,17,12,1,0
TXN007506,CUST00710,429892.13,Mobile Money,Successful,Gulu,iPhone,17,0,0,0
TXN007507,CUST00571,470347.96,Mobile Money,Successful,Mbale,Android,19,0,0,0
TXN007508,CUST01472,101251.43,Mobile Money,Successful,Kampala,Android,23,12,1,0
TXN007509,CUST00754,155231.36,Bank Transfer,Successful,Mbarara,iPhone,1,12,1,0
TXN007510,CUST00146,120541.28,Mobile Money,Successful,Jinja,iPhone,22,12,1,0
TXN007511,CUST01412,179701.4,Mobile Money,Successful,Mbarara,Web,12,12,1,0
TXN007512,CUST00785,457375.22,Card,Successful,Gulu,Web,12,0,0,0
TXN007513,CUST01273,287768.73,Card,Successful,Mbale,iPhone,16,0,0,0
TXN007514,CUST00526,369226.85,Card,Successful,Mbarara,iPhone,21,0,0,0
TXN007515,CUST01486,245314.56,Mobile Money,Successful,Jinja,iPhone,16,12,1,0
TXN007516,CUST00013,14914.53,Mobile Money,Successful,Jinja,iPhone,5,12,1,0
TXN007517,CUST00903,32565.65,Mobile Money,Successful,Mbale,Android,13,0,0,0
TXN007518,CUST00384,269192.55,Bank Transfer,Failed,Kampala,Android,20,24,2,0
TXN007519,CUST00556,359535.12,Bank Transfer,Failed,Mbarara,Web,13,24,2,0
TXN007520,CUST00887,108057.6,Card,Successful,Mbarara,iPhone,11,0,0,0
TXN007521,CUST01423,361093.83,Bank Transfer,Successful,Jinja,Web,4,0,0,0
TXN007522,CUST00019,405427.55,Bank Transfer,Suspicious,Gulu,iPhone,4,52,1,1
TXN007523,CUST00575,206242.79,Bank Transfer,Successful,Mbarara,iPhone,3,0,0,0
TXN007524,CUST01515,373336.41,Card,Successful,Jinja,iPhone,22,12,1,0
TXN007525,CUST00751,202312.96,Card,Successful,Gulu,Android,12,0,0,0
TXN007526,CUST01004,339336.14,Bank Transfer,Successful,Kampala,Web,3,0,0,0
TXN007527,CUST00419,382116.53,Mobile Money,Successful,Kampala,iPhone,17,0,0,0
TXN007528,CUST01361,495967.35,Card,Successful,Jinja,Web,15,0,0,0
TXN007529,CUST00419,173025.63,Bank Transfer,Successful,Jinja,Web,17,0,0,0
TXN007530,CUST01939,205814.87,Mobile Money,Successful,Kampala,Android,1,0,0,0
TXN007531,CUST01940,83227.22,Mobile Money,Failed,Jinja,Android,22,36,3,0
TXN007532,CUST01636,102434.49,Card,Successful,Mbale,iPhone,3,12,1,0
TXN007533,CUST01699,346850.8,Mobile Money,Failed,Mbarara,Web,19,36,3,0
TXN007534,CUST01952,458564.27,Card,Successful,Mbale,Android,16,12,1,0
TXN007535,CUST00122,197605.17,Bank Transfer,Successful,Gulu,Web,19,0,0,0
TXN007536,CUST00432,90332.3,Card,Successful,Jinja,Web,5,0,0,0
TXN007537,CUST00044,142907.2,Mobile Money,Successful,Jinja,iPhone,17,0,0,0
TXN007538,CUST01896,227798.33,Card,Failed,Gulu,Web,19,24,2,0
TXN007539,CUST01944,145679.84,Card,Successful,Mbarara,Android,6,0,0,0
TXN007540,CUST01341,117172.75,Bank Transfer,Successful,Kampala,iPhone,12,0,0,0
TXN007541,CUST00381,368124.25,Mobile Money,Successful,Mbale,iPhone,8,12,1,0
TXN007542,CUST00145,4418.54,Card,Successful,Mbarara,iPhone,1,0,0,0
TXN007543,CUST01351,269845.65,Bank Transfer,Successful,Kampala,Android,7,12,1,0
TXN007544,CUST00363,396986.52,Bank Transfer,Successful,Kampala,iPhone,13,12,1,0
TXN007545,CUST01074,133481.03,Bank Transfer,Successful,Jinja,Web,21,0,0,0
TXN007546,CUST01089,301844.11,Bank Transfer,Successful,Gulu,iPhone,23,12,1,0
TXN007547,CUST00355,334615.6,Bank Transfer,Successful,Jinja,Android,17,0,0,0
TXN007548,CUST00800,327684.84,Card,Successful,Gulu,Android,0,0,0,0
TXN007549,CUST01188,223201.89,Card,Successful,Jinja,iPhone,22,0,0,0
TXN007550,CUST01165,173615.7,Mobile Money,Successful,Mbale,Web,8,0,0,0
TXN007551,CUST01990,418044.07,Card,Successful,Jinja,Android,8,0,0,0
TXN007552,CUST00826,379343.76,Mobile Money,Successful,Mbale,Android,1,0,0,0
TXN007553,CUST01152,160966.96,Mobile Money,Successful,Mbarara,Android,15,0,0,0
TXN007554,CUST00398,51958.09,Mobile Money,Successful,Mbarara,iPhone,3,0,0,0
TXN007555,CUST01957,36367.87,Card,Successful,Jinja,Android,12,12,1,0
TXN007556,CUST00880,47590.85,Bank Transfer,Successful,Mbarara,Android,16,0,0,0
TXN007557,CUST00463,291643.25,Mobile Money,Successful,Kampala,Android,10,0,0,0
TXN007558,CUST01775,26305.26,Bank Transfer,Successful,Mbale,iPhone,22,0,0,0
TXN007559,CUST01860,168794.97,Mobile Money,Successful,Gulu,Android,1,0,0,0
TXN007560,CUST00808,376723.25,Card,Successful,Mbale,Android,3,0,0,0
TXN007561,CUST00187,147526.91,Mobile Money,Successful,Jinja,iPhone,11,0,0,0
TXN007562,CUST01744,381772.38,Card,Successful,Mbarara,iPhone,1,0,0,0
TXN007563,CUST00732,372860.79,Bank Transfer,Successful,Mbarara,Web,0,0,0,0
TXN007564,CUST01936,123290.65,Card,Successful,Kampala,Android,22,0,0,0
TXN007565,CUST01214,364546.68,Bank Transfer,Successful,Mbarara,iPhone,5,0,0,0
TXN007566,CUST01412,374014.43,Card,Successful,Jinja,Web,15,0,0,0
TXN007567,CUST00429,199028.24,Mobile Money,Successful,Jinja,Android,1,12,1,0
TXN007568,CUST00858,105605.03,Mobile Money,Failed,Gulu,iPhone,13,24,2,0
TXN007569,CUST01308,260874.77,Card,Failed,Mbale,iPhone,19,24,2,0
TXN007570,CUST01888,460738.1,Bank Transfer,Successful,Mbale,Android,11,0,0,0
TXN007571,CUST00237,319988.56,Bank Transfer,Successful,Mbale,Android,18,0,0,0
TXN007572,CUST01218,86874.79,Bank Transfer,Successful,Gulu,Web,2,0,0,0
TXN007573,CUST01311,341537.08,Card,Successful,Gulu,Android,18,0,0,0
TXN007574,CUST00771,213887.91,Card,Successful,Gulu,Android,10,12,1,0
TXN007575,CUST00758,295968.63,Card,Successful,Kampala,Android,3,12,1,0
TXN007576,CUST00136,367164.99,Card,Successful,Gulu,iPhone,16,12,1,0
TXN007577,CUST00792,257716.2,Bank Transfer,Successful,Mbarara,Web,16,0,0,0
TXN007578,CUST01807,407085.0,Bank Transfer,Successful,Kampala,Web,6,12,1,0
TXN007579,CUST00171,361216.71,Card,Successful,Mbarara,Web,4,0,0,0
TXN007580,CUST00159,307729.13,Card,Successful,Mbale,iPhone,18,12,1,0
TXN007581,CUST00201,75821.01,Bank Transfer,Successful,Jinja,Android,20,0,0,0
TXN007582,CUST01511,418056.58,Bank Transfer,Successful,Mbale,iPhone,18,0,0,0
TXN007583,CUST01581,467984.84,Mobile Money,Successful,Gulu,Web,8,12,1,0
TXN007584,CUST00962,68914.08,Card,Successful,Jinja,Android,16,12,1,0
TXN007585,CUST01800,244376.44,Mobile Money,Successful,Mbale,Android,8,0,0,0
TXN007586,CUST00583,129814.93,Bank Transfer,Successful,Kampala,Web,13,0,0,0
TXN007587,CUST01528,377384.39,Bank Transfer,Successful,Gulu,Android,4,12,1,0
TXN007588,CUST00876,360954.0,Card,Successful,Mbale,iPhone,21,0,0,0
TXN007589,CUST00371,70872.12,Mobile Money,Successful,Jinja,Web,1,0,0,0
TXN007590,CUST00103,438575.12,Bank Transfer,Failed,Mbarara,iPhone,23,24,2,0
TXN007591,CUST01002,90896.05,Mobile Money,Successful,Mbale,Android,14,0,0,0
TXN007592,CUST01149,398730.88,Mobile Money,Successful,Kampala,Web,15,12,1,0
TXN007593,CUST01337,228761.69,Mobile Money,Successful,Jinja,Android,18,12,1,0
TXN007594,CUST00976,164472.01,Mobile Money,Successful,Mbale,Web,0,0,0,0
TXN007595,CUST00798,79540.51,Mobile Money,Successful,Mbarara,Web,22,0,0,0
TXN007596,CUST01482,84223.32,Card,Successful,Gulu,Web,11,12,1,0
TXN007597,CUST01254,331114.33,Card,Successful,Gulu,Web,18,0,0,0
TXN007598,CUST00658,275439.98,Mobile Money,Successful,Gulu,Web,19,12,1,0
TXN007599,CUST00882,61481.67,Card,Successful,Jinja,Android,14,12,1,0
TXN007600,CUST01221,56792.58,Bank Transfer,Successful,Mbarara,Web,4,0,0,0
TXN007601,CUST01909,36619.13,Mobile Money,Successful,Mbarara,iPhone,0,12,1,0
TXN007602,CUST00733,372011.79,Card,Successful,Mbale,Web,10,0,0,0
TXN007603,CUST00423,356085.1,Card,Successful,Gulu,iPhone,8,0,0,0
TXN007604,CUST00572,29686.28,Bank Transfer,Successful,Jinja,Android,6,0,0,0
TXN007605,CUST01634,280354.9,Bank Transfer,Successful,Gulu,Web,1,12,1,0
TXN007606,CUST00171,42795.74,Bank Transfer,Successful,Gulu,Web,16,0,0,0
TXN007607,CUST01406,451921.01,Bank Transfer,Successful,Mbale,iPhone,15,12,1,0
TXN007608,CUST00173,453605.15,Mobile Money,Successful,Mbale,Web,15,0,0,0
TXN007609,CUST00663,349267.38,Card,Successful,Mbale,Android,13,0,0,0
TXN007610,CUST00453,463131.37,Card,Suspicious,Kampala,Android,1,52,1,1
TXN007611,CUST00350,405820.79,Bank Transfer,Successful,Kampala,Web,18,12,1,0
TXN007612,CUST01926,414355.02,Card,Suspicious,Jinja,iPhone,2,40,0,1
TXN007613,CUST01976,285069.07,Card,Successful,Jinja,Android,7,0,0,0
TXN007614,CUST01658,153376.57,Card,Successful,Mbale,Web,20,0,0,0
TXN007615,CUST00494,109290.66,Bank Transfer,Failed,Mbarara,iPhone,18,36,3,0
TXN007616,CUST00620,163936.41,Card,Successful,Jinja,iPhone,15,0,0,0
TXN007617,CUST01028,314433.47,Card,Successful,Kampala,Android,21,0,0,0
TXN007618,CUST01117,86741.94,Card,Successful,Kampala,Web,3,12,1,0
TXN007619,CUST00919,129690.8,Mobile Money,Failed,Gulu,Android,7,24,2,0
TXN007620,CUST00006,234296.4,Mobile Money,Successful,Mbale,iPhone,0,12,1,0
TXN007621,CUST00288,116908.52,Card,Successful,Mbarara,Android,3,0,0,0
TXN007622,CUST01642,294527.51,Card,Successful,Mbale,Web,6,12,1,0
TXN007623,CUST01170,461626.43,Card,Suspicious,Kampala,Android,0,40,0,1
TXN007624,CUST01807,374170.64,Card,Successful,Mbarara,iPhone,23,0,0,0
TXN007625,CUST01448,333380.09,Card,Successful,Jinja,Android,17,0,0,0
TXN007626,CUST01914,291569.38,Card,Failed,Gulu,iPhone,3,24,2,0
TXN007627,CUST00608,244229.98,Mobile Money,Successful,Kampala,iPhone,19,12,1,0
TXN007628,CUST00457,93688.65,Bank Transfer,Successful,Gulu,iPhone,13,0,0,0
TXN007629,CUST01765,447407.87,Card,Successful,Mbale,Android,7,0,0,0
TXN007630,CUST01226,124643.73,Card,Successful,Mbarara,Web,17,0,0,0
TXN007631,CUST01236,46108.78,Card,Successful,Mbale,iPhone,6,0,0,0
TXN007632,CUST01030,375132.58,Bank Transfer,Failed,Gulu,Android,2,24,2,0
TXN007633,CUST00624,88219.96,Card,Successful,Kampala,iPhone,20,0,0,0
TXN007634,CUST00376,186262.05,Card,Successful,Gulu,Android,13,0,0,0
TXN007635,CUST01915,14628.32,Bank Transfer,Successful,Kampala,iPhone,11,0,0,0
TXN007636,CUST00447,68965.44,Card,Successful,Gulu,Android,14,0,0,0
TXN007637,CUST00835,87015.21,Bank Transfer,Successful,Mbale,iPhone,7,12,1,0
TXN007638,CUST01130,27677.86,Bank Transfer,Successful,Gulu,iPhone,4,0,0,0
TXN007639,CUST01675,328500.15,Card,Successful,Jinja,iPhone,16,0,0,0
TXN007640,CUST00811,418585.39,Mobile Money,Successful,Mbale,Web,9,12,1,0
TXN007641,CUST01425,186971.05,Mobile Money,Successful,Gulu,Android,10,0,0,0
TXN007642,CUST01120,437350.95,Card,Successful,Gulu,Web,22,0,0,0
TXN007643,CUST01412,107066.61,Bank Transfer,Successful,Mbarara,Android,15,0,0,0
TXN007644,CUST00959,163032.52,Bank Transfer,Successful,Mbale,iPhone,15,12,1,0
TXN007645,CUST01476,75793.13,Bank Transfer,Successful,Mbarara,Android,3,12,1,0
TXN007646,CUST00849,310469.32,Card,Successful,Mbale,Android,22,0,0,0
TXN007647,CUST00809,210224.86,Mobile Money,Failed,Kampala,iPhone,4,24,2,0
TXN007648,CUST00979,306835.03,Bank Transfer,Successful,Mbale,iPhone,9,0,0,0
TXN007649,CUST01925,380956.62,Bank Transfer,Successful,Mbale,iPhone,13,0,0,0
TXN007650,CUST00416,273078.66,Card,Failed,Gulu,Android,8,24,2,0
TXN007651,CUST00726,314001.36,Mobile Money,Successful,Jinja,iPhone,17,0,0,0
TXN007652,CUST01528,467657.53,Mobile Money,Successful,Mbale,iPhone,19,0,0,0
TXN007653,CUST00454,149882.62,Card,Successful,Mbarara,Android,5,12,1,0
TXN007654,CUST01315,179902.39,Mobile Money,Successful,Jinja,Web,10,0,0,0
TXN007655,CUST01558,358992.83,Card,Successful,Mbale,Android,20,12,1,0
TXN007656,CUST01217,305847.11,Bank Transfer,Successful,Jinja,Android,16,0,0,0
TXN007657,CUST00150,89677.19,Card,Successful,Kampala,Android,8,0,0,0
TXN007658,CUST01904,188385.58,Bank Transfer,Successful,Jinja,iPhone,2,0,0,0
TXN007659,CUST00759,234185.09,Card,Successful,Kampala,Android,15,0,0,0
TXN007660,CUST00779,209985.22,Bank Transfer,Successful,Jinja,Web,19,0,0,0
TXN007661,CUST00973,89548.27,Bank Transfer,Successful,Jinja,Android,3,0,0,0
TXN007662,CUST00763,462252.83,Card,Successful,Mbarara,Android,23,0,0,0
TXN007663,CUST01002,381278.22,Bank Transfer,Successful,Mbarara,iPhone,21,0,0,0
TXN007664,CUST01539,240937.24,Mobile Money,Successful,Gulu,iPhone,14,0,0,0
TXN007665,CUST01417,340190.48,Card,Successful,Jinja,Web,1,0,0,0
TXN007666,CUST01340,448692.69,Mobile Money,Successful,Kampala,Android,19,0,0,0
TXN007667,CUST00076,68518.98,Bank Transfer,Successful,Jinja,Android,16,0,0,0
TXN007668,CUST00599,125561.34,Bank Transfer,Successful,Mbale,Android,18,12,1,0
TXN007669,CUST01294,271579.27,Bank Transfer,Successful,Kampala,Android,19,12,1,0
TXN007670,CUST00225,399605.68,Card,Successful,Mbale,Android,15,12,1,0
TXN007671,CUST01554,18609.32,Bank Transfer,Successful,Gulu,Android,23,0,0,0
TXN007672,CUST00113,492017.07,Mobile Money,Successful,Mbale,iPhone,18,0,0,0
TXN007673,CUST00251,227725.85,Mobile Money,Successful,Gulu,Web,20,0,0,0
TXN007674,CUST01257,179935.95,Card,Successful,Gulu,Android,16,12,1,0
TXN007675,CUST00841,146715.86,Mobile Money,Successful,Gulu,Android,3,0,0,0
TXN007676,CUST01815,87591.18,Card,Successful,Mbale,iPhone,17,12,1,0
TXN007677,CUST00714,395891.17,Card,Successful,Gulu,Android,3,12,1,0
TXN007678,CUST01107,477729.38,Bank Transfer,Successful,Gulu,iPhone,20,0,0,0
TXN007679,CUST00125,207115.56,Mobile Money,Successful,Mbarara,Web,2,0,0,0
TXN007680,CUST01199,476234.14,Mobile Money,Successful,Jinja,Android,21,0,0,0
TXN007681,CUST01093,411986.91,Mobile Money,Successful,Gulu,Web,17,0,0,0
TXN007682,CUST01071,240785.04,Bank Transfer,Successful,Kampala,Android,20,0,0,0
TXN007683,CUST00884,337176.08,Card,Successful,Kampala,Web,19,12,1,0
TXN007684,CUST01280,217774.6,Mobile Money,Successful,Mbarara,Web,4,12,1,0
TXN007685,CUST01751,279582.34,Mobile Money,Successful,Mbale,Android,8,0,0,0
TXN007686,CUST00030,29494.15,Mobile Money,Successful,Mbale,Web,21,0,0,0
TXN007687,CUST00281,348283.61,Mobile Money,Successful,Mbale,iPhone,22,12,1,0
TXN007688,CUST00924,26885.91,Bank Transfer,Successful,Gulu,iPhone,23,12,1,0
TXN007689,CUST01261,408633.93,Card,Successful,Mbale,Web,14,0,0,0
TXN007690,CUST01272,412560.99,Mobile Money,Successful,Mbale,Web,8,12,1,0
TXN007691,CUST00368,118920.11,Mobile Money,Successful,Jinja,iPhone,13,0,0,0
TXN007692,CUST00495,162169.56,Card,Successful,Gulu,Android,20,0,0,0
TXN007693,CUST01049,240914.53,Bank Transfer,Failed,Gulu,iPhone,23,24,2,0
TXN007694,CUST01610,298533.12,Bank Transfer,Successful,Kampala,Web,1,0,0,0
TXN007695,CUST00718,144033.15,Bank Transfer,Successful,Kampala,iPhone,17,0,0,0
TXN007696,CUST01514,296446.96,Bank Transfer,Successful,Jinja,Android,12,0,0,0
TXN007697,CUST01017,149244.64,Mobile Money,Successful,Mbarara,iPhone,20,12,1,0
TXN007698,CUST01518,28217.62,Card,Successful,Gulu,Android,15,0,0,0
TXN007699,CUST01338,1762.51,Card,Successful,Kampala,Web,5,12,1,0
TXN007700,CUST00606,51024.95,Card,Successful,Mbale,iPhone,15,0,0,0
TXN007701,CUST00375,396229.22,Bank Transfer,Successful,Gulu,iPhone,3,12,1,0
TXN007702,CUST00639,480734.94,Bank Transfer,Successful,Gulu,Android,23,0,0,0
TXN007703,CUST01961,213769.62,Card,Successful,Gulu,iPhone,9,12,1,0
TXN007704,CUST01049,256585.63,Mobile Money,Successful,Kampala,iPhone,18,12,1,0
TXN007705,CUST01358,73850.66,Bank Transfer,Successful,Jinja,Android,10,12,1,0
TXN007706,CUST01379,275740.16,Mobile Money,Failed,Kampala,iPhone,4,24,2,0
TXN007707,CUST00116,72755.12,Card,Successful,Mbale,Android,17,0,0,0
TXN007708,CUST00048,305801.56,Bank Transfer,Successful,Mbale,Web,2,0,0,0
TXN007709,CUST01762,466662.7,Mobile Money,Successful,Mbarara,iPhone,7,12,1,0
TXN007710,CUST01802,98251.42,Bank Transfer,Successful,Kampala,Android,10,0,0,0
TXN007711,CUST00099,382399.58,Card,Failed,Kampala,Android,20,24,2,0
TXN007712,CUST01483,12239.46,Card,Successful,Mbarara,iPhone,18,12,1,0
TXN007713,CUST01547,188060.87,Card,Successful,Mbarara,Android,20,12,1,0
TXN007714,CUST01621,55818.88,Mobile Money,Successful,Gulu,Web,2,0,0,0
TXN007715,CUST00405,176561.48,Bank Transfer,Successful,Gulu,Web,11,12,1,0
TXN007716,CUST01238,87181.69,Bank Transfer,Successful,Mbale,iPhone,14,0,0,0
TXN007717,CUST00685,186965.84,Bank Transfer,Successful,Jinja,Web,22,12,1,0
TXN007718,CUST00903,209052.64,Card,Successful,Mbale,iPhone,23,0,0,0
TXN007719,CUST00503,150645.27,Mobile Money,Successful,Kampala,iPhone,15,12,1,0
TXN007720,CUST01745,328482.66,Card,Successful,Jinja,Android,4,12,1,0
TXN007721,CUST01472,459466.6,Card,Successful,Gulu,Android,18,0,0,0
TXN007722,CUST00894,200597.39,Mobile Money,Successful,Mbarara,Android,5,0,0,0
TXN007723,CUST01600,96575.41,Card,Successful,Mbarara,Android,11,0,0,0
TXN007724,CUST00258,135726.02,Card,Successful,Mbale,iPhone,18,0,0,0
TXN007725,CUST00844,427073.41,Bank Transfer,Successful,Kampala,Android,8,0,0,0
TXN007726,CUST00121,286034.04,Mobile Money,Failed,Kampala,Android,17,24,2,0
TXN007727,CUST00810,227778.01,Mobile Money,Successful,Mbarara,Web,2,0,0,0
TXN007728,CUST00978,75243.54,Bank Transfer,Successful,Mbale,iPhone,22,0,0,0
TXN007729,CUST00054,225138.79,Mobile Money,Successful,Mbale,Web,13,0,0,0
TXN007730,CUST01019,139606.76,Bank Transfer,Successful,Gulu,Web,23,12,1,0
TXN007731,CUST01355,471609.98,Card,Successful,Gulu,Web,20,12,1,0
TXN007732,CUST00784,442093.02,Mobile Money,Suspicious,Gulu,Android,4,52,1,1
TXN007733,CUST00241,42409.32,Mobile Money,Successful,Jinja,iPhone,4,0,0,0
TXN007734,CUST01779,258568.42,Card,Successful,Mbale,Web,3,0,0,0
TXN007735,CUST01554,112916.64,Card,Successful,Mbale,Web,21,12,1,0
TXN007736,CUST00483,205683.16,Mobile Money,Successful,Gulu,iPhone,15,0,0,0
TXN007737,CUST01013,438485.58,Mobile Money,Successful,Mbarara,Android,12,0,0,0
TXN007738,CUST00187,263993.5,Mobile Money,Successful,Gulu,Web,7,0,0,0
TXN007739,CUST01882,167440.54,Bank Transfer,Successful,Jinja,iPhone,23,0,0,0
TXN007740,CUST00656,104340.23,Mobile Money,Successful,Mbarara,Android,20,0,0,0
TXN007741,CUST00262,400262.27,Mobile Money,Successful,Mbale,Android,15,12,1,0
TXN007742,CUST00953,312446.75,Card,Successful,Jinja,Android,1,0,0,0
TXN007743,CUST01388,234298.7,Card,Successful,Jinja,Android,7,0,0,0
TXN007744,CUST00491,109133.43,Bank Transfer,Successful,Mbarara,Android,2,0,0,0
TXN007745,CUST00431,167456.06,Card,Failed,Gulu,iPhone,22,24,2,0
TXN007746,CUST00239,479941.79,Mobile Money,Successful,Gulu,Android,8,0,0,0
TXN007747,CUST00304,260284.92,Mobile Money,Successful,Kampala,Web,10,0,0,0
TXN007748,CUST00298,200649.29,Bank Transfer,Successful,Mbarara,iPhone,20,0,0,0
TXN007749,CUST00076,260950.31,Card,Successful,Gulu,Web,23,0,0,0
TXN007750,CUST01724,389604.76,Card,Successful,Jinja,Web,19,0,0,0
TXN007751,CUST01357,170384.41,Card,Successful,Gulu,Android,0,12,1,0
TXN007752,CUST01924,89763.71,Bank Transfer,Successful,Gulu,Android,0,0,0,0
TXN007753,CUST00999,292675.59,Card,Failed,Jinja,iPhone,21,24,2,0
TXN007754,CUST01782,332769.45,Card,Successful,Mbarara,iPhone,7,0,0,0
TXN007755,CUST00642,356502.64,Card,Successful,Kampala,Web,15,12,1,0
TXN007756,CUST01498,441052.8,Mobile Money,Successful,Gulu,Android,9,12,1,0
TXN007757,CUST00827,185901.47,Bank Transfer,Successful,Gulu,Android,1,0,0,0
TXN007758,CUST01947,38139.77,Mobile Money,Successful,Gulu,Web,15,0,0,0
TXN007759,CUST00283,479195.12,Bank Transfer,Suspicious,Mbarara,Android,3,40,0,1
TXN007760,CUST00591,217788.46,Card,Successful,Jinja,iPhone,18,12,1,0
TXN007761,CUST00072,311817.13,Mobile Money,Successful,Jinja,Web,8,12,1,0
TXN007762,CUST01287,333319.51,Card,Failed,Jinja,Android,2,24,2,0
TXN007763,CUST00703,273483.6,Card,Successful,Jinja,Web,10,0,0,0
TXN007764,CUST01903,103026.14,Bank Transfer,Successful,Jinja,Android,7,12,1,0
TXN007765,CUST01911,377693.95,Card,Successful,Jinja,Android,6,0,0,0
TXN007766,CUST01966,401974.11,Mobile Money,Suspicious,Gulu,Android,0,40,0,1
TXN007767,CUST00575,276711.31,Bank Transfer,Successful,Gulu,iPhone,7,12,1,0
TXN007768,CUST01000,244536.3,Bank Transfer,Successful,Jinja,Web,23,0,0,0
TXN007769,CUST00892,57412.12,Mobile Money,Successful,Jinja,iPhone,16,0,0,0
TXN007770,CUST00012,42433.85,Card,Successful,Mbarara,iPhone,10,0,0,0
TXN007771,CUST00141,170112.64,Card,Successful,Mbarara,Web,6,12,1,0
TXN007772,CUST01790,155767.65,Card,Successful,Mbale,Web,8,0,0,0
TXN007773,CUST01579,476851.4,Card,Successful,Gulu,Android,13,12,1,0
TXN007774,CUST00017,391919.56,Card,Successful,Jinja,Android,4,0,0,0
TXN007775,CUST01087,330132.19,Bank Transfer,Successful,Gulu,Web,17,0,0,0
TXN007776,CUST00253,259065.22,Bank Transfer,Successful,Mbale,Android,23,0,0,0
TXN007777,CUST00465,84100.08,Mobile Money,Failed,Mbarara,Android,22,24,2,0
TXN007778,CUST00376,489239.11,Card,Successful,Mbale,Web,12,12,1,0
TXN007779,CUST01828,187832.83,Card,Successful,Kampala,iPhone,4,0,0,0
TXN007780,CUST00981,53909.34,Card,Successful,Mbarara,Web,7,0,0,0
TXN007781,CUST00520,247152.55,Mobile Money,Successful,Gulu,Web,14,12,1,0
TXN007782,CUST01861,437062.01,Card,Successful,Mbarara,iPhone,21,0,0,0
TXN007783,CUST00090,443701.86,Bank Transfer,Suspicious,Mbale,Android,3,40,0,1
TXN007784,CUST00720,5977.48,Card,Successful,Jinja,iPhone,0,12,1,0
TXN007785,CUST00804,443204.72,Mobile Money,Successful,Mbale,iPhone,5,12,1,0
TXN007786,CUST00796,136106.37,Bank Transfer,Successful,Mbale,Web,23,0,0,0
TXN007787,CUST00630,19966.7,Bank Transfer,Successful,Jinja,Android,18,0,0,0
TXN007788,CUST01885,423971.24,Bank Transfer,Successful,Gulu,Android,11,0,0,0
TXN007789,CUST01199,432001.44,Card,Successful,Gulu,iPhone,6,0,0,0
TXN007790,CUST00076,298317.42,Mobile Money,Successful,Mbarara,Web,12,0,0,0
TXN007791,CUST01637,287429.66,Mobile Money,Successful,Mbale,iPhone,6,12,1,0
TXN007792,CUST00926,406653.58,Card,Successful,Mbarara,Android,8,12,1,0
TXN007793,CUST01687,393261.62,Mobile Money,Successful,Jinja,Android,0,12,1,0
TXN007794,CUST00400,445107.68,Bank Transfer,Successful,Kampala,Web,20,12,1,0
TXN007795,CUST01806,276597.35,Bank Transfer,Successful,Gulu,Web,23,0,0,0
TXN007796,CUST00970,483839.72,Mobile Money,Successful,Jinja,iPhone,12,0,0,0
TXN007797,CUST01095,498075.34,Mobile Money,Successful,Gulu,Web,18,0,0,0
TXN007798,CUST01204,58714.03,Card,Successful,Mbarara,iPhone,20,0,0,0
TXN007799,CUST01148,424847.11,Card,Suspicious,Kampala,Web,0,64,2,1
TXN007800,CUST01405,250161.22,Card,Successful,Mbale,iPhone,19,0,0,0
TXN007801,CUST01317,194089.39,Card,Successful,Gulu,Android,20,12,1,0
TXN007802,CUST00797,306729.62,Card,Successful,Mbale,Android,18,0,0,0
TXN007803,CUST00195,28454.8,Card,Successful,Mbarara,Android,17,12,1,0
TXN007804,CUST01935,253477.33,Bank Transfer,Successful,Gulu,Android,22,0,0,0
TXN007805,CUST00228,435509.84,Mobile Money,Suspicious,Mbarara,Android,4,64,2,1
TXN007806,CUST01455,107124.03,Card,Successful,Mbale,Android,2,12,1,0
TXN007807,CUST01966,213481.75,Bank Transfer,Successful,Mbarara,Web,1,12,1,0
TXN007808,CUST01460,469770.7,Mobile Money,Failed,Mbarara,Web,21,24,2,0
TXN007809,CUST01811,214567.64,Mobile Money,Failed,Mbarara,Web,9,24,2,0
TXN007810,CUST00461,179504.63,Mobile Money,Failed,Jinja,iPhone,5,24,2,0
TXN007811,CUST00618,220548.06,Card,Successful,Jinja,Web,18,0,0,0
TXN007812,CUST01045,259966.66,Card,Successful,Gulu,Web,16,0,0,0
TXN007813,CUST00064,316179.68,Card,Successful,Mbarara,iPhone,18,0,0,0
TXN007814,CUST00165,400446.05,Mobile Money,Successful,Mbarara,iPhone,12,0,0,0
TXN007815,CUST00027,226325.05,Mobile Money,Successful,Mbarara,Android,16,0,0,0
TXN007816,CUST01335,408831.73,Bank Transfer,Suspicious,Jinja,Web,22,88,4,1
TXN007817,CUST01012,267093.47,Bank Transfer,Successful,Mbale,Web,17,12,1,0
TXN007818,CUST00285,169571.01,Bank Transfer,Successful,Mbarara,iPhone,10,0,0,0
TXN007819,CUST01684,329146.44,Bank Transfer,Successful,Kampala,Android,19,0,0,0
TXN007820,CUST00281,359002.27,Mobile Money,Successful,Gulu,Web,19,0,0,0
TXN007821,CUST00838,279245.46,Card,Successful,Jinja,iPhone,12,0,0,0
TXN007822,CUST00831,28779.18,Card,Successful,Mbale,iPhone,23,0,0,0
TXN007823,CUST01188,85356.5,Card,Successful,Kampala,Web,10,12,1,0
TXN007824,CUST01922,143006.21,Card,Successful,Mbarara,iPhone,19,0,0,0
TXN007825,CUST00918,141671.49,Bank Transfer,Successful,Jinja,iPhone,18,12,1,0
TXN007826,CUST00224,336873.69,Mobile Money,Successful,Mbarara,Web,9,12,1,0
TXN007827,CUST00784,9665.16,Card,Successful,Gulu,Android,2,0,0,0
TXN007828,CUST01170,377963.05,Mobile Money,Successful,Jinja,Web,20,0,0,0
TXN007829,CUST00965,133038.57,Bank Transfer,Successful,Kampala,Android,5,0,0,0
TXN007830,CUST00950,155355.91,Bank Transfer,Successful,Mbale,iPhone,6,0,0,0
TXN007831,CUST01892,264190.96,Card,Successful,Mbale,Web,20,0,0,0
TXN007832,CUST01054,108354.84,Card,Successful,Gulu,Web,22,12,1,0
TXN007833,CUST00045,442293.42,Bank Transfer,Successful,Mbale,Android,19,0,0,0
TXN007834,CUST01811,43141.71,Bank Transfer,Successful,Mbale,iPhone,4,12,1,0
TXN007835,CUST00471,222468.99,Mobile Money,Successful,Gulu,Web,21,0,0,0
TXN007836,CUST00034,424786.42,Bank Transfer,Successful,Kampala,Web,8,0,0,0
TXN007837,CUST00653,308114.03,Mobile Money,Successful,Jinja,iPhone,21,0,0,0
TXN007838,CUST01451,146518.59,Bank Transfer,Successful,Jinja,Android,9,12,1,0
TXN007839,CUST00830,210669.72,Mobile Money,Successful,Gulu,Web,13,12,1,0
TXN007840,CUST01910,353493.84,Bank Transfer,Successful,Mbarara,iPhone,10,0,0,0
TXN007841,CUST00221,486643.74,Bank Transfer,Successful,Gulu,Web,16,0,0,0
TXN007842,CUST01892,446622.79,Mobile Money,Successful,Gulu,Web,10,12,1,0
TXN007843,CUST00534,171545.19,Mobile Money,Successful,Gulu,Web,6,12,1,0
TXN007844,CUST00692,499099.84,Card,Successful,Gulu,Android,10,0,0,0
TXN007845,CUST01972,2250.58,Card,Successful,Mbale,iPhone,12,12,1,0
TXN007846,CUST01391,14301.06,Bank Transfer,Successful,Mbale,Web,18,12,1,0
TXN007847,CUST00932,412008.34,Bank Transfer,Successful,Kampala,Web,5,0,0,0
TXN007848,CUST00841,100131.61,Mobile Money,Failed,Gulu,Web,1,24,2,0
TXN007849,CUST01767,30854.25,Bank Transfer,Failed,Jinja,Android,13,24,2,0
TXN007850,CUST01011,118955.46,Card,Successful,Mbarara,Web,15,0,0,0
TXN007851,CUST01939,213337.03,Mobile Money,Successful,Mbale,iPhone,6,12,1,0
TXN007852,CUST01574,365417.85,Bank Transfer,Successful,Jinja,Android,0,0,0,0
TXN007853,CUST00582,312355.6,Mobile Money,Successful,Mbale,iPhone,1,12,1,0
TXN007854,CUST01140,119191.8,Card,Successful,Kampala,Web,8,0,0,0
TXN007855,CUST00239,251883.59,Card,Successful,Mbarara,Web,22,0,0,0
TXN007856,CUST01359,463143.95,Card,Successful,Mbale,Android,17,0,0,0
TXN007857,CUST00441,407596.38,Bank Transfer,Successful,Mbarara,Web,20,12,1,0
TXN007858,CUST00148,161933.3,Bank Transfer,Successful,Mbarara,iPhone,19,0,0,0
TXN007859,CUST01033,491141.15,Bank Transfer,Successful,Jinja,iPhone,17,0,0,0
TXN007860,CUST01312,354455.89,Bank Transfer,Failed,Mbale,iPhone,17,24,2,0
TXN007861,CUST00388,31693.45,Bank Transfer,Successful,Mbarara,Web,9,0,0,0
TXN007862,CUST01074,18062.78,Bank Transfer,Successful,Gulu,Web,7,12,1,0
TXN007863,CUST01874,84619.77,Card,Successful,Mbarara,Android,20,0,0,0
TXN007864,CUST01541,364064.01,Card,Successful,Mbarara,Android,7,0,0,0
TXN007865,CUST00916,92277.59,Bank Transfer,Successful,Mbale,iPhone,1,0,0,0
TXN007866,CUST01879,255987.64,Card,Successful,Gulu,iPhone,17,0,0,0
TXN007867,CUST00638,47083.43,Mobile Money,Successful,Mbarara,Android,10,0,0,0
TXN007868,CUST01611,460482.64,Bank Transfer,Successful,Mbale,Android,10,0,0,0
TXN007869,CUST01701,172308.33,Mobile Money,Successful,Mbale,iPhone,18,12,1,0
TXN007870,CUST00278,454111.96,Bank Transfer,Successful,Mbarara,Android,10,12,1,0
TXN007871,CUST01978,472465.38,Bank Transfer,Successful,Kampala,Web,9,0,0,0
TXN007872,CUST01860,3561.26,Card,Successful,Kampala,Web,7,0,0,0
TXN007873,CUST00989,232335.53,Mobile Money,Successful,Jinja,Android,14,0,0,0
TXN007874,CUST01324,12815.7,Card,Failed,Kampala,Android,7,24,2,0
TXN007875,CUST01826,454392.04,Bank Transfer,Successful,Kampala,Web,18,0,0,0
TXN007876,CUST00589,259444.57,Mobile Money,Successful,Mbale,Web,0,0,0,0
TXN007877,CUST01834,37934.53,Bank Transfer,Successful,Mbale,iPhone,22,0,0,0
TXN007878,CUST00649,55583.23,Card,Successful,Mbarara,Android,19,12,1,0
TXN007879,CUST00618,192062.76,Bank Transfer,Successful,Mbarara,Web,2,0,0,0
TXN007880,CUST01631,470146.98,Bank Transfer,Successful,Mbale,Android,20,0,0,0
TXN007881,CUST00135,346608.12,Card,Successful,Mbarara,Web,11,0,0,0
TXN007882,CUST00580,433875.62,Bank Transfer,Successful,Mbale,Web,15,12,1,0
TXN007883,CUST01171,183545.09,Mobile Money,Successful,Kampala,Android,21,0,0,0
TXN007884,CUST00490,22085.24,Card,Successful,Mbarara,iPhone,15,12,1,0
TXN007885,CUST00478,487171.66,Bank Transfer,Successful,Kampala,Web,16,0,0,0
TXN007886,CUST01183,9077.91,Card,Successful,Jinja,Android,15,0,0,0
TXN007887,CUST00384,473852.0,Bank Transfer,Failed,Mbarara,Web,8,36,3,0
TXN007888,CUST00163,184654.37,Card,Successful,Mbale,Android,21,0,0,0
TXN007889,CUST00441,5540.16,Card,Successful,Mbale,Android,18,0,0,0
TXN007890,CUST01877,344734.04,Mobile Money,Successful,Jinja,Web,0,12,1,0
TXN007891,CUST01213,490279.88,Card,Successful,Mbale,iPhone,17,0,0,0
TXN007892,CUST00415,482830.05,Mobile Money,Successful,Kampala,Web,5,12,1,0
TXN007893,CUST01363,80888.04,Card,Successful,Mbale,Web,5,0,0,0
TXN007894,CUST01631,91033.28,Card,Successful,Jinja,iPhone,11,12,1,0
TXN007895,CUST01205,282986.69,Bank Transfer,Successful,Gulu,iPhone,2,0,0,0
TXN007896,CUST00288,318833.76,Bank Transfer,Successful,Gulu,Android,10,0,0,0
TXN007897,CUST01858,369839.25,Bank Transfer,Successful,Kampala,Android,5,0,0,0
TXN007898,CUST00187,90934.66,Card,Successful,Gulu,iPhone,13,0,0,0
TXN007899,CUST01908,479524.04,Card,Successful,Mbale,iPhone,17,0,0,0
TXN007900,CUST01162,319550.26,Mobile Money,Successful,Jinja,Web,15,12,1,0
TXN007901,CUST00130,423599.94,Mobile Money,Successful,Kampala,iPhone,23,12,1,0
TXN007902,CUST00194,270262.82,Mobile Money,Successful,Gulu,Web,12,12,1,0
TXN007903,CUST00316,207431.29,Bank Transfer,Successful,Mbale,Web,0,0,0,0
TXN007904,CUST01809,488602.86,Bank Transfer,Failed,Mbale,Web,5,24,2,0
TXN007905,CUST01888,291269.62,Mobile Money,Successful,Mbarara,iPhone,13,12,1,0
TXN007906,CUST00144,433503.35,Card,Successful,Mbarara,iPhone,16,12,1,0
TXN007907,CUST00016,476669.55,Bank Transfer,Failed,Jinja,Web,12,24,2,0
TXN007908,CUST01326,337839.64,Bank Transfer,Successful,Kampala,iPhone,12,12,1,0
TXN007909,CUST00423,274694.87,Mobile Money,Successful,Gulu,Android,8,0,0,0
TXN007910,CUST00245,2253.67,Bank Transfer,Successful,Gulu,Android,5,0,0,0
TXN007911,CUST00927,20489.81,Mobile Money,Successful,Mbale,Web,5,0,0,0
TXN007912,CUST01131,100825.18,Bank Transfer,Successful,Gulu,iPhone,4,0,0,0
TXN007913,CUST01112,93411.21,Card,Successful,Jinja,Android,20,0,0,0
TXN007914,CUST00129,127752.02,Card,Successful,Mbarara,Web,13,12,1,0
TXN007915,CUST00907,152814.85,Bank Transfer,Successful,Mbale,Android,13,0,0,0
TXN007916,CUST00887,180352.71,Mobile Money,Successful,Kampala,Web,3,12,1,0
TXN007917,CUST00341,210558.58,Bank Transfer,Successful,Mbale,Web,1,0,0,0
TXN007918,CUST00004,49883.74,Mobile Money,Successful,Gulu,Web,1,12,1,0
TXN007919,CUST01351,21659.79,Bank Transfer,Successful,Jinja,Android,16,0,0,0
TXN007920,CUST01434,337135.25,Card,Successful,Kampala,Web,9,0,0,0
TXN007921,CUST01903,268898.75,Card,Successful,Mbale,Web,13,12,1,0
TXN007922,CUST00306,222350.03,Bank Transfer,Successful,Gulu,Android,18,0,0,0
TXN007923,CUST00908,317402.75,Bank Transfer,Successful,Mbale,Web,16,0,0,0
TXN007924,CUST00607,413925.86,Bank Transfer,Successful,Kampala,Android,21,12,1,0
TXN007925,CUST01745,214132.61,Card,Successful,Gulu,Web,10,0,0,0
TXN007926,CUST01249,320739.17,Card,Successful,Mbarara,iPhone,6,0,0,0
TXN007927,CUST01995,476809.33,Mobile Money,Successful,Kampala,iPhone,8,0,0,0
TXN007928,CUST01372,419892.44,Bank Transfer,Successful,Mbarara,Android,13,0,0,0
TXN007929,CUST00992,213287.4,Bank Transfer,Successful,Mbarara,Web,22,0,0,0
TXN007930,CUST00321,322536.06,Card,Successful,Gulu,Android,3,12,1,0
TXN007931,CUST00559,88946.93,Bank Transfer,Successful,Mbale,Web,13,0,0,0
TXN007932,CUST01205,280480.83,Mobile Money,Successful,Mbale,Android,19,12,1,0
TXN007933,CUST00618,490673.48,Bank Transfer,Successful,Jinja,iPhone,23,12,1,0
TXN007934,CUST00711,259398.4,Card,Failed,Kampala,Android,19,24,2,0
TXN007935,CUST01410,463855.33,Bank Transfer,Successful,Kampala,iPhone,16,0,0,0
TXN007936,CUST01642,203963.79,Card,Successful,Gulu,iPhone,18,0,0,0
TXN007937,CUST01816,499422.99,Mobile Money,Successful,Gulu,iPhone,16,12,1,0
TXN007938,CUST01796,289820.41,Mobile Money,Failed,Jinja,Android,13,24,2,0
TXN007939,CUST01132,21613.36,Bank Transfer,Successful,Jinja,Android,12,12,1,0
TXN007940,CUST00531,293584.02,Bank Transfer,Successful,Mbarara,iPhone,13,0,0,0
TXN007941,CUST00410,137649.06,Card,Successful,Jinja,Android,15,0,0,0
TXN007942,CUST01995,16724.42,Mobile Money,Successful,Mbale,Web,20,0,0,0
TXN007943,CUST01320,410516.23,Mobile Money,Successful,Mbarara,iPhone,14,0,0,0
TXN007944,CUST00818,138226.95,Mobile Money,Successful,Jinja,Web,18,0,0,0
TXN007945,CUST01195,398376.0,Mobile Money,Successful,Mbale,iPhone,21,12,1,0
TXN007946,CUST01355,144464.68,Bank Transfer,Failed,Mbale,Web,10,24,2,0
TXN007947,CUST00493,97566.01,Bank Transfer,Successful,Mbarara,iPhone,11,0,0,0
TXN007948,CUST01219,486980.82,Card,Successful,Mbarara,iPhone,10,0,0,0
TXN007949,CUST00012,181141.84,Mobile Money,Successful,Mbale,iPhone,22,0,0,0
TXN007950,CUST00195,300887.42,Bank Transfer,Successful,Gulu,Android,4,0,0,0
TXN007951,CUST00490,305185.76,Bank Transfer,Successful,Mbarara,Web,7,12,1,0
TXN007952,CUST00795,280456.5,Mobile Money,Successful,Kampala,iPhone,5,12,1,0
TXN007953,CUST00881,457390.52,Bank Transfer,Successful,Gulu,Android,15,12,1,0
TXN007954,CUST00182,337383.32,Card,Successful,Kampala,iPhone,11,0,0,0
TXN007955,CUST00962,202164.64,Card,Successful,Jinja,Web,5,0,0,0
TXN007956,CUST01841,431259.0,Mobile Money,Successful,Mbarara,iPhone,12,12,1,0
TXN007957,CUST00656,90940.92,Card,Failed,Mbarara,Android,6,24,2,0
TXN007958,CUST01922,272346.26,Bank Transfer,Successful,Mbale,iPhone,7,0,0,0
TXN007959,CUST01340,475299.91,Card,Failed,Mbarara,iPhone,11,24,2,0
TXN007960,CUST00694,312886.12,Bank Transfer,Successful,Kampala,iPhone,1,0,0,0
TXN007961,CUST00030,408575.74,Mobile Money,Successful,Gulu,iPhone,22,0,0,0
TXN007962,CUST01620,326953.58,Mobile Money,Successful,Jinja,Android,8,12,1,0
TXN007963,CUST01702,419765.75,Bank Transfer,Successful,Gulu,iPhone,12,0,0,0
TXN007964,CUST01820,472271.7,Bank Transfer,Successful,Kampala,Web,16,0,0,0
TXN007965,CUST01817,136824.4,Card,Successful,Jinja,Web,12,0,0,0
TXN007966,CUST01120,85245.71,Bank Transfer,Failed,Mbale,iPhone,15,24,2,0
TXN007967,CUST01405,242253.38,Mobile Money,Successful,Mbarara,Android,0,0,0,0
TXN007968,CUST00778,351080.28,Bank Transfer,Successful,Mbarara,Web,6,0,0,0
TXN007969,CUST00444,113982.03,Card,Successful,Mbale,iPhone,12,0,0,0
TXN007970,CUST00298,2548.67,Card,Successful,Kampala,iPhone,13,12,1,0
TXN007971,CUST00808,171796.09,Bank Transfer,Successful,Mbale,Android,20,0,0,0
TXN007972,CUST01761,484445.24,Card,Successful,Kampala,iPhone,16,0,0,0
TXN007973,CUST00845,347636.25,Card,Successful,Jinja,Android,15,0,0,0
TXN007974,CUST01016,200962.06,Mobile Money,Successful,Gulu,Web,14,0,0,0
TXN007975,CUST01385,96691.76,Bank Transfer,Successful,Gulu,iPhone,16,12,1,0
TXN007976,CUST01398,178366.79,Mobile Money,Successful,Mbale,Android,1,0,0,0
TXN007977,CUST00554,85334.8,Mobile Money,Failed,Mbarara,iPhone,11,24,2,0
TXN007978,CUST00303,53599.76,Card,Successful,Mbale,iPhone,2,0,0,0
TXN007979,CUST00421,453417.82,Mobile Money,Successful,Mbarara,Web,8,0,0,0
TXN007980,CUST01270,498826.34,Bank Transfer,Successful,Mbale,iPhone,5,0,0,0
TXN007981,CUST01744,82475.16,Bank Transfer,Successful,Mbale,Android,5,12,1,0
TXN007982,CUST01261,27734.02,Bank Transfer,Successful,Gulu,Android,6,0,0,0
TXN007983,CUST01558,165200.69,Mobile Money,Failed,Mbarara,Android,7,24,2,0
TXN007984,CUST00185,231098.76,Bank Transfer,Successful,Gulu,iPhone,2,0,0,0
TXN007985,CUST00468,102808.21,Bank Transfer,Successful,Mbarara,iPhone,23,0,0,0
TXN007986,CUST00754,151061.74,Mobile Money,Successful,Jinja,Web,14,12,1,0
TXN007987,CUST00363,100834.93,Mobile Money,Successful,Jinja,iPhone,21,0,0,0
TXN007988,CUST01307,387243.15,Mobile Money,Successful,Jinja,Android,5,0,0,0
TXN007989,CUST01577,356432.68,Mobile Money,Successful,Kampala,Android,10,0,0,0
TXN007990,CUST00336,317658.28,Card,Successful,Gulu,Web,2,12,1,0
TXN007991,CUST00162,193915.32,Mobile Money,Failed,Gulu,Android,15,24,2,0
TXN007992,CUST01184,454565.95,Mobile Money,Successful,Jinja,Android,5,0,0,0
TXN007993,CUST01498,484781.5,Bank Transfer,Successful,Mbale,Android,10,0,0,0
TXN007994,CUST01625,87232.84,Bank Transfer,Successful,Gulu,Web,7,0,0,0
TXN007995,CUST01346,111894.81,Mobile Money,Successful,Mbarara,Web,22,0,0,0
TXN007996,CUST00012,263052.7,Mobile Money,Failed,Gulu,Android,9,24,2,0
TXN007997,CUST01448,46079.66,Mobile Money,Successful,Gulu,Android,9,0,0,0
TXN007998,CUST01097,218505.98,Bank Transfer,Successful,Mbarara,iPhone,22,0,0,0
TXN007999,CUST00588,291104.74,Bank Transfer,Failed,Jinja,iPhone,2,24,2,0
TXN008000,CUST01882,261275.75,Mobile Money,Successful,Jinja,Android,13,0,0,0
TXN008001,CUST00201,165788.84,Bank Transfer,Successful,Mbarara,iPhone,18,0,0,0
TXN008002,CUST00522,271451.68,Bank Transfer,Successful,Gulu,Android,20,12,1,0
TXN008003,CUST01888,479421.08,Mobile Money,Successful,Gulu,Android,20,0,0,0
TXN008004,CUST00505,103405.69,Bank Transfer,Successful,Jinja,iPhone,8,12,1,0
TXN008005,CUST01762,327588.26,Mobile Money,Successful,Kampala,Web,12,0,0,0
TXN008006,CUST01712,22176.65,Card,Successful,Jinja,Web,8,0,0,0
TXN008007,CUST00788,33674.99,Card,Successful,Mbarara,Web,20,12,1,0
TXN008008,CUST01063,276138.2,Card,Successful,Kampala,Android,11,0,0,0
TXN008009,CUST00060,52917.12,Bank Transfer,Failed,Kampala,Android,13,24,2,0
TXN008010,CUST00578,11662.22,Card,Successful,Mbarara,Web,4,12,1,0
TXN008011,CUST00321,86170.74,Bank Transfer,Failed,Mbale,Web,5,36,3,0
TXN008012,CUST01459,282642.16,Mobile Money,Successful,Jinja,Web,12,12,1,0
TXN008013,CUST01660,351818.81,Card,Successful,Gulu,Android,12,0,0,0
TXN008014,CUST01700,101638.04,Bank Transfer,Successful,Jinja,Android,23,0,0,0
TXN008015,CUST01432,334295.59,Card,Successful,Mbarara,iPhone,5,0,0,0
TXN008016,CUST00923,91646.93,Bank Transfer,Successful,Gulu,iPhone,13,0,0,0
TXN008017,CUST01410,306921.98,Bank Transfer,Successful,Mbale,iPhone,10,0,0,0
TXN008018,CUST01695,206273.86,Mobile Money,Successful,Mbarara,Web,12,0,0,0
TXN008019,CUST00569,327072.85,Bank Transfer,Successful,Jinja,Android,11,12,1,0
TXN008020,CUST01102,497528.85,Bank Transfer,Successful,Kampala,iPhone,15,0,0,0
TXN008021,CUST01218,468939.57,Card,Successful,Mbarara,iPhone,5,0,0,0
TXN008022,CUST01309,2638.74,Mobile Money,Successful,Mbarara,iPhone,8,0,0,0
TXN008023,CUST00527,442776.66,Bank Transfer,Successful,Jinja,iPhone,16,12,1,0
TXN008024,CUST00524,33712.15,Card,Successful,Mbale,Web,19,0,0,0
TXN008025,CUST00613,476546.77,Mobile Money,Successful,Jinja,Android,15,12,1,0
TXN008026,CUST01180,141271.93,Bank Transfer,Successful,Jinja,Android,11,0,0,0
TXN008027,CUST01364,191326.4,Card,Successful,Mbale,Android,17,0,0,0
TXN008028,CUST00125,46273.28,Mobile Money,Successful,Mbale,iPhone,8,0,0,0
TXN008029,CUST00871,56580.24,Mobile Money,Successful,Mbarara,Web,2,12,1,0
TXN008030,CUST00280,363506.91,Mobile Money,Successful,Kampala,Web,9,0,0,0
TXN008031,CUST00917,472193.95,Mobile Money,Successful,Jinja,Web,10,0,0,0
TXN008032,CUST01930,305568.87,Bank Transfer,Successful,Kampala,Android,1,0,0,0
TXN008033,CUST00622,358067.08,Bank Transfer,Successful,Mbale,Android,7,0,0,0
TXN008034,CUST00846,381103.89,Mobile Money,Successful,Mbale,Web,19,0,0,0
TXN008035,CUST01893,131775.73,Mobile Money,Successful,Jinja,iPhone,10,0,0,0
TXN008036,CUST01682,23092.2,Bank Transfer,Failed,Mbarara,Android,17,24,2,0
TXN008037,CUST01752,1435.44,Card,Successful,Jinja,Android,19,12,1,0
TXN008038,CUST01934,175649.32,Mobile Money,Successful,Mbarara,iPhone,6,12,1,0
TXN008039,CUST00674,121111.38,Bank Transfer,Suspicious,Gulu,iPhone,13,88,4,1
TXN008040,CUST01152,31627.7,Bank Transfer,Successful,Mbarara,Android,6,0,0,0
TXN008041,CUST00314,90174.38,Card,Successful,Jinja,iPhone,0,12,1,0
TXN008042,CUST00332,62687.2,Bank Transfer,Successful,Jinja,iPhone,11,0,0,0
TXN008043,CUST01174,457481.75,Mobile Money,Suspicious,Mbarara,iPhone,0,40,0,1
TXN008044,CUST01478,70563.47,Bank Transfer,Successful,Kampala,iPhone,2,12,1,0
TXN008045,CUST00036,269055.41,Mobile Money,Failed,Mbarara,iPhone,1,24,2,0
TXN008046,CUST01709,296756.42,Bank Transfer,Successful,Gulu,Web,2,12,1,0
TXN008047,CUST01444,271972.98,Mobile Money,Successful,Gulu,Android,3,0,0,0
TXN008048,CUST01046,49978.69,Mobile Money,Successful,Kampala,Web,13,12,1,0
TXN008049,CUST00206,159739.78,Bank Transfer,Successful,Gulu,Web,22,0,0,0
TXN008050,CUST00639,26109.53,Mobile Money,Successful,Jinja,Web,17,0,0,0
TXN008051,CUST00848,198137.12,Bank Transfer,Successful,Kampala,Android,22,12,1,0
TXN008052,CUST01981,94705.17,Bank Transfer,Successful,Kampala,Android,4,0,0,0
TXN008053,CUST01380,281035.45,Bank Transfer,Successful,Kampala,Android,14,12,1,0
TXN008054,CUST00440,346557.79,Mobile Money,Successful,Mbarara,Web,15,0,0,0
TXN008055,CUST00729,266293.87,Bank Transfer,Failed,Mbarara,Android,7,24,2,0
TXN008056,CUST01120,217401.23,Card,Successful,Kampala,Web,23,12,1,0
TXN008057,CUST01953,193973.04,Mobile Money,Successful,Gulu,iPhone,20,12,1,0
TXN008058,CUST00941,420925.04,Card,Successful,Jinja,Android,7,0,0,0
TXN008059,CUST00164,110074.35,Card,Successful,Jinja,iPhone,6,0,0,0
TXN008060,CUST00148,367242.06,Card,Successful,Mbarara,Web,5,12,1,0
TXN008061,CUST01554,378862.42,Card,Successful,Mbale,Android,6,0,0,0
TXN008062,CUST00294,209890.4,Bank Transfer,Successful,Kampala,Android,22,0,0,0
TXN008063,CUST00195,149001.65,Card,Successful,Mbale,iPhone,18,0,0,0
TXN008064,CUST00663,235535.47,Mobile Money,Successful,Jinja,Web,21,12,1,0
TXN008065,CUST00480,47060.36,Card,Successful,Mbarara,Web,21,0,0,0
TXN008066,CUST01901,23442.05,Card,Successful,Mbarara,Android,0,12,1,0
TXN008067,CUST00123,56245.8,Card,Successful,Mbarara,Android,12,12,1,0
TXN008068,CUST01424,93978.94,Bank Transfer,Successful,Mbarara,Android,6,0,0,0
TXN008069,CUST00699,252336.32,Card,Successful,Mbarara,Android,0,12,1,0
TXN008070,CUST00965,424643.75,Card,Successful,Kampala,Android,9,0,0,0
TXN008071,CUST01476,118203.34,Card,Successful,Mbale,Web,12,12,1,0
TXN008072,CUST00661,467613.42,Mobile Money,Suspicious,Jinja,Android,3,40,0,1
TXN008073,CUST01128,477476.5,Bank Transfer,Successful,Jinja,iPhone,6,0,0,0
TXN008074,CUST01779,479472.85,Bank Transfer,Successful,Mbarara,Android,5,0,0,0
TXN008075,CUST01486,418862.59,Bank Transfer,Successful,Mbarara,Android,5,0,0,0
TXN008076,CUST01767,182230.61,Mobile Money,Successful,Mbarara,Web,20,0,0,0
TXN008077,CUST01742,36805.61,Card,Successful,Gulu,Web,10,0,0,0
TXN008078,CUST00710,284624.96,Mobile Money,Successful,Jinja,Web,22,12,1,0
TXN008079,CUST00396,279561.38,Bank Transfer,Successful,Mbarara,iPhone,8,0,0,0
TXN008080,CUST00912,425062.9,Bank Transfer,Successful,Mbale,Web,21,12,1,0
TXN008081,CUST01361,497997.53,Bank Transfer,Successful,Gulu,Android,6,0,0,0
TXN008082,CUST01005,254324.57,Mobile Money,Successful,Kampala,Web,8,12,1,0
TXN008083,CUST01623,172929.41,Bank Transfer,Successful,Gulu,iPhone,22,0,0,0
TXN008084,CUST01166,93357.9,Card,Successful,Gulu,Android,5,0,0,0
TXN008085,CUST00317,2897.51,Mobile Money,Failed,Gulu,Android,18,24,2,0
TXN008086,CUST01735,254802.29,Card,Successful,Mbale,iPhone,13,0,0,0
TXN008087,CUST01582,277981.57,Bank Transfer,Successful,Jinja,Web,0,0,0,0
TXN008088,CUST01824,412556.77,Bank Transfer,Successful,Mbarara,Web,15,0,0,0
TXN008089,CUST01551,252536.2,Mobile Money,Successful,Mbale,Web,8,0,0,0
TXN008090,CUST01580,458275.94,Card,Failed,Mbale,Web,22,24,2,0
TXN008091,CUST01425,314227.7,Mobile Money,Successful,Mbarara,iPhone,14,12,1,0
TXN008092,CUST00681,420247.95,Card,Successful,Gulu,iPhone,18,12,1,0
TXN008093,CUST01334,74576.72,Bank Transfer,Successful,Kampala,Web,9,0,0,0
TXN008094,CUST00495,427740.4,Mobile Money,Successful,Gulu,iPhone,15,0,0,0
TXN008095,CUST00556,337734.36,Mobile Money,Successful,Gulu,Android,2,0,0,0
TXN008096,CUST00610,85531.4,Card,Failed,Jinja,Web,18,24,2,0
TXN008097,CUST01797,95286.9,Bank Transfer,Successful,Gulu,Android,12,12,1,0
TXN008098,CUST00109,463287.06,Bank Transfer,Successful,Kampala,Android,13,12,1,0
TXN008099,CUST01819,16591.57,Card,Successful,Mbale,Android,6,0,0,0
TXN008100,CUST00372,231536.2,Card,Successful,Gulu,Web,1,12,1,0
TXN008101,CUST00855,157080.91,Card,Successful,Mbale,Web,13,12,1,0
TXN008102,CUST00616,332706.18,Card,Successful,Jinja,Web,22,12,1,0
TXN008103,CUST00768,419894.88,Card,Successful,Kampala,iPhone,22,0,0,0
TXN008104,CUST01915,180508.87,Bank Transfer,Successful,Mbarara,Web,16,0,0,0
TXN008105,CUST00206,213737.59,Bank Transfer,Successful,Mbarara,Android,12,0,0,0
TXN008106,CUST00847,490967.93,Mobile Money,Suspicious,Jinja,Web,1,40,0,1
TXN008107,CUST00043,392066.3,Bank Transfer,Successful,Kampala,iPhone,4,0,0,0
TXN008108,CUST00865,448653.46,Card,Suspicious,Mbale,Web,3,52,1,1
TXN008109,CUST01269,219661.73,Bank Transfer,Successful,Jinja,iPhone,2,0,0,0
TXN008110,CUST01311,117421.06,Bank Transfer,Failed,Gulu,Android,13,24,2,0
TXN008111,CUST01379,206225.8,Bank Transfer,Successful,Mbale,Android,10,0,0,0
TXN008112,CUST00785,358187.91,Mobile Money,Successful,Gulu,Android,7,0,0,0
TXN008113,CUST00476,55160.49,Mobile Money,Successful,Gulu,Android,22,0,0,0
TXN008114,CUST00083,135599.32,Card,Successful,Mbale,Android,8,0,0,0
TXN008115,CUST01134,23794.63,Card,Successful,Gulu,Android,15,12,1,0
TXN008116,CUST01974,216457.7,Mobile Money,Successful,Mbarara,iPhone,2,0,0,0
TXN008117,CUST00190,413809.15,Bank Transfer,Successful,Mbale,Android,9,0,0,0
TXN008118,CUST00800,12819.51,Bank Transfer,Successful,Jinja,Web,0,0,0,0
TXN008119,CUST00936,337824.1,Mobile Money,Failed,Mbarara,iPhone,8,24,2,0
TXN008120,CUST01933,466281.69,Card,Successful,Jinja,iPhone,15,0,0,0
TXN008121,CUST00251,118845.47,Bank Transfer,Successful,Kampala,Web,8,12,1,0
TXN008122,CUST01748,346970.6,Card,Successful,Jinja,Web,11,0,0,0
TXN008123,CUST00291,487563.4,Bank Transfer,Suspicious,Mbale,Web,0,52,1,1
TXN008124,CUST01669,481157.89,Card,Successful,Jinja,Web,15,12,1,0
TXN008125,CUST01225,117847.13,Bank Transfer,Successful,Kampala,Web,7,0,0,0
TXN008126,CUST01821,50615.36,Card,Successful,Gulu,Android,13,0,0,0
TXN008127,CUST00326,74567.13,Card,Successful,Mbale,iPhone,13,12,1,0
TXN008128,CUST01535,351166.82,Card,Successful,Mbarara,Web,9,0,0,0
TXN008129,CUST01433,363016.56,Mobile Money,Successful,Mbarara,Web,0,12,1,0
TXN008130,CUST01631,337281.16,Card,Successful,Jinja,iPhone,5,0,0,0
TXN008131,CUST01814,168371.15,Mobile Money,Successful,Mbarara,iPhone,8,0,0,0
TXN008132,CUST01986,85303.58,Mobile Money,Successful,Kampala,Android,18,12,1,0
TXN008133,CUST01965,290590.17,Card,Failed,Mbarara,iPhone,21,24,2,0
TXN008134,CUST00837,242098.38,Mobile Money,Successful,Jinja,Web,15,12,1,0
TXN008135,CUST00508,364552.66,Mobile Money,Successful,Mbarara,iPhone,18,0,0,0
TXN008136,CUST00731,220959.36,Mobile Money,Successful,Gulu,Web,10,0,0,0
TXN008137,CUST01625,169650.53,Bank Transfer,Successful,Gulu,iPhone,20,12,1,0
TXN008138,CUST00072,147092.55,Card,Successful,Mbarara,iPhone,10,12,1,0
TXN008139,CUST01271,106129.42,Mobile Money,Successful,Mbale,Android,13,12,1,0
TXN008140,CUST00641,133240.31,Card,Successful,Mbarara,Web,6,12,1,0
TXN008141,CUST01748,47867.8,Mobile Money,Successful,Gulu,Android,11,0,0,0
TXN008142,CUST00940,173755.08,Card,Successful,Gulu,Android,19,12,1,0
TXN008143,CUST01879,18766.62,Mobile Money,Successful,Kampala,Web,19,0,0,0
TXN008144,CUST00608,93613.72,Bank Transfer,Successful,Jinja,iPhone,22,0,0,0
TXN008145,CUST01611,373511.84,Bank Transfer,Successful,Kampala,Android,4,12,1,0
TXN008146,CUST01959,163071.76,Bank Transfer,Successful,Mbale,iPhone,0,0,0,0
TXN008147,CUST00566,334284.39,Mobile Money,Successful,Jinja,iPhone,10,12,1,0
TXN008148,CUST01368,358583.65,Card,Successful,Mbarara,Android,14,12,1,0
TXN008149,CUST01995,290802.08,Mobile Money,Successful,Mbarara,Android,9,0,0,0
TXN008150,CUST01949,479369.52,Bank Transfer,Successful,Mbale,Android,14,12,1,0
TXN008151,CUST00054,11209.21,Mobile Money,Successful,Gulu,iPhone,12,0,0,0
TXN008152,CUST01754,369457.0,Card,Successful,Mbarara,Web,14,0,0,0
TXN008153,CUST00528,479413.93,Bank Transfer,Suspicious,Kampala,Web,1,40,0,1
TXN008154,CUST00611,431204.73,Mobile Money,Successful,Gulu,Android,21,12,1,0
TXN008155,CUST01556,84362.4,Card,Successful,Mbarara,iPhone,12,0,0,0
TXN008156,CUST01582,163746.74,Bank Transfer,Failed,Gulu,Android,11,36,3,0
TXN008157,CUST01987,86639.69,Card,Successful,Jinja,iPhone,22,0,0,0
TXN008158,CUST00193,300853.53,Card,Successful,Mbarara,Web,3,0,0,0
TXN008159,CUST01919,356237.9,Bank Transfer,Successful,Mbarara,Web,11,12,1,0
TXN008160,CUST00058,158878.35,Mobile Money,Successful,Gulu,Android,14,0,0,0
TXN008161,CUST01461,269983.53,Mobile Money,Successful,Jinja,Android,12,0,0,0
TXN008162,CUST01135,345614.82,Mobile Money,Failed,Kampala,Web,1,24,2,0
TXN008163,CUST00129,210959.24,Mobile Money,Successful,Jinja,iPhone,19,0,0,0
TXN008164,CUST01873,427080.76,Card,Successful,Kampala,Web,15,12,1,0
TXN008165,CUST00706,385889.19,Mobile Money,Successful,Mbale,iPhone,13,0,0,0
TXN008166,CUST01949,32800.44,Mobile Money,Successful,Jinja,Android,20,12,1,0
TXN008167,CUST00852,310752.09,Card,Successful,Kampala,Web,1,0,0,0
TXN008168,CUST01350,118045.11,Card,Successful,Gulu,Android,16,12,1,0
TXN008169,CUST00008,278980.37,Bank Transfer,Successful,Kampala,Web,15,0,0,0
TXN008170,CUST00029,478465.78,Card,Suspicious,Mbale,Android,3,52,1,1
TXN008171,CUST01136,439591.47,Bank Transfer,Successful,Kampala,Web,10,0,0,0
TXN008172,CUST00947,202555.94,Bank Transfer,Successful,Jinja,Web,12,12,1,0
TXN008173,CUST01697,146111.17,Mobile Money,Successful,Kampala,Android,5,0,0,0
TXN008174,CUST00131,117585.67,Mobile Money,Successful,Jinja,Web,16,0,0,0
TXN008175,CUST00188,266491.18,Mobile Money,Successful,Mbale,Web,0,0,0,0
TXN008176,CUST01699,57567.1,Card,Failed,Kampala,Web,8,24,2,0
TXN008177,CUST00709,274862.87,Card,Successful,Kampala,Web,20,0,0,0
TXN008178,CUST01499,1166.15,Mobile Money,Successful,Mbale,Android,17,0,0,0
TXN008179,CUST01388,162262.89,Mobile Money,Successful,Kampala,Android,10,0,0,0
TXN008180,CUST01228,110357.19,Card,Successful,Jinja,Web,13,12,1,0
TXN008181,CUST00212,485623.79,Bank Transfer,Suspicious,Mbarara,Web,1,52,1,1
TXN008182,CUST01645,363757.54,Bank Transfer,Successful,Mbarara,Android,19,12,1,0
TXN008183,CUST00276,175151.86,Mobile Money,Failed,Jinja,Web,10,24,2,0
TXN008184,CUST01097,46876.12,Mobile Money,Successful,Kampala,iPhone,1,12,1,0
TXN008185,CUST01703,258641.9,Mobile Money,Successful,Jinja,Android,3,0,0,0
TXN008186,CUST01796,107117.22,Bank Transfer,Successful,Mbale,Web,12,0,0,0
TXN008187,CUST00243,268446.56,Mobile Money,Successful,Jinja,iPhone,5,0,0,0
TXN008188,CUST01811,417763.5,Bank Transfer,Successful,Mbarara,Web,6,0,0,0
TXN008189,CUST01126,308088.38,Card,Successful,Gulu,Web,21,0,0,0
TXN008190,CUST00987,317077.32,Card,Successful,Mbale,Web,19,0,0,0
TXN008191,CUST00685,270744.63,Card,Failed,Kampala,iPhone,2,24,2,0
TXN008192,CUST00171,463669.18,Mobile Money,Suspicious,Jinja,iPhone,3,40,0,1
TXN008193,CUST00653,465985.39,Card,Successful,Mbale,Android,20,12,1,0
TXN008194,CUST01933,256605.24,Bank Transfer,Successful,Mbarara,Web,19,12,1,0
TXN008195,CUST00188,153226.86,Bank Transfer,Successful,Kampala,Web,2,12,1,0
TXN008196,CUST01465,230063.71,Bank Transfer,Successful,Jinja,iPhone,0,12,1,0
TXN008197,CUST01110,93685.68,Mobile Money,Successful,Jinja,Web,18,0,0,0
TXN008198,CUST01500,318353.99,Mobile Money,Successful,Kampala,Web,20,0,0,0
TXN008199,CUST00052,250296.12,Bank Transfer,Successful,Gulu,Web,12,0,0,0
TXN008200,CUST00111,52098.59,Bank Transfer,Successful,Gulu,iPhone,13,0,0,0
TXN008201,CUST01973,99225.07,Bank Transfer,Successful,Mbale,Web,21,0,0,0
TXN008202,CUST00877,240076.16,Bank Transfer,Successful,Jinja,Web,15,0,0,0
TXN008203,CUST01878,443850.7,Card,Suspicious,Mbale,Android,3,52,1,1
TXN008204,CUST01067,283412.16,Bank Transfer,Successful,Kampala,Web,16,12,1,0
TXN008205,CUST00211,340926.73,Mobile Money,Successful,Mbale,iPhone,9,0,0,0
TXN008206,CUST01992,169844.76,Mobile Money,Successful,Jinja,iPhone,6,12,1,0
TXN008207,CUST01224,285919.99,Mobile Money,Successful,Gulu,Web,12,12,1,0
TXN008208,CUST01834,223966.22,Mobile Money,Successful,Gulu,Android,12,0,0,0
TXN008209,CUST00858,329735.39,Mobile Money,Successful,Kampala,Web,21,0,0,0
TXN008210,CUST01776,25762.5,Bank Transfer,Successful,Mbarara,Web,13,12,1,0
TXN008211,CUST00627,246903.46,Bank Transfer,Successful,Mbale,Web,5,0,0,0
TXN008212,CUST01050,148348.32,Card,Successful,Kampala,iPhone,15,0,0,0
TXN008213,CUST01943,163429.44,Card,Successful,Gulu,Web,8,12,1,0
TXN008214,CUST00299,480478.26,Card,Successful,Jinja,iPhone,19,0,0,0
TXN008215,CUST01101,91756.06,Bank Transfer,Failed,Jinja,Android,15,24,2,0
TXN008216,CUST00924,155967.0,Card,Successful,Mbarara,Web,20,0,0,0
TXN008217,CUST00137,255191.34,Bank Transfer,Successful,Mbarara,iPhone,20,12,1,0
TXN008218,CUST01044,431581.96,Mobile Money,Successful,Gulu,iPhone,11,0,0,0
TXN008219,CUST00440,208626.71,Bank Transfer,Successful,Mbarara,iPhone,15,12,1,0
TXN008220,CUST00211,372060.71,Bank Transfer,Successful,Mbarara,Web,4,12,1,0
TXN008221,CUST00752,428258.86,Mobile Money,Failed,Jinja,Android,23,24,2,0
TXN008222,CUST01575,155353.17,Mobile Money,Successful,Mbale,iPhone,10,12,1,0
TXN008223,CUST00435,196678.72,Mobile Money,Failed,Jinja,Web,0,24,2,0
TXN008224,CUST00780,178599.83,Card,Successful,Jinja,iPhone,9,0,0,0
TXN008225,CUST01231,416511.48,Card,Successful,Gulu,iPhone,10,0,0,0
TXN008226,CUST00439,22651.26,Card,Successful,Gulu,Web,14,0,0,0
TXN008227,CUST01998,154556.33,Mobile Money,Successful,Mbale,iPhone,2,0,0,0
TXN008228,CUST01803,339864.57,Card,Successful,Kampala,iPhone,23,0,0,0
TXN008229,CUST00666,282939.03,Mobile Money,Successful,Mbarara,Web,14,0,0,0
TXN008230,CUST01066,218426.53,Mobile Money,Successful,Mbarara,Android,10,12,1,0
TXN008231,CUST00411,270204.14,Mobile Money,Successful,Jinja,Android,8,0,0,0
TXN008232,CUST01547,99193.5,Card,Successful,Jinja,Android,1,12,1,0
TXN008233,CUST00806,215642.95,Card,Successful,Mbale,Android,11,0,0,0
TXN008234,CUST00610,251100.64,Mobile Money,Successful,Mbarara,Web,19,0,0,0
TXN008235,CUST00427,450643.97,Card,Successful,Jinja,Web,15,0,0,0
TXN008236,CUST01299,130787.16,Bank Transfer,Suspicious,Jinja,Android,23,88,4,1
TXN008237,CUST01472,433980.34,Card,Successful,Gulu,Web,15,12,1,0
TXN008238,CUST00902,322298.58,Mobile Money,Successful,Kampala,Android,20,12,1,0
TXN008239,CUST00942,10660.25,Mobile Money,Successful,Mbale,iPhone,0,0,0,0
TXN008240,CUST01908,362453.35,Mobile Money,Successful,Kampala,iPhone,15,0,0,0
TXN008241,CUST00742,18258.16,Bank Transfer,Successful,Kampala,iPhone,5,0,0,0
TXN008242,CUST01393,498691.87,Mobile Money,Successful,Mbale,Android,13,12,1,0
TXN008243,CUST01962,436382.03,Mobile Money,Successful,Mbarara,iPhone,10,0,0,0
TXN008244,CUST01244,149023.2,Card,Successful,Jinja,Android,0,12,1,0
TXN008245,CUST01601,129076.91,Bank Transfer,Successful,Mbale,Web,19,0,0,0
TXN008246,CUST01891,191029.82,Card,Failed,Jinja,iPhone,16,24,2,0
TXN008247,CUST01256,178405.4,Mobile Money,Successful,Gulu,iPhone,22,12,1,0
TXN008248,CUST00328,186482.74,Mobile Money,Successful,Kampala,iPhone,18,0,0,0
TXN008249,CUST01467,159479.13,Bank Transfer,Successful,Gulu,Web,1,0,0,0
TXN008250,CUST00052,310756.14,Mobile Money,Successful,Kampala,Android,13,0,0,0
TXN008251,CUST01910,82549.7,Bank Transfer,Successful,Mbarara,iPhone,7,0,0,0
TXN008252,CUST01967,423067.66,Card,Successful,Mbale,iPhone,22,0,0,0
TXN008253,CUST00376,406295.04,Bank Transfer,Successful,Mbarara,Android,21,0,0,0
TXN008254,CUST00263,238503.36,Card,Successful,Kampala,iPhone,5,12,1,0
TXN008255,CUST00267,426438.62,Mobile Money,Successful,Gulu,iPhone,8,12,1,0
TXN008256,CUST00359,123948.96,Card,Successful,Kampala,iPhone,4,12,1,0
TXN008257,CUST01341,9273.95,Card,Successful,Mbarara,Android,4,12,1,0
TXN008258,CUST01348,309794.36,Card,Successful,Mbarara,iPhone,17,0,0,0
TXN008259,CUST01945,229225.75,Bank Transfer,Successful,Gulu,Web,21,0,0,0
TXN008260,CUST01932,283798.69,Card,Successful,Gulu,Android,13,12,1,0
TXN008261,CUST01690,449720.03,Bank Transfer,Successful,Mbarara,iPhone,11,0,0,0
TXN008262,CUST01894,484977.82,Bank Transfer,Successful,Kampala,Web,11,0,0,0
TXN008263,CUST01902,317409.34,Bank Transfer,Successful,Kampala,Web,21,0,0,0
TXN008264,CUST00652,382145.77,Mobile Money,Successful,Mbale,Web,5,0,0,0
TXN008265,CUST01963,42362.31,Mobile Money,Failed,Mbarara,Web,3,24,2,0
TXN008266,CUST01587,80777.43,Mobile Money,Successful,Mbale,Web,14,12,1,0
TXN008267,CUST01653,366735.8,Bank Transfer,Successful,Mbarara,iPhone,22,12,1,0
TXN008268,CUST01445,215967.05,Mobile Money,Successful,Mbale,Web,14,12,1,0
TXN008269,CUST00046,223259.65,Card,Successful,Jinja,Android,16,0,0,0
TXN008270,CUST01845,154649.54,Bank Transfer,Successful,Kampala,iPhone,2,0,0,0
TXN008271,CUST00600,303874.51,Mobile Money,Successful,Kampala,iPhone,9,0,0,0
TXN008272,CUST00720,92989.94,Bank Transfer,Successful,Jinja,Web,20,0,0,0
TXN008273,CUST01913,313644.68,Mobile Money,Successful,Gulu,Web,21,12,1,0
TXN008274,CUST01293,87312.53,Card,Successful,Jinja,iPhone,7,0,0,0
TXN008275,CUST00601,32381.1,Bank Transfer,Successful,Kampala,Android,8,12,1,0
TXN008276,CUST00381,165513.67,Mobile Money,Successful,Mbarara,iPhone,23,0,0,0
TXN008277,CUST00118,115954.6,Mobile Money,Successful,Mbale,iPhone,2,0,0,0
TXN008278,CUST01590,444551.32,Card,Suspicious,Kampala,Web,0,52,1,1
TXN008279,CUST01977,27949.25,Card,Successful,Jinja,Android,10,12,1,0
TXN008280,CUST00116,88718.54,Mobile Money,Successful,Mbarara,Web,12,0,0,0
TXN008281,CUST01654,274585.44,Mobile Money,Successful,Kampala,Web,11,12,1,0
TXN008282,CUST00260,240793.06,Bank Transfer,Successful,Jinja,Web,20,12,1,0
TXN008283,CUST01099,23403.08,Bank Transfer,Successful,Kampala,Web,6,0,0,0
TXN008284,CUST01504,4122.59,Mobile Money,Successful,Jinja,Android,1,0,0,0
TXN008285,CUST00305,494039.94,Card,Suspicious,Jinja,Web,0,40,0,1
TXN008286,CUST00007,329587.93,Bank Transfer,Successful,Kampala,Web,19,0,0,0
TXN008287,CUST00366,183020.36,Mobile Money,Successful,Mbarara,Android,2,0,0,0
TXN008288,CUST01658,235480.91,Card,Successful,Kampala,iPhone,3,0,0,0
TXN008289,CUST00523,133641.79,Card,Successful,Kampala,Web,16,12,1,0
TXN008290,CUST01372,172764.45,Mobile Money,Successful,Mbarara,iPhone,17,0,0,0
TXN008291,CUST01462,324697.71,Mobile Money,Successful,Kampala,Web,16,12,1,0
TXN008292,CUST01239,441464.49,Bank Transfer,Successful,Mbale,Web,18,0,0,0
TXN008293,CUST00429,92472.95,Mobile Money,Successful,Mbale,Android,3,12,1,0
TXN008294,CUST00791,420260.57,Bank Transfer,Successful,Mbale,Android,16,12,1,0
TXN008295,CUST01522,61217.54,Card,Successful,Jinja,iPhone,21,0,0,0
TXN008296,CUST01564,107888.62,Bank Transfer,Successful,Gulu,Web,1,12,1,0
TXN008297,CUST00747,19069.06,Mobile Money,Successful,Kampala,Android,9,12,1,0
TXN008298,CUST00367,70835.53,Bank Transfer,Successful,Gulu,Web,11,0,0,0
TXN008299,CUST00313,458692.92,Card,Successful,Mbale,Web,12,0,0,0
TXN008300,CUST00538,229989.65,Card,Successful,Mbarara,iPhone,10,0,0,0
TXN008301,CUST00921,39294.1,Mobile Money,Successful,Mbale,Web,20,0,0,0
TXN008302,CUST01078,479883.56,Bank Transfer,Successful,Kampala,Android,7,0,0,0
TXN008303,CUST01565,439556.66,Mobile Money,Successful,Gulu,iPhone,19,0,0,0
TXN008304,CUST01491,377463.92,Mobile Money,Successful,Gulu,Android,4,0,0,0
TXN008305,CUST00865,466769.66,Card,Suspicious,Jinja,iPhone,1,40,0,1
TXN008306,CUST01188,110454.65,Bank Transfer,Successful,Mbarara,iPhone,11,12,1,0
TXN008307,CUST00782,418266.46,Mobile Money,Suspicious,Mbale,Web,1,40,0,1
TXN008308,CUST00334,345150.6,Card,Successful,Mbarara,iPhone,5,0,0,0
TXN008309,CUST01571,434944.75,Mobile Money,Successful,Kampala,iPhone,21,12,1,0
TXN008310,CUST00798,398557.33,Bank Transfer,Successful,Jinja,Web,18,12,1,0
TXN008311,CUST00348,173574.28,Mobile Money,Successful,Mbale,iPhone,11,0,0,0
TXN008312,CUST00273,387312.07,Bank Transfer,Successful,Kampala,iPhone,12,0,0,0
TXN008313,CUST00963,131596.92,Card,Successful,Mbarara,Android,16,12,1,0
TXN008314,CUST00720,164631.79,Card,Successful,Jinja,Android,11,0,0,0
TXN008315,CUST01774,54398.91,Mobile Money,Successful,Mbale,Web,2,12,1,0
TXN008316,CUST01438,467570.77,Card,Successful,Mbarara,iPhone,23,12,1,0
TXN008317,CUST00500,145856.18,Mobile Money,Failed,Mbale,Web,7,24,2,0
TXN008318,CUST01117,260550.92,Mobile Money,Successful,Jinja,Web,15,0,0,0
TXN008319,CUST00685,195970.75,Bank Transfer,Successful,Jinja,Web,3,12,1,0
TXN008320,CUST00079,479984.1,Mobile Money,Successful,Mbarara,Android,23,0,0,0
TXN008321,CUST00622,167857.06,Bank Transfer,Successful,Mbale,Web,12,12,1,0
TXN008322,CUST01241,389383.64,Mobile Money,Successful,Gulu,iPhone,7,0,0,0
TXN008323,CUST00947,427780.37,Bank Transfer,Suspicious,Kampala,Android,0,40,0,1
TXN008324,CUST00358,218085.45,Card,Successful,Jinja,Android,2,12,1,0
TXN008325,CUST00618,189396.82,Mobile Money,Successful,Mbale,Android,0,12,1,0
TXN008326,CUST00507,373999.04,Bank Transfer,Successful,Mbarara,iPhone,14,0,0,0
TXN008327,CUST01583,456491.54,Mobile Money,Successful,Mbarara,Web,17,12,1,0
TXN008328,CUST01205,377588.4,Bank Transfer,Successful,Jinja,Web,19,0,0,0
TXN008329,CUST00576,113949.62,Bank Transfer,Successful,Jinja,Android,2,0,0,0
TXN008330,CUST01270,444209.72,Mobile Money,Successful,Gulu,Android,14,12,1,0
TXN008331,CUST00244,194097.04,Mobile Money,Successful,Mbarara,Web,21,12,1,0
TXN008332,CUST00506,288326.59,Card,Successful,Mbale,iPhone,4,0,0,0
TXN008333,CUST00422,415802.09,Card,Successful,Kampala,Android,20,12,1,0
TXN008334,CUST01344,94603.19,Card,Successful,Kampala,Android,9,12,1,0
TXN008335,CUST01111,392362.81,Mobile Money,Successful,Gulu,iPhone,6,0,0,0
TXN008336,CUST00217,298283.32,Card,Successful,Mbale,Android,22,0,0,0
TXN008337,CUST01514,446724.15,Bank Transfer,Successful,Kampala,iPhone,7,12,1,0
TXN008338,CUST01543,86399.22,Mobile Money,Successful,Kampala,Web,2,0,0,0
TXN008339,CUST01302,210630.78,Bank Transfer,Successful,Mbale,Web,17,0,0,0
TXN008340,CUST01873,416505.12,Bank Transfer,Successful,Mbale,Android,16,0,0,0
TXN008341,CUST01746,10106.24,Bank Transfer,Successful,Jinja,Web,15,0,0,0
TXN008342,CUST01009,56544.58,Mobile Money,Successful,Kampala,iPhone,21,0,0,0
TXN008343,CUST01193,495287.32,Mobile Money,Successful,Kampala,Android,12,12,1,0
TXN008344,CUST00330,140556.89,Card,Successful,Gulu,iPhone,3,12,1,0
TXN008345,CUST00650,487783.83,Card,Suspicious,Jinja,Web,2,40,0,1
TXN008346,CUST01465,91674.51,Card,Successful,Jinja,Web,10,0,0,0
TXN008347,CUST00391,180866.67,Card,Successful,Kampala,Web,1,0,0,0
TXN008348,CUST01520,376558.29,Bank Transfer,Successful,Mbarara,Android,17,0,0,0
TXN008349,CUST00381,329060.31,Mobile Money,Successful,Mbarara,iPhone,3,0,0,0
TXN008350,CUST01330,290770.64,Card,Successful,Mbale,Android,16,0,0,0
TXN008351,CUST00742,265184.64,Bank Transfer,Failed,Jinja,Web,5,24,2,0
TXN008352,CUST00820,421798.5,Mobile Money,Successful,Kampala,Web,9,0,0,0
TXN008353,CUST00673,117856.81,Mobile Money,Successful,Kampala,Android,10,12,1,0
TXN008354,CUST00513,221514.23,Mobile Money,Successful,Kampala,iPhone,4,0,0,0
TXN008355,CUST01772,78148.42,Bank Transfer,Successful,Gulu,Web,17,12,1,0
TXN008356,CUST00949,298172.83,Card,Successful,Mbarara,iPhone,9,12,1,0
TXN008357,CUST01212,125646.94,Mobile Money,Successful,Gulu,Web,8,0,0,0
TXN008358,CUST00930,167254.11,Bank Transfer,Successful,Kampala,Android,15,0,0,0
TXN008359,CUST01540,235889.73,Mobile Money,Successful,Kampala,Web,9,0,0,0
TXN008360,CUST00913,13871.91,Bank Transfer,Successful,Jinja,Android,9,0,0,0
TXN008361,CUST00644,46423.0,Card,Successful,Jinja,Android,3,0,0,0
TXN008362,CUST00427,343121.65,Card,Successful,Mbarara,Android,20,0,0,0
TXN008363,CUST00502,214770.51,Mobile Money,Successful,Mbale,Web,23,0,0,0
TXN008364,CUST00730,432462.72,Card,Successful,Kampala,iPhone,13,0,0,0
TXN008365,CUST01284,347488.67,Card,Successful,Jinja,iPhone,7,0,0,0
TXN008366,CUST01537,4546.42,Bank Transfer,Successful,Mbarara,Web,0,12,1,0
TXN008367,CUST00071,308547.81,Bank Transfer,Failed,Gulu,Android,15,24,2,0
TXN008368,CUST00478,47315.57,Mobile Money,Successful,Kampala,iPhone,16,0,0,0
TXN008369,CUST01202,390576.12,Bank Transfer,Successful,Mbale,iPhone,9,12,1,0
TXN008370,CUST00457,495758.09,Card,Successful,Mbarara,Web,5,12,1,0
TXN008371,CUST00189,265833.8,Bank Transfer,Successful,Mbale,Android,6,12,1,0
TXN008372,CUST00291,341548.36,Card,Successful,Kampala,iPhone,17,0,0,0
TXN008373,CUST01544,119038.42,Mobile Money,Successful,Mbarara,Web,1,0,0,0
TXN008374,CUST01789,219080.07,Card,Successful,Jinja,Web,20,0,0,0
TXN008375,CUST00920,428119.62,Bank Transfer,Successful,Mbale,Android,8,0,0,0
TXN008376,CUST00292,84127.76,Bank Transfer,Successful,Gulu,Web,4,0,0,0
TXN008377,CUST01970,133135.04,Bank Transfer,Successful,Gulu,Android,7,0,0,0
TXN008378,CUST00756,222994.12,Bank Transfer,Successful,Mbale,iPhone,23,12,1,0
TXN008379,CUST01659,356268.32,Mobile Money,Successful,Kampala,Web,4,12,1,0
TXN008380,CUST01835,188254.04,Card,Successful,Kampala,iPhone,23,0,0,0
TXN008381,CUST01307,463902.27,Bank Transfer,Successful,Kampala,Android,14,12,1,0
TXN008382,CUST01568,47681.3,Card,Successful,Gulu,Android,7,0,0,0
TXN008383,CUST01870,185716.7,Mobile Money,Successful,Gulu,Android,4,0,0,0
TXN008384,CUST00377,354622.58,Card,Successful,Jinja,Web,4,0,0,0
TXN008385,CUST01682,113380.39,Bank Transfer,Successful,Kampala,Web,19,0,0,0
TXN008386,CUST01180,328378.36,Card,Successful,Gulu,Web,16,0,0,0
TXN008387,CUST00508,82526.37,Bank Transfer,Successful,Gulu,iPhone,8,0,0,0
TXN008388,CUST01437,28462.15,Bank Transfer,Successful,Kampala,iPhone,1,0,0,0
TXN008389,CUST00528,60947.35,Mobile Money,Successful,Kampala,Web,0,12,1,0
TXN008390,CUST01379,465027.4,Mobile Money,Successful,Gulu,iPhone,21,0,0,0
TXN008391,CUST00559,276099.57,Card,Successful,Mbale,Android,20,0,0,0
TXN008392,CUST01787,398274.71,Card,Successful,Gulu,Web,10,0,0,0
TXN008393,CUST01211,166660.92,Bank Transfer,Successful,Jinja,Android,14,0,0,0
TXN008394,CUST01055,296532.99,Bank Transfer,Successful,Mbarara,Android,0,12,1,0
TXN008395,CUST00260,247728.59,Bank Transfer,Successful,Kampala,Android,6,0,0,0
TXN008396,CUST00421,472896.11,Bank Transfer,Successful,Jinja,iPhone,22,0,0,0
TXN008397,CUST01553,373913.53,Mobile Money,Successful,Mbale,Android,18,0,0,0
TXN008398,CUST01575,365406.04,Bank Transfer,Failed,Mbarara,iPhone,23,24,2,0
TXN008399,CUST00304,23653.46,Mobile Money,Successful,Gulu,Android,14,0,0,0
TXN008400,CUST00942,275060.0,Card,Successful,Kampala,Web,5,0,0,0
TXN008401,CUST01968,233762.23,Card,Successful,Gulu,Android,19,12,1,0
TXN008402,CUST01063,463957.21,Mobile Money,Successful,Jinja,Android,9,0,0,0
TXN008403,CUST01513,129042.32,Bank Transfer,Successful,Kampala,Web,11,0,0,0
TXN008404,CUST01668,135281.81,Card,Successful,Gulu,iPhone,12,0,0,0
TXN008405,CUST00542,205967.45,Mobile Money,Successful,Kampala,Web,14,0,0,0
TXN008406,CUST01694,122063.17,Card,Successful,Jinja,Android,18,12,1,0
TXN008407,CUST01302,65027.37,Bank Transfer,Successful,Gulu,Android,16,12,1,0
TXN008408,CUST01227,428778.72,Mobile Money,Successful,Mbarara,iPhone,12,0,0,0
TXN008409,CUST01090,279359.12,Card,Successful,Mbale,Android,1,12,1,0
TXN008410,CUST00108,430750.68,Bank Transfer,Successful,Gulu,Android,17,0,0,0
TXN008411,CUST00268,415651.82,Mobile Money,Successful,Kampala,iPhone,10,12,1,0
TXN008412,CUST00222,141380.16,Mobile Money,Successful,Gulu,iPhone,4,0,0,0
TXN008413,CUST01828,274094.85,Mobile Money,Successful,Kampala,iPhone,3,0,0,0
TXN008414,CUST01554,42067.24,Mobile Money,Successful,Jinja,iPhone,1,0,0,0
TXN008415,CUST01114,457668.32,Card,Successful,Mbale,Android,15,0,0,0
TXN008416,CUST00693,202429.23,Mobile Money,Successful,Kampala,iPhone,6,0,0,0
TXN008417,CUST00255,197141.25,Mobile Money,Successful,Gulu,iPhone,7,0,0,0
TXN008418,CUST01479,151726.31,Mobile Money,Successful,Jinja,Android,7,12,1,0
TXN008419,CUST00253,230601.54,Mobile Money,Successful,Mbarara,iPhone,1,0,0,0
TXN008420,CUST00257,126253.81,Mobile Money,Successful,Gulu,Android,14,0,0,0
TXN008421,CUST00383,187738.71,Bank Transfer,Successful,Mbale,iPhone,4,0,0,0
TXN008422,CUST00442,400073.55,Card,Successful,Jinja,iPhone,18,0,0,0
TXN008423,CUST01882,417210.62,Bank Transfer,Successful,Gulu,Web,9,0,0,0
TXN008424,CUST00599,152439.15,Card,Successful,Kampala,Android,8,12,1,0
TXN008425,CUST01114,234772.71,Mobile Money,Successful,Kampala,iPhone,21,0,0,0
TXN008426,CUST01773,436972.98,Card,Failed,Kampala,Web,19,24,2,0
TXN008427,CUST00390,26810.33,Mobile Money,Successful,Gulu,Web,7,0,0,0
TXN008428,CUST00582,444627.91,Mobile Money,Suspicious,Mbale,Android,4,52,1,1
TXN008429,CUST01068,109982.58,Bank Transfer,Successful,Kampala,Web,18,0,0,0
TXN008430,CUST01736,339430.35,Bank Transfer,Successful,Gulu,Android,12,0,0,0
TXN008431,CUST01688,291484.57,Bank Transfer,Successful,Gulu,Web,13,0,0,0
TXN008432,CUST00598,276693.9,Card,Successful,Mbale,Android,7,0,0,0
TXN008433,CUST00019,429750.43,Card,Successful,Jinja,iPhone,15,12,1,0
TXN008434,CUST01125,51235.29,Bank Transfer,Successful,Jinja,Android,21,0,0,0
TXN008435,CUST01938,173840.5,Bank Transfer,Successful,Gulu,Web,4,0,0,0
TXN008436,CUST00607,269357.25,Mobile Money,Successful,Jinja,Android,0,0,0,0
TXN008437,CUST01790,405738.78,Card,Failed,Mbarara,iPhone,18,24,2,0
TXN008438,CUST01381,108613.32,Mobile Money,Successful,Mbale,iPhone,22,0,0,0
TXN008439,CUST01566,401563.46,Card,Successful,Gulu,Web,18,0,0,0
TXN008440,CUST01785,200119.42,Bank Transfer,Successful,Jinja,Web,16,12,1,0
TXN008441,CUST01962,94862.47,Card,Failed,Jinja,Web,23,24,2,0
TXN008442,CUST00033,379613.73,Card,Successful,Mbale,iPhone,22,12,1,0
TXN008443,CUST01994,45904.0,Mobile Money,Failed,Kampala,iPhone,20,24,2,0
TXN008444,CUST01253,257626.3,Bank Transfer,Successful,Jinja,Web,9,12,1,0
TXN008445,CUST01548,32405.95,Bank Transfer,Successful,Mbale,iPhone,4,0,0,0
TXN008446,CUST01654,178530.72,Bank Transfer,Successful,Kampala,iPhone,21,12,1,0
TXN008447,CUST00862,300737.86,Mobile Money,Successful,Gulu,Web,6,12,1,0
TXN008448,CUST00155,278279.71,Mobile Money,Successful,Kampala,iPhone,15,0,0,0
TXN008449,CUST01447,202625.38,Mobile Money,Successful,Jinja,Web,2,0,0,0
TXN008450,CUST00905,214809.47,Card,Successful,Gulu,iPhone,11,0,0,0
TXN008451,CUST01270,113771.39,Card,Successful,Gulu,Android,13,12,1,0
TXN008452,CUST00405,228213.35,Mobile Money,Successful,Kampala,Android,19,12,1,0
TXN008453,CUST00844,476650.8,Mobile Money,Suspicious,Gulu,iPhone,0,40,0,1
TXN008454,CUST01783,425301.23,Bank Transfer,Failed,Kampala,iPhone,6,24,2,0
TXN008455,CUST01565,73043.82,Card,Successful,Kampala,Android,17,0,0,0
TXN008456,CUST01185,15375.5,Card,Successful,Kampala,Web,22,12,1,0
TXN008457,CUST00747,466795.39,Bank Transfer,Failed,Mbale,Web,21,24,2,0
TXN008458,CUST01726,263611.5,Bank Transfer,Successful,Jinja,Android,3,12,1,0
TXN008459,CUST01141,269149.99,Bank Transfer,Successful,Gulu,Web,15,12,1,0
TXN008460,CUST00271,390468.64,Mobile Money,Successful,Mbarara,Web,10,0,0,0
TXN008461,CUST00770,157687.14,Mobile Money,Successful,Jinja,Android,17,0,0,0
TXN008462,CUST01716,241212.83,Mobile Money,Successful,Mbarara,Android,22,0,0,0
TXN008463,CUST01511,484347.13,Mobile Money,Successful,Kampala,iPhone,15,12,1,0
TXN008464,CUST01909,336238.27,Mobile Money,Successful,Gulu,Android,6,12,1,0
TXN008465,CUST00172,77295.64,Card,Successful,Jinja,Android,20,0,0,0
TXN008466,CUST01974,67046.76,Card,Successful,Mbarara,Web,2,0,0,0
TXN008467,CUST00274,102530.25,Card,Successful,Mbarara,Web,4,0,0,0
TXN008468,CUST00259,383472.48,Bank Transfer,Successful,Mbarara,iPhone,17,0,0,0
TXN008469,CUST01159,148040.81,Card,Successful,Jinja,Web,16,0,0,0
TXN008470,CUST01707,11183.73,Bank Transfer,Successful,Mbale,Web,0,0,0,0
TXN008471,CUST01746,472115.09,Card,Successful,Kampala,Web,15,12,1,0
TXN008472,CUST01772,85271.85,Mobile Money,Successful,Gulu,Android,14,0,0,0
TXN008473,CUST00422,5274.31,Card,Failed,Mbarara,Web,12,36,3,0
TXN008474,CUST01445,118947.24,Mobile Money,Successful,Jinja,Android,6,12,1,0
TXN008475,CUST01210,117896.88,Mobile Money,Successful,Mbarara,Web,2,0,0,0
TXN008476,CUST01953,211291.62,Card,Successful,Jinja,Android,23,0,0,0
TXN008477,CUST00364,460234.72,Card,Successful,Mbale,Web,22,0,0,0
TXN008478,CUST01979,439652.87,Mobile Money,Failed,Mbarara,iPhone,12,24,2,0
TXN008479,CUST01631,228718.83,Bank Transfer,Successful,Mbarara,iPhone,15,0,0,0
TXN008480,CUST00378,205744.5,Bank Transfer,Successful,Gulu,iPhone,22,0,0,0
TXN008481,CUST01547,277727.04,Card,Successful,Jinja,Web,0,12,1,0
TXN008482,CUST00580,122105.28,Mobile Money,Successful,Jinja,iPhone,0,0,0,0
TXN008483,CUST00891,26566.4,Bank Transfer,Successful,Mbale,Android,15,0,0,0
TXN008484,CUST00722,469642.46,Card,Suspicious,Mbarara,iPhone,1,40,0,1
TXN008485,CUST01220,93756.14,Card,Failed,Gulu,iPhone,17,24,2,0
TXN008486,CUST00881,99601.16,Mobile Money,Successful,Kampala,iPhone,20,0,0,0
TXN008487,CUST01122,236493.93,Bank Transfer,Successful,Gulu,iPhone,22,0,0,0
TXN008488,CUST00605,246060.87,Card,Successful,Gulu,Android,17,12,1,0
TXN008489,CUST00022,9707.89,Bank Transfer,Successful,Gulu,iPhone,4,0,0,0
TXN008490,CUST01474,74403.39,Card,Successful,Gulu,Web,4,0,0,0
TXN008491,CUST01196,189388.33,Card,Successful,Mbarara,iPhone,7,0,0,0
TXN008492,CUST00383,342023.48,Bank Transfer,Successful,Gulu,Web,8,12,1,0
TXN008493,CUST00134,114595.02,Bank Transfer,Successful,Jinja,Web,23,0,0,0
TXN008494,CUST01450,211795.72,Mobile Money,Successful,Jinja,iPhone,13,12,1,0
TXN008495,CUST01049,278893.86,Mobile Money,Successful,Gulu,iPhone,12,0,0,0
TXN008496,CUST00503,444351.95,Mobile Money,Successful,Jinja,Web,17,0,0,0
TXN008497,CUST01209,163372.22,Mobile Money,Successful,Mbarara,Android,3,12,1,0
TXN008498,CUST01109,67212.35,Bank Transfer,Successful,Kampala,Android,17,12,1,0
TXN008499,CUST01591,244891.48,Mobile Money,Successful,Gulu,iPhone,21,0,0,0
TXN008500,CUST01787,373487.44,Bank Transfer,Successful,Jinja,Android,19,0,0,0
TXN008501,CUST00144,55374.95,Card,Successful,Jinja,Android,14,0,0,0
TXN008502,CUST01887,212629.4,Bank Transfer,Successful,Mbarara,iPhone,6,0,0,0
TXN008503,CUST01934,9383.68,Mobile Money,Successful,Mbarara,Web,12,12,1,0
TXN008504,CUST01703,17262.81,Bank Transfer,Successful,Kampala,Web,1,12,1,0
TXN008505,CUST01436,241735.2,Bank Transfer,Successful,Mbale,Android,8,0,0,0
TXN008506,CUST00224,149449.55,Bank Transfer,Successful,Mbale,Web,4,12,1,0
TXN008507,CUST00220,422631.1,Bank Transfer,Suspicious,Mbale,iPhone,0,40,0,1
TXN008508,CUST00179,301276.08,Bank Transfer,Successful,Kampala,Android,18,0,0,0
TXN008509,CUST01655,227239.51,Mobile Money,Failed,Gulu,Web,19,24,2,0
TXN008510,CUST00433,204263.72,Bank Transfer,Successful,Mbale,Android,18,12,1,0
TXN008511,CUST00265,248874.12,Mobile Money,Successful,Mbale,Web,21,0,0,0
TXN008512,CUST00954,20699.2,Card,Failed,Jinja,Android,12,24,2,0
TXN008513,CUST00429,446450.28,Bank Transfer,Successful,Jinja,Web,5,0,0,0
TXN008514,CUST01686,499152.43,Card,Failed,Gulu,Web,9,24,2,0
TXN008515,CUST00416,91152.82,Mobile Money,Successful,Mbarara,iPhone,10,0,0,0
TXN008516,CUST01477,60631.29,Bank Transfer,Successful,Kampala,iPhone,22,12,1,0
TXN008517,CUST00727,72216.94,Card,Successful,Mbale,iPhone,15,12,1,0
TXN008518,CUST00197,330683.02,Mobile Money,Successful,Kampala,Android,22,0,0,0
TXN008519,CUST01578,330889.7,Card,Successful,Jinja,Android,0,0,0,0
TXN008520,CUST01077,424038.12,Bank Transfer,Successful,Kampala,Android,18,0,0,0
TXN008521,CUST00480,376037.28,Bank Transfer,Successful,Jinja,Web,4,12,1,0
TXN008522,CUST01467,225119.99,Bank Transfer,Successful,Kampala,Web,5,0,0,0
TXN008523,CUST01354,306621.25,Mobile Money,Successful,Jinja,Web,5,12,1,0
TXN008524,CUST01275,344298.19,Card,Successful,Kampala,Android,4,12,1,0
TXN008525,CUST01831,256611.87,Mobile Money,Successful,Mbale,iPhone,5,12,1,0
TXN008526,CUST00890,238087.67,Card,Failed,Mbale,Android,12,24,2,0
TXN008527,CUST01807,322726.17,Mobile Money,Successful,Gulu,Android,0,0,0,0
TXN008528,CUST01991,278958.54,Bank Transfer,Failed,Kampala,iPhone,0,24,2,0
TXN008529,CUST00925,322149.18,Card,Successful,Mbarara,iPhone,13,0,0,0
TXN008530,CUST00123,306620.96,Card,Successful,Gulu,Android,7,12,1,0
TXN008531,CUST01903,359738.68,Card,Successful,Kampala,Web,8,0,0,0
TXN008532,CUST01411,321580.35,Mobile Money,Successful,Mbarara,Web,22,0,0,0
TXN008533,CUST01363,260111.37,Bank Transfer,Successful,Mbale,iPhone,9,12,1,0
TXN008534,CUST00778,341057.51,Card,Successful,Mbale,Android,5,0,0,0
TXN008535,CUST00348,225016.24,Mobile Money,Successful,Mbale,Web,8,0,0,0
TXN008536,CUST00029,121214.78,Card,Failed,Mbarara,Web,17,24,2,0
TXN008537,CUST00975,1208.4,Bank Transfer,Successful,Jinja,iPhone,14,0,0,0
TXN008538,CUST00035,280202.09,Card,Successful,Kampala,Android,3,12,1,0
TXN008539,CUST01542,295532.29,Bank Transfer,Successful,Gulu,iPhone,1,12,1,0
TXN008540,CUST01420,486038.46,Mobile Money,Successful,Gulu,Android,5,0,0,0
TXN008541,CUST00623,181058.43,Mobile Money,Successful,Mbale,Android,16,0,0,0
TXN008542,CUST01318,197369.55,Bank Transfer,Failed,Jinja,Android,6,24,2,0
TXN008543,CUST00589,101298.89,Bank Transfer,Successful,Kampala,Android,22,0,0,0
TXN008544,CUST01373,35731.88,Mobile Money,Successful,Kampala,Android,22,0,0,0
TXN008545,CUST01171,386515.84,Bank Transfer,Successful,Gulu,Android,19,0,0,0
TXN008546,CUST01091,125215.69,Bank Transfer,Successful,Gulu,Web,14,12,1,0
TXN008547,CUST00904,304647.98,Card,Successful,Gulu,Web,23,12,1,0
TXN008548,CUST00520,344042.63,Mobile Money,Successful,Kampala,Web,20,0,0,0
TXN008549,CUST00122,235882.73,Mobile Money,Successful,Gulu,Web,1,12,1,0
TXN008550,CUST00340,438237.88,Bank Transfer,Successful,Kampala,Android,20,12,1,0
TXN008551,CUST00175,222175.52,Bank Transfer,Successful,Mbale,Web,11,0,0,0
TXN008552,CUST01924,142811.86,Bank Transfer,Successful,Jinja,Android,9,12,1,0
TXN008553,CUST01715,448059.75,Mobile Money,Successful,Gulu,iPhone,16,12,1,0
TXN008554,CUST00597,430851.36,Card,Successful,Kampala,iPhone,17,0,0,0
TXN008555,CUST00451,82437.95,Mobile Money,Successful,Mbale,Web,15,12,1,0
TXN008556,CUST00557,13467.53,Card,Successful,Mbarara,Android,9,0,0,0
TXN008557,CUST01160,45447.79,Bank Transfer,Successful,Mbale,Web,7,0,0,0
TXN008558,CUST01879,143630.43,Mobile Money,Successful,Jinja,Android,20,0,0,0
TXN008559,CUST01040,486143.77,Card,Successful,Mbale,Web,21,0,0,0
TXN008560,CUST01357,279478.82,Mobile Money,Successful,Gulu,iPhone,12,0,0,0
TXN008561,CUST01219,186944.24,Card,Successful,Gulu,iPhone,15,12,1,0
TXN008562,CUST01520,444413.69,Card,Failed,Mbarara,Web,7,24,2,0
TXN008563,CUST00009,226841.6,Mobile Money,Successful,Kampala,Web,11,12,1,0
TXN008564,CUST01852,157961.69,Bank Transfer,Successful,Mbale,Android,16,0,0,0
TXN008565,CUST00334,470639.15,Mobile Money,Successful,Mbarara,iPhone,15,0,0,0
TXN008566,CUST01357,424834.07,Bank Transfer,Successful,Gulu,Web,8,12,1,0
TXN008567,CUST01017,421912.35,Card,Successful,Kampala,Android,18,12,1,0
TXN008568,CUST00327,256386.23,Card,Successful,Kampala,iPhone,16,0,0,0
TXN008569,CUST00015,394824.48,Mobile Money,Successful,Jinja,Android,23,12,1,0
TXN008570,CUST00839,90087.0,Mobile Money,Successful,Gulu,iPhone,7,12,1,0
TXN008571,CUST01638,286824.87,Bank Transfer,Successful,Kampala,iPhone,11,0,0,0
TXN008572,CUST00226,491931.04,Bank Transfer,Successful,Jinja,Android,8,0,0,0
TXN008573,CUST01449,145833.74,Mobile Money,Failed,Jinja,Android,5,24,2,0
TXN008574,CUST01814,397278.99,Bank Transfer,Successful,Gulu,iPhone,9,0,0,0
TXN008575,CUST01432,245493.96,Bank Transfer,Successful,Kampala,iPhone,8,0,0,0
TXN008576,CUST00113,20382.94,Mobile Money,Successful,Kampala,Android,3,0,0,0
TXN008577,CUST01452,381628.19,Mobile Money,Successful,Mbale,Web,10,0,0,0
TXN008578,CUST00001,84700.29,Card,Successful,Kampala,Android,20,12,1,0
TXN008579,CUST00266,315921.05,Card,Successful,Jinja,Web,21,12,1,0
TXN008580,CUST01515,43289.26,Mobile Money,Successful,Mbarara,Android,5,12,1,0
TXN008581,CUST01232,473460.27,Card,Successful,Gulu,Web,17,0,0,0
TXN008582,CUST01646,146216.08,Bank Transfer,Successful,Mbarara,Web,3,0,0,0
TXN008583,CUST01736,113619.11,Mobile Money,Failed,Kampala,iPhone,11,36,3,0
TXN008584,CUST00952,65003.63,Card,Successful,Jinja,Android,8,12,1,0
TXN008585,CUST01393,473028.1,Mobile Money,Successful,Mbarara,Android,14,0,0,0
TXN008586,CUST00306,356095.92,Card,Successful,Gulu,Android,22,0,0,0
TXN008587,CUST00012,370959.61,Mobile Money,Successful,Mbale,Web,8,12,1,0
TXN008588,CUST01369,249952.58,Bank Transfer,Successful,Mbarara,Web,5,12,1,0
TXN008589,CUST01489,237626.53,Card,Successful,Mbale,iPhone,10,0,0,0
TXN008590,CUST01724,55455.61,Mobile Money,Successful,Kampala,Web,6,12,1,0
TXN008591,CUST01690,280140.63,Bank Transfer,Successful,Kampala,Android,13,0,0,0
TXN008592,CUST01518,123834.79,Card,Successful,Gulu,Web,15,12,1,0
TXN008593,CUST01392,488584.09,Card,Successful,Mbale,Web,14,0,0,0
TXN008594,CUST01870,398392.18,Mobile Money,Successful,Mbale,iPhone,19,0,0,0
TXN008595,CUST00937,206789.53,Bank Transfer,Successful,Gulu,Web,8,0,0,0
TXN008596,CUST00420,76094.96,Mobile Money,Successful,Mbarara,Android,18,0,0,0
TXN008597,CUST00889,392773.18,Card,Successful,Gulu,Android,11,12,1,0
TXN008598,CUST01815,61465.86,Mobile Money,Successful,Kampala,Android,10,12,1,0
TXN008599,CUST00171,95072.21,Mobile Money,Failed,Mbale,Android,7,24,2,0
TXN008600,CUST00134,106154.5,Bank Transfer,Successful,Jinja,iPhone,2,0,0,0
TXN008601,CUST00965,278666.87,Bank Transfer,Successful,Jinja,iPhone,18,12,1,0
TXN008602,CUST01451,393634.8,Card,Successful,Kampala,Android,2,0,0,0
TXN008603,CUST01049,157500.28,Bank Transfer,Failed,Mbale,Android,2,24,2,0
TXN008604,CUST01554,42792.57,Mobile Money,Successful,Mbale,Web,5,0,0,0
TXN008605,CUST01214,232536.96,Card,Successful,Gulu,Web,10,0,0,0
TXN008606,CUST01165,374181.07,Bank Transfer,Successful,Mbarara,Web,19,0,0,0
TXN008607,CUST01579,111221.09,Mobile Money,Successful,Gulu,Web,13,0,0,0
TXN008608,CUST01870,110352.31,Mobile Money,Successful,Jinja,Web,1,0,0,0
TXN008609,CUST01820,473639.9,Card,Successful,Mbale,Android,11,0,0,0
TXN008610,CUST00658,477099.79,Card,Successful,Mbarara,Web,15,12,1,0
TXN008611,CUST01339,495237.63,Bank Transfer,Suspicious,Gulu,Web,2,40,0,1
TXN008612,CUST01468,403925.97,Bank Transfer,Successful,Mbarara,Web,20,12,1,0
TXN008613,CUST01343,94497.99,Bank Transfer,Successful,Jinja,iPhone,15,12,1,0
TXN008614,CUST01465,106384.77,Bank Transfer,Successful,Mbarara,iPhone,9,12,1,0
TXN008615,CUST01116,170442.51,Card,Successful,Mbale,iPhone,19,0,0,0
TXN008616,CUST00179,159407.2,Mobile Money,Successful,Mbarara,Android,4,0,0,0
TXN008617,CUST01080,478285.61,Mobile Money,Successful,Mbarara,iPhone,12,0,0,0
TXN008618,CUST01179,394642.45,Bank Transfer,Successful,Gulu,Web,11,12,1,0
TXN008619,CUST01696,362142.39,Card,Successful,Mbarara,Web,0,12,1,0
TXN008620,CUST00111,93388.63,Bank Transfer,Successful,Mbarara,Web,19,12,1,0
TXN008621,CUST00137,454808.02,Bank Transfer,Successful,Jinja,Android,10,12,1,0
TXN008622,CUST00232,414021.25,Card,Successful,Mbarara,iPhone,18,12,1,0
TXN008623,CUST00992,82239.1,Mobile Money,Successful,Gulu,iPhone,14,0,0,0
TXN008624,CUST00468,435649.58,Mobile Money,Failed,Gulu,Web,17,24,2,0
TXN008625,CUST00732,136487.64,Bank Transfer,Successful,Mbale,Web,15,0,0,0
TXN008626,CUST00481,40894.44,Card,Successful,Jinja,iPhone,6,0,0,0
TXN008627,CUST01092,328582.74,Mobile Money,Successful,Kampala,iPhone,9,0,0,0
TXN008628,CUST00814,327075.43,Mobile Money,Successful,Mbale,Web,15,12,1,0
TXN008629,CUST01273,47918.54,Card,Successful,Mbarara,iPhone,16,12,1,0
TXN008630,CUST00994,159766.48,Card,Successful,Jinja,iPhone,6,0,0,0
TXN008631,CUST00323,496410.82,Mobile Money,Successful,Mbale,Android,10,12,1,0
TXN008632,CUST00922,339374.12,Bank Transfer,Successful,Gulu,Web,16,0,0,0
TXN008633,CUST00904,365172.55,Bank Transfer,Successful,Jinja,iPhone,4,0,0,0
TXN008634,CUST01542,106852.18,Mobile Money,Successful,Jinja,Android,0,0,0,0
TXN008635,CUST02000,39851.64,Bank Transfer,Successful,Mbarara,Android,2,0,0,0
TXN008636,CUST01816,138812.39,Bank Transfer,Successful,Jinja,Android,15,0,0,0
TXN008637,CUST01456,124824.74,Card,Successful,Jinja,Android,23,12,1,0
TXN008638,CUST01511,117654.78,Card,Successful,Kampala,Android,14,12,1,0
TXN008639,CUST00606,96780.78,Card,Successful,Mbarara,Android,3,12,1,0
TXN008640,CUST00429,287590.47,Bank Transfer,Failed,Jinja,Android,11,24,2,0
TXN008641,CUST01293,164387.69,Card,Successful,Jinja,Web,0,12,1,0
TXN008642,CUST01733,410262.34,Card,Successful,Kampala,Web,16,0,0,0
TXN008643,CUST01561,92381.74,Mobile Money,Successful,Kampala,Web,23,0,0,0
TXN008644,CUST00148,232581.22,Card,Successful,Gulu,Android,14,0,0,0
TXN008645,CUST01142,7322.09,Mobile Money,Successful,Mbarara,iPhone,23,12,1,0
TXN008646,CUST00850,241100.32,Bank Transfer,Successful,Kampala,Android,19,0,0,0
TXN008647,CUST00367,28391.19,Card,Successful,Jinja,Web,19,12,1,0
TXN008648,CUST00850,488872.89,Mobile Money,Successful,Kampala,Web,9,0,0,0
TXN008649,CUST01090,395400.77,Mobile Money,Successful,Mbale,Android,10,12,1,0
TXN008650,CUST01994,245310.68,Mobile Money,Failed,Gulu,Web,17,24,2,0
TXN008651,CUST00813,43750.39,Bank Transfer,Successful,Gulu,iPhone,1,0,0,0
TXN008652,CUST01394,296426.5,Card,Successful,Mbarara,iPhone,5,0,0,0
TXN008653,CUST00175,379502.49,Bank Transfer,Successful,Gulu,iPhone,15,0,0,0
TXN008654,CUST01855,95763.27,Mobile Money,Successful,Mbarara,Android,23,0,0,0
TXN008655,CUST00588,284320.07,Bank Transfer,Successful,Mbale,Web,6,0,0,0
TXN008656,CUST00495,407198.34,Bank Transfer,Successful,Jinja,Web,22,0,0,0
TXN008657,CUST00973,384239.76,Mobile Money,Successful,Mbale,iPhone,18,0,0,0
TXN008658,CUST01138,401594.51,Card,Successful,Mbarara,Web,11,0,0,0
TXN008659,CUST01135,439722.05,Card,Successful,Mbarara,Android,17,0,0,0
TXN008660,CUST01785,468872.21,Bank Transfer,Failed,Mbarara,iPhone,9,24,2,0
TXN008661,CUST01463,203057.82,Card,Successful,Jinja,Android,6,0,0,0
TXN008662,CUST01739,284600.17,Mobile Money,Successful,Mbarara,Android,3,0,0,0
TXN008663,CUST01171,395434.43,Card,Successful,Mbale,Web,16,12,1,0
TXN008664,CUST00035,348721.34,Bank Transfer,Successful,Jinja,Android,16,12,1,0
TXN008665,CUST00999,497762.35,Mobile Money,Suspicious,Mbale,iPhone,3,64,2,1
TXN008666,CUST01333,7331.99,Mobile Money,Successful,Jinja,Android,20,12,1,0
TXN008667,CUST00538,177889.04,Mobile Money,Successful,Mbarara,Web,4,0,0,0
TXN008668,CUST00750,140873.45,Bank Transfer,Successful,Jinja,Android,0,0,0,0
TXN008669,CUST01038,131526.77,Bank Transfer,Successful,Kampala,Android,18,0,0,0
TXN008670,CUST00374,111653.63,Card,Failed,Mbale,Web,21,24,2,0
TXN008671,CUST00557,354707.36,Bank Transfer,Successful,Kampala,Web,22,0,0,0
TXN008672,CUST01452,42837.36,Mobile Money,Successful,Kampala,Web,10,0,0,0
TXN008673,CUST01752,370933.61,Bank Transfer,Successful,Mbarara,Web,0,12,1,0
TXN008674,CUST00233,346866.21,Bank Transfer,Failed,Mbarara,Web,7,24,2,0
TXN008675,CUST00705,125776.66,Card,Successful,Kampala,Web,3,0,0,0
TXN008676,CUST00563,126790.47,Mobile Money,Successful,Jinja,Web,21,0,0,0
TXN008677,CUST00939,314615.86,Card,Successful,Mbarara,Android,14,0,0,0
TXN008678,CUST00887,381204.47,Card,Successful,Mbale,Android,16,0,0,0
TXN008679,CUST00726,438304.56,Card,Successful,Kampala,Android,17,12,1,0
TXN008680,CUST01687,426143.71,Mobile Money,Suspicious,Mbale,iPhone,2,40,0,1
TXN008681,CUST01464,482459.06,Card,Successful,Mbale,Web,17,0,0,0
TXN008682,CUST01526,290901.76,Mobile Money,Successful,Mbale,Android,6,12,1,0
TXN008683,CUST01299,454373.45,Card,Successful,Kampala,Web,16,12,1,0
TXN008684,CUST01874,404352.38,Card,Successful,Gulu,iPhone,17,12,1,0
TXN008685,CUST00076,447386.48,Mobile Money,Successful,Mbarara,Web,19,0,0,0
TXN008686,CUST00439,6307.49,Bank Transfer,Successful,Mbale,Android,7,0,0,0
TXN008687,CUST01756,482968.54,Card,Failed,Kampala,iPhone,10,24,2,0
TXN008688,CUST01884,237028.32,Bank Transfer,Successful,Gulu,Web,2,0,0,0
TXN008689,CUST01980,399192.4,Card,Successful,Kampala,iPhone,6,0,0,0
TXN008690,CUST00699,64038.46,Bank Transfer,Failed,Mbarara,Web,14,24,2,0
TXN008691,CUST01313,198272.58,Bank Transfer,Successful,Kampala,iPhone,9,0,0,0
TXN008692,CUST00915,136094.6,Bank Transfer,Successful,Jinja,Android,11,0,0,0
TXN008693,CUST01564,146183.56,Bank Transfer,Failed,Jinja,Web,11,24,2,0
TXN008694,CUST00891,62066.18,Bank Transfer,Successful,Mbale,Web,18,12,1,0
TXN008695,CUST00692,402979.03,Mobile Money,Failed,Kampala,Web,18,24,2,0
TXN008696,CUST00253,5116.54,Bank Transfer,Successful,Kampala,Android,14,12,1,0
TXN008697,CUST01150,156596.48,Mobile Money,Failed,Mbale,iPhone,20,24,2,0
TXN008698,CUST01201,87618.07,Card,Successful,Mbale,Android,20,12,1,0
TXN008699,CUST01061,294724.95,Mobile Money,Successful,Gulu,iPhone,4,12,1,0
TXN008700,CUST00410,127499.08,Bank Transfer,Successful,Kampala,Web,12,12,1,0
TXN008701,CUST01635,129869.73,Mobile Money,Successful,Mbarara,iPhone,8,0,0,0
TXN008702,CUST01634,244424.9,Bank Transfer,Successful,Mbarara,iPhone,21,0,0,0
TXN008703,CUST00127,326518.18,Mobile Money,Successful,Mbarara,Web,22,0,0,0
TXN008704,CUST01507,61091.7,Card,Successful,Mbale,Web,9,12,1,0
TXN008705,CUST01192,88167.97,Bank Transfer,Successful,Mbale,iPhone,7,0,0,0
TXN008706,CUST00592,123963.78,Bank Transfer,Successful,Mbale,Web,8,0,0,0
TXN008707,CUST00294,486887.23,Mobile Money,Successful,Mbarara,Web,5,0,0,0
TXN008708,CUST01869,198877.67,Mobile Money,Successful,Gulu,iPhone,23,0,0,0
TXN008709,CUST01662,299695.55,Mobile Money,Successful,Jinja,Android,17,12,1,0
TXN008710,CUST01367,121150.63,Mobile Money,Failed,Kampala,Android,9,24,2,0
TXN008711,CUST01020,245484.53,Mobile Money,Failed,Jinja,Web,23,24,2,0
TXN008712,CUST00310,37522.53,Bank Transfer,Successful,Kampala,iPhone,14,12,1,0
TXN008713,CUST00662,17853.7,Card,Successful,Mbale,Web,12,0,0,0
TXN008714,CUST00528,234632.4,Mobile Money,Successful,Mbarara,Android,10,12,1,0
TXN008715,CUST00540,199630.31,Bank Transfer,Successful,Jinja,Android,1,0,0,0
TXN008716,CUST00419,68871.72,Card,Successful,Mbale,iPhone,7,12,1,0
TXN008717,CUST00444,343956.91,Card,Successful,Kampala,iPhone,17,0,0,0
TXN008718,CUST00685,496455.29,Mobile Money,Suspicious,Jinja,Android,2,52,1,1
TXN008719,CUST01582,198125.59,Bank Transfer,Successful,Jinja,iPhone,22,0,0,0
TXN008720,CUST00840,312467.04,Bank Transfer,Failed,Jinja,Android,2,24,2,0
TXN008721,CUST00236,481506.48,Bank Transfer,Successful,Jinja,Web,20,0,0,0
TXN008722,CUST01463,415851.72,Bank Transfer,Successful,Jinja,Android,6,12,1,0
TXN008723,CUST00214,232044.34,Bank Transfer,Successful,Mbale,Android,17,0,0,0
TXN008724,CUST00085,368876.0,Card,Successful,Kampala,iPhone,20,0,0,0
TXN008725,CUST00794,64503.45,Card,Successful,Kampala,iPhone,20,12,1,0
TXN008726,CUST01768,256295.88,Card,Successful,Gulu,iPhone,8,0,0,0
TXN008727,CUST00085,139890.61,Bank Transfer,Successful,Mbarara,Web,17,0,0,0
TXN008728,CUST01945,81001.26,Card,Successful,Jinja,iPhone,0,0,0,0
TXN008729,CUST01513,213427.31,Card,Successful,Kampala,Web,3,0,0,0
TXN008730,CUST00065,65941.77,Mobile Money,Successful,Mbarara,iPhone,3,0,0,0
TXN008731,CUST01670,349643.06,Card,Failed,Mbarara,iPhone,16,24,2,0
TXN008732,CUST00663,228391.9,Mobile Money,Successful,Mbale,Android,22,0,0,0
TXN008733,CUST00627,265806.74,Bank Transfer,Successful,Jinja,Android,1,0,0,0
TXN008734,CUST00064,73614.78,Bank Transfer,Successful,Gulu,Android,14,0,0,0
TXN008735,CUST01367,70315.94,Bank Transfer,Successful,Mbarara,Web,12,0,0,0
TXN008736,CUST00939,291916.01,Bank Transfer,Successful,Mbale,iPhone,8,12,1,0
TXN008737,CUST01899,492512.37,Card,Failed,Jinja,Android,6,36,3,0
TXN008738,CUST00919,48577.17,Mobile Money,Successful,Kampala,iPhone,11,0,0,0
TXN008739,CUST01376,143222.85,Bank Transfer,Successful,Gulu,Android,11,0,0,0
TXN008740,CUST01182,434794.83,Bank Transfer,Successful,Jinja,iPhone,13,0,0,0
TXN008741,CUST01613,36599.87,Mobile Money,Successful,Mbale,Android,22,12,1,0
TXN008742,CUST00491,438004.92,Mobile Money,Successful,Mbale,Android,14,0,0,0
TXN008743,CUST01682,262380.85,Mobile Money,Successful,Mbale,Android,0,0,0,0
TXN008744,CUST01879,204429.25,Mobile Money,Successful,Mbale,Android,8,12,1,0
TXN008745,CUST01487,155185.44,Mobile Money,Successful,Mbale,Android,15,12,1,0
TXN008746,CUST01249,148910.02,Card,Successful,Gulu,iPhone,8,12,1,0
TXN008747,CUST01941,153248.39,Mobile Money,Successful,Mbarara,Android,15,0,0,0
TXN008748,CUST00313,442459.14,Card,Suspicious,Mbarara,iPhone,1,52,1,1
TXN008749,CUST00615,362035.72,Mobile Money,Successful,Kampala,Android,9,0,0,0
TXN008750,CUST00919,335026.64,Mobile Money,Successful,Mbarara,iPhone,17,12,1,0
TXN008751,CUST01883,399475.2,Bank Transfer,Successful,Mbale,Android,12,12,1,0
TXN008752,CUST00813,128928.77,Bank Transfer,Successful,Mbarara,Android,1,0,0,0
TXN008753,CUST00940,309212.38,Bank Transfer,Successful,Mbarara,Android,12,0,0,0
TXN008754,CUST01490,230303.09,Bank Transfer,Successful,Mbale,Web,23,0,0,0
TXN008755,CUST01112,391329.6,Bank Transfer,Successful,Gulu,iPhone,2,0,0,0
TXN008756,CUST01907,154973.43,Bank Transfer,Successful,Mbale,iPhone,14,0,0,0
TXN008757,CUST01327,321767.72,Mobile Money,Successful,Mbarara,Android,2,0,0,0
TXN008758,CUST00680,441165.1,Mobile Money,Successful,Mbarara,Android,22,0,0,0
TXN008759,CUST00435,201374.16,Bank Transfer,Successful,Kampala,Android,9,0,0,0
TXN008760,CUST00682,33777.73,Bank Transfer,Failed,Mbale,Web,5,24,2,0
TXN008761,CUST01159,258267.39,Bank Transfer,Successful,Kampala,Android,22,0,0,0
TXN008762,CUST01074,173313.26,Mobile Money,Successful,Kampala,Android,21,0,0,0
TXN008763,CUST01456,336276.58,Bank Transfer,Failed,Jinja,iPhone,13,24,2,0
TXN008764,CUST00340,475540.95,Bank Transfer,Successful,Kampala,Web,8,12,1,0
TXN008765,CUST00347,243061.35,Mobile Money,Successful,Mbarara,iPhone,17,0,0,0
TXN008766,CUST00646,233362.02,Mobile Money,Successful,Mbarara,Web,7,0,0,0
TXN008767,CUST01371,327465.11,Card,Successful,Jinja,Web,5,0,0,0
TXN008768,CUST00649,52197.0,Bank Transfer,Successful,Jinja,iPhone,14,12,1,0
TXN008769,CUST00245,127126.34,Mobile Money,Successful,Mbale,iPhone,13,12,1,0
TXN008770,CUST00109,459530.17,Card,Successful,Jinja,Web,14,0,0,0
TXN008771,CUST01849,335136.34,Mobile Money,Successful,Gulu,Web,19,0,0,0
TXN008772,CUST01823,7215.3,Card,Successful,Mbarara,Android,5,0,0,0
TXN008773,CUST00533,102710.42,Card,Successful,Mbarara,Android,21,12,1,0
TXN008774,CUST01114,341577.21,Bank Transfer,Successful,Jinja,iPhone,11,0,0,0
TXN008775,CUST00296,382317.4,Bank Transfer,Failed,Jinja,Web,9,24,2,0
TXN008776,CUST00112,420009.86,Card,Successful,Mbarara,iPhone,18,12,1,0
TXN008777,CUST01837,146442.31,Bank Transfer,Successful,Jinja,Android,7,0,0,0
TXN008778,CUST01613,465548.78,Mobile Money,Suspicious,Mbale,Android,4,64,2,1
TXN008779,CUST01201,276696.97,Mobile Money,Successful,Jinja,Android,9,0,0,0
TXN008780,CUST00343,348421.24,Card,Successful,Jinja,Web,10,0,0,0
TXN008781,CUST01684,298571.06,Card,Successful,Mbale,iPhone,19,0,0,0
TXN008782,CUST00101,61808.66,Mobile Money,Successful,Mbale,Web,13,12,1,0
TXN008783,CUST01782,481575.77,Mobile Money,Failed,Mbale,Web,13,24,2,0
TXN008784,CUST00629,61876.35,Card,Successful,Mbarara,Android,1,0,0,0
TXN008785,CUST01628,127813.54,Mobile Money,Failed,Jinja,Android,16,24,2,0
TXN008786,CUST01425,406907.13,Mobile Money,Successful,Mbale,iPhone,14,0,0,0
TXN008787,CUST00028,309489.18,Card,Successful,Mbale,Web,22,12,1,0
TXN008788,CUST00937,419155.51,Bank Transfer,Suspicious,Mbarara,iPhone,2,64,2,1
TXN008789,CUST01986,258110.23,Mobile Money,Successful,Gulu,iPhone,2,0,0,0
TXN008790,CUST01561,188808.12,Bank Transfer,Successful,Jinja,iPhone,2,0,0,0
TXN008791,CUST00058,460961.83,Bank Transfer,Suspicious,Gulu,iPhone,2,40,0,1
TXN008792,CUST01522,18608.03,Mobile Money,Successful,Gulu,Android,17,0,0,0
TXN008793,CUST00297,428137.05,Bank Transfer,Successful,Mbale,iPhone,5,0,0,0
TXN008794,CUST00134,115793.48,Card,Successful,Mbarara,Android,13,0,0,0
TXN008795,CUST01355,424443.8,Mobile Money,Suspicious,Jinja,iPhone,2,52,1,1
TXN008796,CUST00249,70028.71,Mobile Money,Successful,Jinja,Android,0,0,0,0
TXN008797,CUST01021,290319.37,Bank Transfer,Successful,Jinja,iPhone,9,12,1,0
TXN008798,CUST00550,444109.91,Mobile Money,Successful,Gulu,Web,12,12,1,0
TXN008799,CUST00902,237033.05,Mobile Money,Successful,Kampala,Web,8,12,1,0
TXN008800,CUST01965,373410.05,Bank Transfer,Failed,Mbarara,Android,21,24,2,0
TXN008801,CUST01099,402433.47,Bank Transfer,Failed,Kampala,Android,21,24,2,0
TXN008802,CUST01678,368378.86,Mobile Money,Successful,Gulu,iPhone,1,0,0,0
TXN008803,CUST00834,462702.2,Mobile Money,Successful,Mbale,Web,9,12,1,0
TXN008804,CUST01192,223693.7,Card,Successful,Kampala,iPhone,11,0,0,0
TXN008805,CUST00771,86976.16,Card,Failed,Kampala,Android,18,24,2,0
TXN008806,CUST01527,24381.63,Mobile Money,Successful,Mbarara,iPhone,2,0,0,0
TXN008807,CUST01909,123606.7,Mobile Money,Successful,Gulu,Web,18,12,1,0
TXN008808,CUST01379,72027.15,Card,Successful,Mbarara,Web,0,0,0,0
TXN008809,CUST01249,279195.4,Bank Transfer,Successful,Mbale,Web,14,0,0,0
TXN008810,CUST01688,92880.2,Mobile Money,Successful,Jinja,Web,22,12,1,0
TXN008811,CUST01555,19947.39,Card,Successful,Gulu,Web,12,12,1,0
TXN008812,CUST00146,18476.92,Card,Failed,Mbale,Android,6,24,2,0
TXN008813,CUST01984,415868.96,Mobile Money,Suspicious,Mbale,iPhone,1,40,0,1
TXN008814,CUST01265,295929.24,Mobile Money,Successful,Kampala,iPhone,21,12,1,0
TXN008815,CUST01908,179363.61,Card,Successful,Mbarara,iPhone,19,0,0,0
TXN008816,CUST00893,447166.91,Mobile Money,Successful,Kampala,Android,10,0,0,0
TXN008817,CUST00344,35563.21,Bank Transfer,Successful,Kampala,Android,22,12,1,0
TXN008818,CUST01773,490170.88,Mobile Money,Successful,Jinja,Android,15,0,0,0
TXN008819,CUST01059,308337.75,Card,Failed,Mbarara,Android,13,24,2,0
TXN008820,CUST00702,92140.39,Card,Successful,Jinja,iPhone,22,0,0,0
TXN008821,CUST00001,339695.01,Mobile Money,Failed,Mbale,Web,14,24,2,0
TXN008822,CUST00153,381808.94,Card,Successful,Jinja,Web,19,0,0,0
TXN008823,CUST00429,214956.72,Bank Transfer,Successful,Mbale,Android,18,0,0,0
TXN008824,CUST01969,430885.49,Mobile Money,Successful,Kampala,iPhone,6,12,1,0
TXN008825,CUST00508,75790.84,Mobile Money,Successful,Jinja,iPhone,8,0,0,0
TXN008826,CUST01150,139779.37,Card,Successful,Mbarara,Android,3,0,0,0
TXN008827,CUST00491,47199.43,Bank Transfer,Successful,Jinja,iPhone,5,0,0,0
TXN008828,CUST01506,105833.48,Mobile Money,Failed,Mbale,Web,22,24,2,0
TXN008829,CUST00345,119745.04,Card,Successful,Gulu,Android,9,0,0,0
TXN008830,CUST01936,458857.78,Mobile Money,Suspicious,Mbarara,iPhone,2,52,1,1
TXN008831,CUST01762,39515.79,Bank Transfer,Successful,Mbale,iPhone,20,0,0,0
TXN008832,CUST00221,213993.85,Card,Successful,Gulu,iPhone,0,12,1,0
TXN008833,CUST01939,266433.14,Mobile Money,Successful,Mbarara,Android,5,12,1,0
TXN008834,CUST01943,449397.18,Card,Suspicious,Gulu,Web,4,52,1,1
TXN008835,CUST00723,498849.26,Card,Successful,Kampala,iPhone,22,0,0,0
TXN008836,CUST01049,376817.36,Bank Transfer,Successful,Kampala,Android,14,0,0,0
TXN008837,CUST00528,485410.1,Bank Transfer,Successful,Jinja,Android,10,0,0,0
TXN008838,CUST01206,393657.02,Mobile Money,Successful,Jinja,iPhone,19,12,1,0
TXN008839,CUST01523,481619.72,Card,Successful,Jinja,Android,12,12,1,0
TXN008840,CUST00841,353781.73,Card,Successful,Jinja,Web,5,0,0,0
TXN008841,CUST01665,40341.83,Card,Successful,Gulu,Web,4,0,0,0
TXN008842,CUST01066,201259.13,Mobile Money,Failed,Mbarara,Android,1,24,2,0
TXN008843,CUST01939,323475.34,Bank Transfer,Successful,Mbarara,iPhone,16,12,1,0
TXN008844,CUST00481,175683.9,Bank Transfer,Successful,Jinja,Web,23,0,0,0
TXN008845,CUST00930,137055.27,Card,Successful,Kampala,iPhone,11,0,0,0
TXN008846,CUST01872,288910.93,Mobile Money,Successful,Mbale,Android,11,0,0,0
TXN008847,CUST01772,466784.19,Card,Successful,Jinja,Web,21,12,1,0
TXN008848,CUST00872,17973.45,Bank Transfer,Successful,Jinja,iPhone,13,12,1,0
TXN008849,CUST01463,384730.99,Card,Successful,Kampala,Android,6,12,1,0
TXN008850,CUST01426,361502.28,Card,Successful,Mbale,iPhone,21,0,0,0
TXN008851,CUST01570,481994.74,Card,Successful,Gulu,Web,13,12,1,0
TXN008852,CUST00345,465390.26,Bank Transfer,Successful,Gulu,Android,6,12,1,0
TXN008853,CUST01917,381235.16,Mobile Money,Successful,Mbale,Android,8,12,1,0
TXN008854,CUST00045,260444.18,Card,Successful,Mbale,iPhone,13,12,1,0
TXN008855,CUST01670,102531.64,Bank Transfer,Successful,Gulu,iPhone,20,12,1,0
TXN008856,CUST00021,272845.24,Card,Successful,Jinja,Android,16,0,0,0
TXN008857,CUST01658,382793.32,Mobile Money,Successful,Jinja,Web,16,0,0,0
TXN008858,CUST01094,447886.77,Card,Failed,Kampala,Web,20,24,2,0
TXN008859,CUST01888,394961.15,Mobile Money,Successful,Mbale,iPhone,12,12,1,0
TXN008860,CUST00873,98035.83,Bank Transfer,Successful,Jinja,iPhone,17,12,1,0
TXN008861,CUST00048,300043.31,Mobile Money,Successful,Jinja,iPhone,18,0,0,0
TXN008862,CUST01515,166420.64,Mobile Money,Successful,Kampala,Web,16,0,0,0
TXN008863,CUST00551,5098.23,Bank Transfer,Successful,Mbale,Web,5,12,1,0
TXN008864,CUST00287,100510.36,Mobile Money,Successful,Kampala,iPhone,11,0,0,0
TXN008865,CUST01002,57053.71,Mobile Money,Successful,Kampala,iPhone,5,12,1,0
TXN008866,CUST01034,421438.2,Bank Transfer,Suspicious,Gulu,Android,2,40,0,1
TXN008867,CUST00542,129623.87,Mobile Money,Failed,Kampala,Android,14,24,2,0
TXN008868,CUST00756,142706.64,Mobile Money,Successful,Mbale,Android,2,0,0,0
TXN008869,CUST00274,479988.32,Card,Successful,Jinja,Android,22,0,0,0
TXN008870,CUST00956,189853.82,Mobile Money,Successful,Jinja,iPhone,14,12,1,0
TXN008871,CUST00600,5288.03,Mobile Money,Successful,Gulu,Web,0,0,0,0
TXN008872,CUST01780,142281.15,Mobile Money,Successful,Mbale,Web,20,0,0,0
TXN008873,CUST00381,60090.14,Bank Transfer,Successful,Jinja,Android,2,12,1,0
TXN008874,CUST01353,51852.88,Mobile Money,Successful,Kampala,Web,4,12,1,0
TXN008875,CUST00479,39204.9,Bank Transfer,Successful,Mbarara,Android,13,12,1,0
TXN008876,CUST00015,296833.11,Bank Transfer,Successful,Mbarara,iPhone,3,0,0,0
TXN008877,CUST00516,95079.19,Mobile Money,Successful,Mbarara,Android,21,12,1,0
TXN008878,CUST00191,180940.78,Mobile Money,Successful,Mbarara,Web,8,0,0,0
TXN008879,CUST01192,431077.85,Mobile Money,Successful,Kampala,Web,17,0,0,0
TXN008880,CUST01545,212456.9,Mobile Money,Successful,Jinja,Web,9,12,1,0
TXN008881,CUST00621,457887.83,Mobile Money,Failed,Gulu,iPhone,7,24,2,0
TXN008882,CUST01161,249220.06,Mobile Money,Successful,Kampala,Android,12,0,0,0
TXN008883,CUST00154,199718.89,Mobile Money,Successful,Jinja,iPhone,1,0,0,0
TXN008884,CUST01412,375319.27,Bank Transfer,Successful,Mbale,iPhone,19,0,0,0
TXN008885,CUST01233,37050.96,Card,Successful,Jinja,Android,19,0,0,0
TXN008886,CUST00272,45194.45,Bank Transfer,Successful,Jinja,Web,6,0,0,0
TXN008887,CUST00143,326160.87,Mobile Money,Successful,Jinja,Web,10,0,0,0
TXN008888,CUST01635,243726.89,Card,Successful,Kampala,Web,4,0,0,0
TXN008889,CUST01913,395312.42,Card,Successful,Jinja,Web,17,0,0,0
TXN008890,CUST01844,458177.28,Mobile Money,Successful,Jinja,iPhone,7,0,0,0
TXN008891,CUST01093,194489.26,Mobile Money,Successful,Mbale,Android,9,12,1,0
TXN008892,CUST00247,298406.81,Bank Transfer,Successful,Mbale,Android,1,12,1,0
TXN008893,CUST01285,250597.97,Card,Successful,Mbarara,Android,2,12,1,0
TXN008894,CUST00788,490814.52,Card,Successful,Kampala,iPhone,22,12,1,0
TXN008895,CUST00079,415626.66,Mobile Money,Suspicious,Jinja,Web,4,52,1,1
TXN008896,CUST01682,455912.99,Mobile Money,Successful,Mbarara,Web,15,0,0,0
TXN008897,CUST00623,127542.87,Card,Successful,Mbarara,Android,9,0,0,0
TXN008898,CUST01794,386376.95,Card,Successful,Kampala,Web,10,0,0,0
TXN008899,CUST01629,133103.88,Mobile Money,Successful,Mbarara,iPhone,18,0,0,0
TXN008900,CUST00525,104766.9,Mobile Money,Successful,Mbarara,Web,15,12,1,0
TXN008901,CUST00772,472160.95,Mobile Money,Successful,Kampala,Web,11,0,0,0
TXN008902,CUST00938,10142.56,Bank Transfer,Successful,Gulu,Web,1,12,1,0
TXN008903,CUST01645,482711.66,Bank Transfer,Successful,Mbarara,Android,10,0,0,0
TXN008904,CUST01354,75056.32,Mobile Money,Successful,Mbale,iPhone,21,12,1,0
TXN008905,CUST01213,409809.32,Bank Transfer,Suspicious,Mbarara,Android,0,52,1,1
TXN008906,CUST01119,138323.32,Card,Failed,Kampala,iPhone,23,24,2,0
TXN008907,CUST00617,175675.81,Card,Successful,Kampala,Android,4,12,1,0
TXN008908,CUST01032,108770.48,Mobile Money,Successful,Gulu,iPhone,20,0,0,0
TXN008909,CUST00067,292964.26,Card,Successful,Gulu,iPhone,13,12,1,0
TXN008910,CUST01520,174373.73,Card,Successful,Mbale,Android,17,0,0,0
TXN008911,CUST00191,328867.82,Card,Successful,Mbale,Android,6,0,0,0
TXN008912,CUST01390,8315.84,Card,Successful,Mbarara,Web,4,0,0,0
TXN008913,CUST00768,32655.25,Card,Successful,Gulu,iPhone,7,0,0,0
TXN008914,CUST00521,50280.75,Bank Transfer,Successful,Mbale,iPhone,20,0,0,0
TXN008915,CUST00990,209787.35,Bank Transfer,Successful,Mbarara,iPhone,14,0,0,0
TXN008916,CUST01141,407490.69,Mobile Money,Suspicious,Jinja,iPhone,4,40,0,1
TXN008917,CUST00267,444144.87,Card,Successful,Mbarara,iPhone,12,0,0,0
TXN008918,CUST01635,122782.96,Bank Transfer,Successful,Mbale,Web,18,12,1,0
TXN008919,CUST00485,287397.68,Bank Transfer,Successful,Mbarara,Web,1,12,1,0
TXN008920,CUST01533,384298.31,Bank Transfer,Successful,Jinja,Web,4,0,0,0
TXN008921,CUST01322,144770.3,Card,Successful,Mbale,iPhone,4,12,1,0
TXN008922,CUST01933,204799.36,Bank Transfer,Successful,Mbarara,Android,5,12,1,0
TXN008923,CUST01188,262225.11,Mobile Money,Successful,Mbale,Android,15,0,0,0
TXN008924,CUST00376,67869.99,Mobile Money,Successful,Mbarara,iPhone,1,0,0,0
TXN008925,CUST00653,13478.16,Card,Successful,Kampala,Web,4,0,0,0
TXN008926,CUST01292,76826.5,Mobile Money,Successful,Mbale,Android,14,0,0,0
TXN008927,CUST00549,313613.38,Bank Transfer,Successful,Mbale,Android,0,0,0,0
TXN008928,CUST01098,37272.32,Card,Failed,Mbale,Web,18,24,2,0
TXN008929,CUST01532,95253.33,Mobile Money,Failed,Mbale,iPhone,2,24,2,0
TXN008930,CUST00073,169258.02,Card,Successful,Mbarara,iPhone,18,0,0,0
TXN008931,CUST00308,39396.1,Bank Transfer,Successful,Gulu,iPhone,14,0,0,0
TXN008932,CUST00199,96253.79,Mobile Money,Successful,Mbarara,iPhone,2,12,1,0
TXN008933,CUST01154,455679.26,Bank Transfer,Successful,Jinja,iPhone,7,12,1,0
TXN008934,CUST01782,10139.92,Mobile Money,Successful,Kampala,Android,14,0,0,0
TXN008935,CUST01848,326889.25,Card,Failed,Mbarara,Web,0,36,3,0
TXN008936,CUST00572,192512.26,Mobile Money,Successful,Mbarara,Android,5,12,1,0
TXN008937,CUST00791,336488.05,Mobile Money,Successful,Mbale,Android,21,0,0,0
TXN008938,CUST01639,294551.51,Mobile Money,Successful,Jinja,Android,16,0,0,0
TXN008939,CUST01832,112137.63,Card,Successful,Mbale,Web,15,0,0,0
TXN008940,CUST01856,423681.14,Mobile Money,Successful,Mbale,Android,12,0,0,0
TXN008941,CUST01511,246224.22,Bank Transfer,Successful,Gulu,Android,0,0,0,0
TXN008942,CUST01877,411356.74,Card,Suspicious,Kampala,iPhone,2,40,0,1
TXN008943,CUST01175,203303.26,Card,Successful,Gulu,Web,23,0,0,0
TXN008944,CUST01693,492350.43,Bank Transfer,Successful,Mbale,iPhone,5,12,1,0
TXN008945,CUST01230,385359.43,Card,Successful,Kampala,iPhone,19,0,0,0
TXN008946,CUST00179,482992.13,Mobile Money,Successful,Mbarara,Android,20,0,0,0
TXN008947,CUST00197,257406.08,Card,Successful,Jinja,iPhone,2,0,0,0
TXN008948,CUST00735,237108.72,Bank Transfer,Failed,Gulu,Android,14,24,2,0
TXN008949,CUST00089,377849.18,Card,Successful,Jinja,iPhone,14,0,0,0
TXN008950,CUST00799,440205.49,Bank Transfer,Successful,Mbale,Web,10,0,0,0
TXN008951,CUST01458,482090.83,Card,Failed,Kampala,Web,21,24,2,0
TXN008952,CUST00788,162613.68,Bank Transfer,Successful,Mbarara,iPhone,5,12,1,0
TXN008953,CUST00748,399452.93,Card,Successful,Kampala,Android,5,12,1,0
TXN008954,CUST01207,105717.48,Mobile Money,Successful,Jinja,Android,8,0,0,0
TXN008955,CUST00209,273014.39,Bank Transfer,Successful,Jinja,Android,13,0,0,0
TXN008956,CUST00493,90334.15,Bank Transfer,Successful,Mbarara,iPhone,10,0,0,0
TXN008957,CUST01154,174024.98,Card,Failed,Mbarara,Android,23,24,2,0
TXN008958,CUST00665,465713.5,Card,Successful,Kampala,iPhone,5,0,0,0
TXN008959,CUST01037,73472.3,Card,Successful,Gulu,Web,17,0,0,0
TXN008960,CUST01658,316384.25,Mobile Money,Successful,Kampala,Android,19,0,0,0
TXN008961,CUST00871,296680.66,Card,Successful,Jinja,iPhone,14,0,0,0
TXN008962,CUST00732,60808.81,Bank Transfer,Successful,Kampala,Android,21,0,0,0
TXN008963,CUST01130,163326.53,Card,Successful,Mbale,iPhone,8,12,1,0
TXN008964,CUST01399,281709.26,Mobile Money,Successful,Kampala,Android,10,0,0,0
TXN008965,CUST01606,93995.72,Card,Failed,Kampala,Web,1,24,2,0
TXN008966,CUST01731,400411.52,Card,Successful,Mbale,iPhone,5,0,0,0
TXN008967,CUST00698,486092.18,Bank Transfer,Successful,Jinja,iPhone,22,0,0,0
TXN008968,CUST01123,107772.32,Card,Successful,Mbarara,Web,13,12,1,0
TXN008969,CUST00594,93862.53,Mobile Money,Successful,Kampala,Web,13,12,1,0
TXN008970,CUST01611,227740.07,Card,Successful,Gulu,Android,23,0,0,0
TXN008971,CUST00886,374008.76,Card,Failed,Mbarara,iPhone,12,24,2,0
TXN008972,CUST00852,141159.5,Bank Transfer,Successful,Gulu,iPhone,4,12,1,0
TXN008973,CUST01216,10430.01,Card,Successful,Kampala,Android,8,0,0,0
TXN008974,CUST00325,270839.7,Bank Transfer,Successful,Gulu,Android,10,0,0,0
TXN008975,CUST00979,478321.98,Bank Transfer,Successful,Mbarara,iPhone,6,0,0,0
TXN008976,CUST01750,195942.79,Card,Successful,Gulu,Web,1,12,1,0
TXN008977,CUST01851,210357.21,Bank Transfer,Successful,Gulu,Android,23,0,0,0
TXN008978,CUST00956,484466.41,Bank Transfer,Successful,Mbarara,iPhone,11,12,1,0
TXN008979,CUST01491,347456.5,Card,Successful,Mbarara,Android,4,0,0,0
TXN008980,CUST00894,359726.38,Card,Failed,Mbarara,Web,23,24,2,0
TXN008981,CUST01391,281569.65,Mobile Money,Successful,Mbarara,iPhone,1,12,1,0
TXN008982,CUST01342,487317.3,Mobile Money,Successful,Mbale,iPhone,13,0,0,0
TXN008983,CUST00144,344588.81,Bank Transfer,Successful,Kampala,iPhone,6,0,0,0
TXN008984,CUST00384,447568.86,Bank Transfer,Suspicious,Mbarara,Web,4,52,1,1
TXN008985,CUST00216,349839.74,Card,Successful,Jinja,Android,3,12,1,0
TXN008986,CUST01385,367690.35,Mobile Money,Successful,Gulu,Web,9,12,1,0
TXN008987,CUST00324,145560.26,Mobile Money,Successful,Mbarara,Web,15,12,1,0
TXN008988,CUST01039,152087.61,Card,Successful,Mbarara,Web,5,12,1,0
TXN008989,CUST00217,391600.83,Card,Successful,Kampala,iPhone,20,0,0,0
TXN008990,CUST01516,148704.79,Card,Successful,Mbarara,Web,5,0,0,0
TXN008991,CUST00951,281603.65,Card,Successful,Mbale,iPhone,8,0,0,0
TXN008992,CUST01571,125051.48,Mobile Money,Successful,Jinja,iPhone,0,0,0,0
TXN008993,CUST00183,408583.2,Card,Failed,Jinja,Android,15,24,2,0
TXN008994,CUST00270,55695.42,Card,Successful,Mbarara,Android,16,12,1,0
TXN008995,CUST00945,414808.6,Mobile Money,Failed,Kampala,Web,12,24,2,0
TXN008996,CUST01491,301563.54,Card,Successful,Mbarara,iPhone,5,0,0,0
TXN008997,CUST00870,93861.31,Mobile Money,Successful,Gulu,iPhone,1,0,0,0
TXN008998,CUST01636,271246.68,Mobile Money,Successful,Jinja,Android,7,0,0,0
TXN008999,CUST01543,141608.17,Card,Successful,Gulu,iPhone,22,12,1,0
TXN009000,CUST01566,162071.93,Card,Successful,Mbale,Web,21,0,0,0
TXN009001,CUST00467,176088.26,Bank Transfer,Failed,Jinja,iPhone,3,36,3,0
TXN009002,CUST00305,32127.96,Bank Transfer,Successful,Jinja,Web,8,0,0,0
TXN009003,CUST01168,492987.86,Mobile Money,Successful,Mbale,Android,22,0,0,0
TXN009004,CUST00111,16251.55,Mobile Money,Successful,Gulu,Android,6,12,1,0
TXN009005,CUST01014,331417.19,Bank Transfer,Successful,Mbarara,iPhone,20,0,0,0
TXN009006,CUST00232,185928.21,Mobile Money,Successful,Kampala,iPhone,0,12,1,0
TXN009007,CUST01715,323182.14,Bank Transfer,Successful,Gulu,Android,13,0,0,0
TXN009008,CUST01608,178446.0,Card,Successful,Mbale,Web,1,12,1,0
TXN009009,CUST01746,337038.45,Card,Successful,Mbale,Web,7,12,1,0
TXN009010,CUST01756,364753.14,Card,Successful,Mbale,Web,10,0,0,0
TXN009011,CUST01616,345431.04,Mobile Money,Successful,Jinja,Android,4,0,0,0
TXN009012,CUST01524,57424.01,Card,Successful,Mbarara,Android,17,0,0,0
TXN009013,CUST00595,328618.17,Mobile Money,Failed,Jinja,Android,11,36,3,0
TXN009014,CUST01578,140353.78,Card,Successful,Jinja,iPhone,20,0,0,0
TXN009015,CUST01297,14886.28,Mobile Money,Successful,Jinja,Android,23,0,0,0
TXN009016,CUST01727,207707.92,Mobile Money,Successful,Mbale,Web,19,0,0,0
TXN009017,CUST00173,217054.78,Bank Transfer,Successful,Gulu,Web,18,0,0,0
TXN009018,CUST00973,233853.48,Bank Transfer,Successful,Kampala,Android,4,0,0,0
TXN009019,CUST01031,352559.67,Bank Transfer,Successful,Kampala,Android,6,0,0,0
TXN009020,CUST01179,154767.48,Mobile Money,Successful,Mbarara,Web,1,0,0,0
TXN009021,CUST01546,157982.62,Bank Transfer,Failed,Mbarara,Android,16,24,2,0
TXN009022,CUST00546,30745.85,Bank Transfer,Successful,Mbale,iPhone,12,0,0,0
TXN009023,CUST00548,343567.2,Bank Transfer,Successful,Kampala,Android,10,12,1,0
TXN009024,CUST01945,284129.13,Mobile Money,Successful,Gulu,Web,4,0,0,0
TXN009025,CUST00518,175037.84,Mobile Money,Successful,Mbale,Web,12,12,1,0
TXN009026,CUST01944,352741.89,Bank Transfer,Successful,Mbarara,Android,22,12,1,0
TXN009027,CUST00914,268910.2,Bank Transfer,Successful,Mbale,Web,12,0,0,0
TXN009028,CUST00215,234887.85,Mobile Money,Successful,Mbarara,Android,7,0,0,0
TXN009029,CUST00134,255906.61,Mobile Money,Failed,Kampala,Web,10,24,2,0
TXN009030,CUST00285,318355.89,Bank Transfer,Successful,Mbale,Web,7,12,1,0
TXN009031,CUST01150,330171.3,Bank Transfer,Successful,Jinja,Web,9,0,0,0
TXN009032,CUST01945,144834.43,Bank Transfer,Successful,Mbarara,Android,10,12,1,0
TXN009033,CUST01463,70801.31,Mobile Money,Successful,Jinja,Android,0,0,0,0
TXN009034,CUST01873,78738.77,Bank Transfer,Successful,Mbarara,Android,6,0,0,0
TXN009035,CUST00686,319875.75,Mobile Money,Successful,Jinja,iPhone,7,0,0,0
TXN009036,CUST01176,436500.21,Card,Failed,Kampala,iPhone,5,24,2,0
TXN009037,CUST00331,205043.39,Bank Transfer,Successful,Kampala,iPhone,13,0,0,0
TXN009038,CUST01562,85175.32,Card,Successful,Gulu,Web,19,12,1,0
TXN009039,CUST01407,378422.95,Mobile Money,Successful,Gulu,Web,6,0,0,0
TXN009040,CUST01139,416328.49,Card,Suspicious,Gulu,Android,2,40,0,1
TXN009041,CUST00894,440350.93,Bank Transfer,Suspicious,Mbale,Web,1,40,0,1
TXN009042,CUST01506,303612.3,Card,Successful,Mbarara,iPhone,21,0,0,0
TXN009043,CUST01308,430433.92,Card,Successful,Mbale,iPhone,17,0,0,0
TXN009044,CUST00899,8199.77,Card,Successful,Gulu,Android,21,12,1,0
TXN009045,CUST01099,54064.28,Mobile Money,Successful,Mbarara,Web,2,0,0,0
TXN009046,CUST01190,46741.75,Bank Transfer,Successful,Mbale,Web,13,0,0,0
TXN009047,CUST01213,356446.04,Mobile Money,Successful,Kampala,iPhone,17,0,0,0
TXN009048,CUST00078,35256.1,Card,Successful,Mbarara,Android,12,0,0,0
TXN009049,CUST00947,248434.0,Card,Successful,Gulu,iPhone,7,12,1,0
TXN009050,CUST01626,236617.1,Mobile Money,Successful,Kampala,Web,3,12,1,0
TXN009051,CUST00688,155696.41,Mobile Money,Successful,Mbarara,iPhone,14,0,0,0
TXN009052,CUST00021,435267.38,Card,Successful,Mbale,iPhone,11,12,1,0
TXN009053,CUST00566,85631.38,Bank Transfer,Successful,Gulu,Web,13,0,0,0
TXN009054,CUST01208,176555.16,Mobile Money,Successful,Mbale,Web,19,0,0,0
TXN009055,CUST01895,387198.66,Card,Failed,Kampala,Web,6,36,3,0
TXN009056,CUST01246,15695.95,Card,Failed,Kampala,iPhone,23,24,2,0
TXN009057,CUST00827,336638.72,Bank Transfer,Failed,Kampala,iPhone,11,24,2,0
TXN009058,CUST01352,408290.66,Card,Successful,Mbarara,iPhone,8,0,0,0
TXN009059,CUST00179,466167.79,Mobile Money,Successful,Gulu,Android,9,0,0,0
TXN009060,CUST01812,438210.17,Card,Successful,Kampala,Android,7,12,1,0
TXN009061,CUST01136,160032.37,Card,Successful,Mbale,Web,19,0,0,0
TXN009062,CUST01760,293388.89,Card,Successful,Gulu,Android,1,0,0,0
TXN009063,CUST01750,39108.1,Card,Failed,Mbale,Web,15,24,2,0
TXN009064,CUST01083,129306.07,Bank Transfer,Successful,Mbale,iPhone,20,0,0,0
TXN009065,CUST01351,47564.08,Mobile Money,Successful,Kampala,Web,22,12,1,0
TXN009066,CUST00905,157936.05,Card,Successful,Gulu,iPhone,17,0,0,0
TXN009067,CUST01645,437656.01,Mobile Money,Successful,Jinja,Web,19,12,1,0
TXN009068,CUST01921,173909.84,Bank Transfer,Successful,Mbarara,Android,21,12,1,0
TXN009069,CUST00669,281168.1,Mobile Money,Successful,Jinja,iPhone,23,0,0,0
TXN009070,CUST00191,216973.73,Bank Transfer,Successful,Mbarara,iPhone,9,0,0,0
TXN009071,CUST01224,229728.8,Mobile Money,Successful,Gulu,iPhone,5,0,0,0
TXN009072,CUST01336,484801.24,Mobile Money,Successful,Kampala,Android,5,12,1,0
TXN009073,CUST00708,148429.16,Card,Successful,Gulu,Android,21,12,1,0
TXN009074,CUST01059,313848.57,Mobile Money,Failed,Jinja,Android,19,24,2,0
TXN009075,CUST00379,210321.3,Card,Successful,Mbale,iPhone,12,0,0,0
TXN009076,CUST00387,31042.52,Card,Successful,Mbarara,Web,18,0,0,0
TXN009077,CUST01782,244920.75,Mobile Money,Successful,Mbarara,Web,16,0,0,0
TXN009078,CUST00237,406764.99,Card,Suspicious,Jinja,Android,1,52,1,1
TXN009079,CUST00616,49827.11,Mobile Money,Successful,Kampala,Web,17,0,0,0
TXN009080,CUST01543,35261.13,Card,Failed,Gulu,iPhone,6,24,2,0
TXN009081,CUST00283,77238.94,Card,Successful,Jinja,iPhone,13,12,1,0
TXN009082,CUST00001,382317.86,Bank Transfer,Successful,Gulu,Android,21,0,0,0
TXN009083,CUST01755,362135.69,Bank Transfer,Successful,Kampala,Android,14,0,0,0
TXN009084,CUST00464,282726.38,Mobile Money,Successful,Mbale,Web,7,0,0,0
TXN009085,CUST01254,234379.09,Card,Successful,Gulu,Web,8,0,0,0
TXN009086,CUST00967,444218.74,Bank Transfer,Successful,Kampala,Web,20,0,0,0
TXN009087,CUST00172,383465.56,Bank Transfer,Successful,Jinja,Android,10,0,0,0
TXN009088,CUST01111,406065.15,Bank Transfer,Suspicious,Mbale,Android,2,40,0,1
TXN009089,CUST01577,406724.52,Card,Successful,Mbale,Android,19,0,0,0
TXN009090,CUST01147,321537.22,Mobile Money,Failed,Mbale,iPhone,13,24,2,0
TXN009091,CUST00843,229278.3,Card,Successful,Mbarara,Web,7,0,0,0
TXN009092,CUST01322,432406.54,Card,Suspicious,Kampala,Android,2,52,1,1
TXN009093,CUST01909,463040.71,Bank Transfer,Successful,Gulu,Android,17,12,1,0
TXN009094,CUST01953,12391.12,Card,Successful,Jinja,Android,22,0,0,0
TXN009095,CUST00690,26251.66,Card,Successful,Mbale,Web,13,12,1,0
TXN009096,CUST00575,479392.28,Bank Transfer,Successful,Mbale,Web,19,0,0,0
TXN009097,CUST01508,138941.73,Bank Transfer,Failed,Mbale,iPhone,7,24,2,0
TXN009098,CUST00165,436748.04,Card,Failed,Kampala,iPhone,16,24,2,0
TXN009099,CUST01723,194703.16,Bank Transfer,Successful,Jinja,iPhone,7,0,0,0
TXN009100,CUST00383,59990.48,Mobile Money,Successful,Kampala,iPhone,4,0,0,0
TXN009101,CUST00209,40681.38,Mobile Money,Successful,Jinja,Android,11,0,0,0
TXN009102,CUST01763,78675.7,Mobile Money,Successful,Gulu,iPhone,1,12,1,0
TXN009103,CUST01456,125321.65,Mobile Money,Successful,Mbarara,Android,16,0,0,0
TXN009104,CUST01413,244514.92,Mobile Money,Successful,Jinja,Android,12,0,0,0
TXN009105,CUST01584,350898.2,Bank Transfer,Successful,Kampala,Web,21,0,0,0
TXN009106,CUST00224,493206.09,Bank Transfer,Successful,Kampala,Android,13,0,0,0
TXN009107,CUST00003,221032.62,Mobile Money,Successful,Kampala,Web,8,0,0,0
TXN009108,CUST00372,259333.38,Mobile Money,Failed,Mbarara,iPhone,8,24,2,0
TXN009109,CUST01711,261146.94,Mobile Money,Failed,Jinja,iPhone,8,24,2,0
TXN009110,CUST01470,269947.46,Bank Transfer,Successful,Jinja,Web,19,12,1,0
TXN009111,CUST00611,259111.46,Bank Transfer,Successful,Jinja,Web,5,0,0,0
TXN009112,CUST00116,4882.99,Card,Successful,Jinja,iPhone,11,12,1,0
TXN009113,CUST01294,1361.55,Card,Successful,Mbale,Android,9,0,0,0
TXN009114,CUST00447,49284.33,Card,Successful,Mbale,Android,21,0,0,0
TXN009115,CUST01392,51227.52,Card,Successful,Kampala,Web,4,0,0,0
TXN009116,CUST01277,352596.01,Bank Transfer,Successful,Mbale,Android,17,12,1,0
TXN009117,CUST01341,102855.56,Bank Transfer,Successful,Jinja,Android,6,12,1,0
TXN009118,CUST00415,447409.7,Bank Transfer,Successful,Jinja,iPhone,12,0,0,0
TXN009119,CUST01119,464338.86,Bank Transfer,Suspicious,Mbale,Web,0,40,0,1
TXN009120,CUST01809,487958.72,Mobile Money,Failed,Gulu,iPhone,5,24,2,0
TXN009121,CUST00892,469571.11,Card,Failed,Kampala,Android,20,24,2,0
TXN009122,CUST01048,136308.22,Bank Transfer,Successful,Mbarara,Android,20,0,0,0
TXN009123,CUST01652,255133.53,Bank Transfer,Successful,Kampala,iPhone,7,12,1,0
TXN009124,CUST00663,88139.76,Card,Successful,Kampala,Android,8,0,0,0
TXN009125,CUST01874,403201.72,Bank Transfer,Successful,Kampala,Android,6,0,0,0
TXN009126,CUST01074,444271.64,Mobile Money,Successful,Mbale,iPhone,9,0,0,0
TXN009127,CUST01526,425718.78,Bank Transfer,Successful,Kampala,Android,7,0,0,0
TXN009128,CUST00718,216966.79,Card,Successful,Jinja,iPhone,1,12,1,0
TXN009129,CUST01522,379457.61,Mobile Money,Successful,Kampala,Web,17,12,1,0
TXN009130,CUST01359,49240.8,Mobile Money,Successful,Jinja,Android,14,0,0,0
TXN009131,CUST01103,20602.26,Card,Successful,Mbale,Android,23,0,0,0
TXN009132,CUST01606,376741.59,Card,Successful,Mbale,iPhone,5,12,1,0
TXN009133,CUST01051,212964.96,Mobile Money,Successful,Kampala,Web,23,0,0,0
TXN009134,CUST00271,497776.86,Bank Transfer,Successful,Jinja,Android,13,0,0,0
TXN009135,CUST00562,49078.48,Card,Successful,Jinja,Android,21,0,0,0
TXN009136,CUST00804,427886.03,Mobile Money,Successful,Jinja,Web,23,0,0,0
TXN009137,CUST00247,240251.54,Card,Successful,Jinja,Android,17,12,1,0
TXN009138,CUST01800,413661.52,Bank Transfer,Successful,Mbarara,iPhone,23,12,1,0
TXN009139,CUST01615,408655.08,Bank Transfer,Suspicious,Mbale,Web,2,40,0,1
TXN009140,CUST00387,458038.0,Mobile Money,Suspicious,Jinja,Web,0,40,0,1
TXN009141,CUST00702,149276.08,Bank Transfer,Successful,Mbarara,Android,22,0,0,0
TXN009142,CUST00559,474924.78,Bank Transfer,Suspicious,Mbarara,Web,0,40,0,1
TXN009143,CUST00973,76257.65,Bank Transfer,Failed,Mbale,Web,13,24,2,0
TXN009144,CUST01385,41443.4,Card,Successful,Gulu,Web,0,12,1,0
TXN009145,CUST01890,216091.95,Mobile Money,Successful,Kampala,Android,0,12,1,0
TXN009146,CUST00984,414247.32,Mobile Money,Suspicious,Mbale,Web,3,52,1,1
TXN009147,CUST01512,236973.85,Mobile Money,Successful,Gulu,Android,11,12,1,0
TXN009148,CUST00352,414728.7,Bank Transfer,Successful,Kampala,Web,14,0,0,0
TXN009149,CUST01725,364978.56,Card,Successful,Kampala,iPhone,3,0,0,0
TXN009150,CUST01952,105109.48,Mobile Money,Successful,Kampala,Web,9,0,0,0
TXN009151,CUST01280,474466.37,Card,Successful,Mbarara,Web,10,0,0,0
TXN009152,CUST01246,30860.19,Mobile Money,Successful,Jinja,Web,5,0,0,0
TXN009153,CUST01908,449190.71,Bank Transfer,Successful,Kampala,iPhone,9,0,0,0
TXN009154,CUST00753,152569.5,Mobile Money,Successful,Jinja,Web,11,0,0,0
TXN009155,CUST00781,250323.97,Mobile Money,Successful,Kampala,iPhone,2,12,1,0
TXN009156,CUST01025,211464.76,Bank Transfer,Successful,Mbarara,iPhone,14,0,0,0
TXN009157,CUST00546,86331.36,Bank Transfer,Successful,Kampala,iPhone,15,0,0,0
TXN009158,CUST01470,179394.36,Mobile Money,Successful,Mbale,Android,9,0,0,0
TXN009159,CUST00079,96870.75,Card,Successful,Gulu,Android,21,12,1,0
TXN009160,CUST01260,102341.29,Bank Transfer,Successful,Kampala,iPhone,22,12,1,0
TXN009161,CUST00334,93934.89,Mobile Money,Successful,Gulu,Android,10,0,0,0
TXN009162,CUST00889,244764.18,Bank Transfer,Failed,Gulu,iPhone,15,24,2,0
TXN009163,CUST01373,399066.72,Card,Failed,Mbarara,Android,16,24,2,0
TXN009164,CUST01122,284700.53,Mobile Money,Successful,Gulu,Android,13,12,1,0
TXN009165,CUST01106,446656.69,Mobile Money,Successful,Mbarara,Web,15,0,0,0
TXN009166,CUST00502,318453.97,Card,Successful,Kampala,Android,13,12,1,0
TXN009167,CUST01991,344825.39,Card,Successful,Jinja,Android,5,0,0,0
TXN009168,CUST01501,333969.81,Mobile Money,Successful,Mbarara,Web,9,0,0,0
TXN009169,CUST01951,225004.87,Card,Successful,Gulu,iPhone,16,12,1,0
TXN009170,CUST01728,344824.74,Card,Successful,Gulu,Web,22,0,0,0
TXN009171,CUST00765,35319.02,Mobile Money,Successful,Kampala,Android,9,0,0,0
TXN009172,CUST00921,429995.81,Bank Transfer,Successful,Mbarara,Android,20,0,0,0
TXN009173,CUST00550,389017.17,Card,Successful,Kampala,iPhone,9,0,0,0
TXN009174,CUST00014,122992.36,Bank Transfer,Failed,Mbarara,Android,13,24,2,0
TXN009175,CUST00392,384132.21,Bank Transfer,Successful,Jinja,Web,19,0,0,0
TXN009176,CUST01371,6814.98,Bank Transfer,Successful,Mbale,iPhone,16,0,0,0
TXN009177,CUST00310,109014.66,Card,Successful,Kampala,Web,8,0,0,0
TXN009178,CUST00386,33036.05,Mobile Money,Successful,Gulu,Android,14,12,1,0
TXN009179,CUST01233,390223.34,Mobile Money,Successful,Kampala,iPhone,6,0,0,0
TXN009180,CUST01381,378059.14,Mobile Money,Successful,Mbarara,Android,1,0,0,0
TXN009181,CUST00974,406911.19,Mobile Money,Suspicious,Kampala,Android,3,52,1,1
TXN009182,CUST01625,2738.61,Mobile Money,Successful,Jinja,Web,19,0,0,0
TXN009183,CUST01592,250865.75,Mobile Money,Successful,Mbarara,Android,23,12,1,0
TXN009184,CUST01118,352565.68,Bank Transfer,Successful,Gulu,Web,17,12,1,0
TXN009185,CUST01117,78122.86,Bank Transfer,Successful,Gulu,Android,10,0,0,0
TXN009186,CUST00340,325070.47,Bank Transfer,Successful,Mbarara,Web,4,0,0,0
TXN009187,CUST00597,42512.99,Card,Successful,Jinja,Web,7,0,0,0
TXN009188,CUST01469,91072.27,Card,Failed,Kampala,iPhone,21,24,2,0
TXN009189,CUST00757,238160.51,Card,Successful,Mbale,iPhone,19,0,0,0
TXN009190,CUST01046,326955.79,Mobile Money,Successful,Gulu,Android,4,0,0,0
TXN009191,CUST00291,73361.63,Bank Transfer,Successful,Jinja,Android,1,0,0,0
TXN009192,CUST01509,93019.05,Card,Failed,Jinja,iPhone,4,24,2,0
TXN009193,CUST01808,102620.96,Bank Transfer,Successful,Jinja,Web,2,0,0,0
TXN009194,CUST00306,119731.05,Mobile Money,Successful,Kampala,Web,11,12,1,0
TXN009195,CUST00634,113663.65,Bank Transfer,Successful,Jinja,iPhone,18,0,0,0
TXN009196,CUST01152,197876.98,Mobile Money,Successful,Jinja,iPhone,6,0,0,0
TXN009197,CUST00625,327067.93,Card,Successful,Mbarara,Android,18,0,0,0
TXN009198,CUST00939,219296.88,Mobile Money,Successful,Mbarara,Web,3,0,0,0
TXN009199,CUST01297,388098.97,Mobile Money,Successful,Jinja,iPhone,22,0,0,0
TXN009200,CUST00848,359774.62,Bank Transfer,Successful,Jinja,Web,13,0,0,0
TXN009201,CUST00442,63700.19,Mobile Money,Successful,Mbarara,Web,18,0,0,0
TXN009202,CUST00503,24896.39,Card,Successful,Kampala,iPhone,17,0,0,0
TXN009203,CUST00130,439031.81,Card,Successful,Mbarara,Web,6,0,0,0
TXN009204,CUST01156,40375.62,Mobile Money,Successful,Mbarara,Android,14,0,0,0
TXN009205,CUST00597,74595.42,Bank Transfer,Successful,Mbarara,iPhone,20,0,0,0
TXN009206,CUST01959,11555.57,Card,Successful,Mbarara,Web,0,0,0,0
TXN009207,CUST01506,314354.01,Card,Successful,Mbale,iPhone,11,12,1,0
TXN009208,CUST00862,291394.1,Mobile Money,Successful,Gulu,iPhone,23,0,0,0
TXN009209,CUST01414,493458.38,Mobile Money,Successful,Kampala,Web,18,0,0,0
TXN009210,CUST00593,443522.73,Card,Successful,Kampala,Android,22,12,1,0
TXN009211,CUST00999,205716.17,Mobile Money,Successful,Jinja,iPhone,5,0,0,0
TXN009212,CUST00325,186107.13,Mobile Money,Successful,Mbale,Web,12,12,1,0
TXN009213,CUST01093,148777.59,Card,Failed,Jinja,iPhone,5,24,2,0
TXN009214,CUST01684,76627.26,Bank Transfer,Successful,Kampala,iPhone,12,0,0,0
TXN009215,CUST00448,69472.79,Bank Transfer,Successful,Kampala,Web,14,0,0,0
TXN009216,CUST01552,66575.71,Card,Successful,Jinja,Android,15,12,1,0
TXN009217,CUST00819,57500.32,Mobile Money,Successful,Gulu,Web,7,0,0,0
TXN009218,CUST01641,120635.77,Card,Successful,Jinja,iPhone,12,0,0,0
TXN009219,CUST01189,153680.98,Card,Successful,Gulu,Android,12,0,0,0
TXN009220,CUST01512,480808.7,Mobile Money,Successful,Gulu,Android,19,0,0,0
TXN009221,CUST01737,289447.39,Bank Transfer,Successful,Mbarara,Android,19,0,0,0
TXN009222,CUST00709,493804.09,Bank Transfer,Successful,Kampala,Android,11,0,0,0
TXN009223,CUST01450,186547.24,Mobile Money,Successful,Mbarara,iPhone,18,0,0,0
TXN009224,CUST01721,229084.5,Card,Successful,Kampala,Web,16,12,1,0
TXN009225,CUST01858,162627.04,Mobile Money,Successful,Mbarara,Web,2,0,0,0
TXN009226,CUST00265,91852.38,Card,Successful,Gulu,Android,14,12,1,0
TXN009227,CUST01899,72010.77,Mobile Money,Successful,Mbarara,Android,16,0,0,0
TXN009228,CUST00612,472567.06,Mobile Money,Successful,Mbale,Web,5,12,1,0
TXN009229,CUST01366,493411.94,Bank Transfer,Successful,Mbarara,Android,23,0,0,0
TXN009230,CUST00832,22932.29,Bank Transfer,Successful,Mbarara,Web,18,12,1,0
TXN009231,CUST01750,75597.76,Mobile Money,Successful,Mbarara,Web,11,12,1,0
TXN009232,CUST01302,212050.28,Mobile Money,Successful,Mbale,Android,3,12,1,0
TXN009233,CUST00674,93573.57,Bank Transfer,Successful,Kampala,Web,20,0,0,0
TXN009234,CUST01463,182258.26,Card,Successful,Mbarara,Web,22,12,1,0
TXN009235,CUST00157,64983.63,Bank Transfer,Successful,Kampala,Web,11,12,1,0
TXN009236,CUST01446,228527.62,Card,Successful,Jinja,Android,21,0,0,0
TXN009237,CUST00251,136211.46,Bank Transfer,Successful,Gulu,iPhone,1,12,1,0
TXN009238,CUST00878,176276.58,Bank Transfer,Successful,Jinja,iPhone,6,0,0,0
TXN009239,CUST01633,47609.17,Card,Successful,Mbale,iPhone,15,0,0,0
TXN009240,CUST00530,214349.96,Mobile Money,Successful,Mbale,iPhone,23,12,1,0
TXN009241,CUST00327,491637.18,Bank Transfer,Successful,Kampala,iPhone,11,12,1,0
TXN009242,CUST00961,164752.11,Bank Transfer,Successful,Kampala,Android,15,0,0,0
TXN009243,CUST00895,438276.42,Bank Transfer,Successful,Mbarara,Android,13,12,1,0
TXN009244,CUST00097,421677.97,Mobile Money,Suspicious,Jinja,iPhone,0,40,0,1
TXN009245,CUST00513,476053.18,Bank Transfer,Successful,Kampala,iPhone,21,0,0,0
TXN009246,CUST00216,395159.7,Mobile Money,Successful,Kampala,Web,8,0,0,0
TXN009247,CUST01156,329968.62,Bank Transfer,Successful,Kampala,Web,6,12,1,0
TXN009248,CUST01284,428363.93,Card,Suspicious,Gulu,Web,4,40,0,1
TXN009249,CUST00125,38284.52,Bank Transfer,Successful,Kampala,iPhone,9,0,0,0
TXN009250,CUST01106,231683.91,Bank Transfer,Failed,Gulu,iPhone,9,24,2,0
TXN009251,CUST01307,494633.49,Mobile Money,Successful,Mbale,Android,17,0,0,0
TXN009252,CUST01707,384915.28,Mobile Money,Successful,Mbarara,Web,6,0,0,0
TXN009253,CUST00059,481056.65,Mobile Money,Successful,Jinja,Web,17,0,0,0
TXN009254,CUST01568,389927.36,Card,Successful,Kampala,Android,12,0,0,0
TXN009255,CUST00161,437503.54,Card,Successful,Gulu,Android,10,0,0,0
TXN009256,CUST00284,353411.55,Mobile Money,Failed,Kampala,Android,9,24,2,0
TXN009257,CUST00106,380370.75,Card,Successful,Kampala,Web,21,0,0,0
TXN009258,CUST01129,261827.42,Mobile Money,Successful,Gulu,Android,8,0,0,0
TXN009259,CUST01463,462156.73,Card,Successful,Kampala,iPhone,14,0,0,0
TXN009260,CUST00228,412606.94,Mobile Money,Successful,Jinja,iPhone,13,12,1,0
TXN009261,CUST01724,422020.54,Mobile Money,Suspicious,Mbale,iPhone,2,52,1,1
TXN009262,CUST01606,336668.05,Card,Successful,Mbarara,Android,23,12,1,0
TXN009263,CUST00318,152637.68,Bank Transfer,Successful,Kampala,Web,13,0,0,0
TXN009264,CUST01488,18297.08,Mobile Money,Failed,Gulu,Web,20,24,2,0
TXN009265,CUST00802,467859.74,Mobile Money,Successful,Jinja,Android,15,0,0,0
TXN009266,CUST01623,293267.11,Bank Transfer,Successful,Kampala,Android,22,0,0,0
TXN009267,CUST01906,149422.41,Mobile Money,Successful,Mbale,Web,2,0,0,0
TXN009268,CUST00874,74992.99,Mobile Money,Successful,Mbale,iPhone,7,0,0,0
TXN009269,CUST00472,414846.82,Card,Suspicious,Gulu,iPhone,1,52,1,1
TXN009270,CUST01080,418341.84,Bank Transfer,Successful,Kampala,Web,23,12,1,0
TXN009271,CUST00625,407346.73,Mobile Money,Suspicious,Kampala,Android,1,40,0,1
TXN009272,CUST00013,322718.8,Mobile Money,Successful,Kampala,iPhone,22,0,0,0
TXN009273,CUST01464,183324.69,Bank Transfer,Successful,Mbale,iPhone,17,0,0,0
TXN009274,CUST01042,152383.11,Bank Transfer,Successful,Kampala,iPhone,6,12,1,0
TXN009275,CUST00694,4773.11,Card,Successful,Kampala,Android,16,0,0,0
TXN009276,CUST00973,416886.98,Card,Successful,Kampala,Android,5,12,1,0
TXN009277,CUST00113,44172.63,Card,Successful,Kampala,iPhone,9,0,0,0
TXN009278,CUST00229,315562.12,Mobile Money,Successful,Gulu,Android,6,0,0,0
TXN009279,CUST00171,252285.44,Bank Transfer,Failed,Mbale,Web,3,24,2,0
TXN009280,CUST00295,263581.33,Card,Successful,Mbarara,Android,10,12,1,0
TXN009281,CUST00189,463393.07,Bank Transfer,Successful,Gulu,Web,15,0,0,0
TXN009282,CUST00426,16291.7,Mobile Money,Failed,Kampala,iPhone,16,24,2,0
TXN009283,CUST00977,386809.42,Mobile Money,Successful,Mbarara,iPhone,5,0,0,0
TXN009284,CUST01103,26500.17,Bank Transfer,Successful,Jinja,Web,19,0,0,0
TXN009285,CUST00658,19557.73,Bank Transfer,Successful,Mbarara,iPhone,18,0,0,0
TXN009286,CUST00919,215193.94,Card,Successful,Gulu,iPhone,19,0,0,0
TXN009287,CUST01206,32006.05,Bank Transfer,Successful,Mbale,iPhone,21,0,0,0
TXN009288,CUST00499,394677.4,Card,Successful,Gulu,Android,20,12,1,0
TXN009289,CUST01822,265016.77,Bank Transfer,Successful,Mbale,Android,17,0,0,0
TXN009290,CUST00762,15004.87,Bank Transfer,Successful,Mbale,Web,14,12,1,0
TXN009291,CUST00866,20730.09,Bank Transfer,Successful,Mbale,Web,1,0,0,0
TXN009292,CUST00826,306527.93,Mobile Money,Successful,Jinja,Android,18,12,1,0
TXN009293,CUST01732,403152.85,Mobile Money,Successful,Mbarara,iPhone,5,0,0,0
TXN009294,CUST01859,219180.87,Mobile Money,Successful,Gulu,Android,11,12,1,0
TXN009295,CUST00071,277513.05,Card,Successful,Gulu,iPhone,0,12,1,0
TXN009296,CUST00248,400014.81,Card,Successful,Mbale,Web,22,0,0,0
TXN009297,CUST00146,305447.83,Mobile Money,Successful,Jinja,Web,23,0,0,0
TXN009298,CUST01642,112767.74,Mobile Money,Successful,Jinja,Web,22,12,1,0
TXN009299,CUST01799,306719.49,Bank Transfer,Successful,Kampala,Android,10,12,1,0
TXN009300,CUST01320,314325.59,Bank Transfer,Successful,Jinja,Android,18,12,1,0
TXN009301,CUST00582,367186.44,Card,Successful,Mbale,iPhone,21,0,0,0
TXN009302,CUST00470,310626.66,Card,Successful,Mbale,Web,3,0,0,0
TXN009303,CUST01530,484636.44,Bank Transfer,Successful,Mbarara,iPhone,20,0,0,0
TXN009304,CUST00193,99045.51,Card,Successful,Mbale,iPhone,18,0,0,0
TXN009305,CUST01092,475569.79,Mobile Money,Successful,Mbarara,Android,20,12,1,0
TXN009306,CUST00494,269400.58,Bank Transfer,Successful,Jinja,Android,5,0,0,0
TXN009307,CUST01841,336142.09,Bank Transfer,Successful,Kampala,iPhone,7,12,1,0
TXN009308,CUST00052,50181.07,Card,Successful,Gulu,iPhone,21,0,0,0
TXN009309,CUST00882,190597.68,Bank Transfer,Successful,Mbale,iPhone,8,0,0,0
TXN009310,CUST00363,384804.88,Bank Transfer,Successful,Jinja,Android,9,0,0,0
TXN009311,CUST01821,353602.05,Mobile Money,Failed,Mbale,iPhone,9,24,2,0
TXN009312,CUST00917,20549.62,Bank Transfer,Successful,Mbarara,Android,9,0,0,0
TXN009313,CUST00474,273523.83,Bank Transfer,Successful,Jinja,Web,3,0,0,0
TXN009314,CUST01870,44594.96,Bank Transfer,Successful,Gulu,Web,17,0,0,0
TXN009315,CUST00521,497930.29,Bank Transfer,Successful,Mbarara,iPhone,11,0,0,0
TXN009316,CUST01787,448699.65,Mobile Money,Successful,Jinja,Android,10,0,0,0
TXN009317,CUST01455,11029.79,Bank Transfer,Successful,Gulu,Web,15,12,1,0
TXN009318,CUST01868,429395.46,Mobile Money,Successful,Mbarara,Android,18,0,0,0
TXN009319,CUST01322,459755.09,Mobile Money,Successful,Gulu,Android,10,0,0,0
TXN009320,CUST01459,177097.34,Mobile Money,Successful,Jinja,Web,22,0,0,0
TXN009321,CUST01720,359891.08,Card,Successful,Mbarara,iPhone,3,0,0,0
TXN009322,CUST00691,221330.82,Card,Successful,Kampala,iPhone,11,12,1,0
TXN009323,CUST01222,327788.63,Bank Transfer,Successful,Mbale,Web,16,0,0,0
TXN009324,CUST01152,170488.54,Mobile Money,Successful,Kampala,Android,23,0,0,0
TXN009325,CUST00532,161618.34,Card,Successful,Gulu,iPhone,12,0,0,0
TXN009326,CUST01435,212504.73,Bank Transfer,Successful,Jinja,Android,3,0,0,0
TXN009327,CUST01958,73211.1,Card,Successful,Mbale,Web,5,0,0,0
TXN009328,CUST00840,415653.91,Mobile Money,Successful,Jinja,iPhone,6,0,0,0
TXN009329,CUST01089,174674.6,Bank Transfer,Successful,Gulu,iPhone,7,0,0,0
TXN009330,CUST01718,200374.7,Mobile Money,Successful,Jinja,iPhone,1,12,1,0
TXN009331,CUST00241,447080.28,Mobile Money,Failed,Mbarara,Web,8,36,3,0
TXN009332,CUST01393,248563.6,Card,Successful,Mbarara,Web,9,12,1,0
TXN009333,CUST00536,272354.83,Bank Transfer,Successful,Gulu,Web,18,0,0,0
TXN009334,CUST01408,478270.81,Bank Transfer,Suspicious,Jinja,Android,0,52,1,1
TXN009335,CUST01455,443419.83,Bank Transfer,Successful,Gulu,Android,15,0,0,0
TXN009336,CUST01991,85148.62,Card,Successful,Mbale,Android,17,0,0,0
TXN009337,CUST00083,236870.91,Bank Transfer,Successful,Jinja,iPhone,7,0,0,0
TXN009338,CUST00982,485662.47,Card,Successful,Mbarara,iPhone,9,12,1,0
TXN009339,CUST01855,186496.97,Bank Transfer,Failed,Kampala,iPhone,21,24,2,0
TXN009340,CUST01721,186100.77,Card,Successful,Mbarara,Web,10,12,1,0
TXN009341,CUST00951,97917.6,Bank Transfer,Successful,Jinja,Web,16,0,0,0
TXN009342,CUST01852,57604.4,Card,Successful,Jinja,iPhone,6,0,0,0
TXN009343,CUST00611,370282.24,Mobile Money,Successful,Jinja,Web,2,12,1,0
TXN009344,CUST00574,385130.22,Mobile Money,Successful,Jinja,Android,6,12,1,0
TXN009345,CUST00286,484521.98,Mobile Money,Successful,Mbale,Android,5,0,0,0
TXN009346,CUST00989,386822.4,Bank Transfer,Successful,Kampala,Web,2,0,0,0
TXN009347,CUST01558,122054.57,Card,Successful,Mbarara,Android,7,0,0,0
TXN009348,CUST00459,20538.23,Mobile Money,Failed,Mbale,Android,0,24,2,0
TXN009349,CUST01236,492725.97,Bank Transfer,Suspicious,Gulu,Android,4,40,0,1
TXN009350,CUST00126,170555.12,Card,Successful,Jinja,iPhone,23,0,0,0
TXN009351,CUST01437,156329.79,Mobile Money,Successful,Mbarara,Web,18,12,1,0
TXN009352,CUST01523,453024.63,Mobile Money,Successful,Gulu,Web,12,12,1,0
TXN009353,CUST00425,292757.4,Bank Transfer,Successful,Kampala,iPhone,10,0,0,0
TXN009354,CUST00554,107828.15,Card,Failed,Mbarara,Android,21,24,2,0
TXN009355,CUST00610,444603.57,Bank Transfer,Successful,Mbale,iPhone,10,0,0,0
TXN009356,CUST01985,496683.75,Mobile Money,Suspicious,Gulu,Android,1,64,2,1
TXN009357,CUST01567,43795.94,Bank Transfer,Successful,Mbarara,iPhone,8,0,0,0
TXN009358,CUST01182,431194.69,Bank Transfer,Suspicious,Mbale,Android,1,40,0,1
TXN009359,CUST00112,195562.59,Mobile Money,Successful,Jinja,iPhone,20,0,0,0
TXN009360,CUST00402,262274.19,Mobile Money,Successful,Mbarara,iPhone,18,0,0,0
TXN009361,CUST01783,457450.58,Card,Successful,Jinja,Android,11,0,0,0
TXN009362,CUST00122,486702.91,Card,Successful,Gulu,Android,8,0,0,0
TXN009363,CUST00273,131450.87,Mobile Money,Successful,Gulu,Web,8,12,1,0
TXN009364,CUST01318,106818.96,Mobile Money,Failed,Gulu,Web,22,24,2,0
TXN009365,CUST00398,40718.02,Card,Successful,Jinja,iPhone,9,0,0,0
TXN009366,CUST00471,281118.03,Bank Transfer,Successful,Jinja,iPhone,4,0,0,0
TXN009367,CUST00985,7295.4,Mobile Money,Successful,Mbale,Web,8,12,1,0
TXN009368,CUST01231,206243.2,Mobile Money,Successful,Mbarara,Web,22,0,0,0
TXN009369,CUST01134,37155.32,Bank Transfer,Successful,Mbale,Android,17,12,1,0
TXN009370,CUST01464,202910.28,Card,Successful,Jinja,Web,9,0,0,0
TXN009371,CUST01302,20446.13,Card,Successful,Mbarara,iPhone,16,0,0,0
TXN009372,CUST01987,417691.02,Bank Transfer,Successful,Gulu,Web,9,12,1,0
TXN009373,CUST01592,105264.63,Mobile Money,Successful,Mbale,Web,13,0,0,0
TXN009374,CUST01911,164490.2,Bank Transfer,Successful,Mbale,Web,3,0,0,0
TXN009375,CUST01939,435088.97,Mobile Money,Successful,Mbale,Web,9,0,0,0
TXN009376,CUST00569,373259.9,Card,Successful,Jinja,iPhone,23,12,1,0
TXN009377,CUST01964,109909.66,Mobile Money,Successful,Mbarara,Web,21,0,0,0
TXN009378,CUST01506,36413.76,Mobile Money,Failed,Gulu,Web,17,24,2,0
TXN009379,CUST01827,357979.05,Mobile Money,Successful,Jinja,iPhone,4,0,0,0
TXN009380,CUST01138,195655.92,Mobile Money,Successful,Gulu,Web,8,0,0,0
TXN009381,CUST01917,383156.96,Mobile Money,Successful,Kampala,iPhone,5,12,1,0
TXN009382,CUST00897,222924.74,Card,Successful,Kampala,Web,15,0,0,0
TXN009383,CUST00820,173328.21,Bank Transfer,Successful,Gulu,Web,21,12,1,0
TXN009384,CUST00853,225877.1,Card,Successful,Kampala,Web,22,12,1,0
TXN009385,CUST01501,374405.21,Mobile Money,Successful,Mbarara,Android,15,0,0,0
TXN009386,CUST00710,451159.03,Bank Transfer,Successful,Mbarara,Web,10,12,1,0
TXN009387,CUST01957,25358.71,Mobile Money,Successful,Jinja,iPhone,20,12,1,0
TXN009388,CUST00321,262293.71,Card,Successful,Gulu,Android,14,12,1,0
TXN009389,CUST00179,16901.3,Card,Successful,Jinja,Web,18,0,0,0
TXN009390,CUST00897,234470.57,Mobile Money,Successful,Mbarara,iPhone,2,12,1,0
TXN009391,CUST00219,442698.77,Mobile Money,Successful,Mbarara,Web,15,0,0,0
TXN009392,CUST00789,181114.34,Bank Transfer,Successful,Mbarara,iPhone,20,0,0,0
TXN009393,CUST01973,466258.99,Bank Transfer,Successful,Mbale,Web,19,12,1,0
TXN009394,CUST01552,315488.93,Mobile Money,Successful,Kampala,iPhone,4,12,1,0
TXN009395,CUST00492,467110.59,Bank Transfer,Successful,Jinja,iPhone,8,0,0,0
TXN009396,CUST01915,378704.73,Mobile Money,Successful,Jinja,Android,4,12,1,0
TXN009397,CUST00061,52165.87,Mobile Money,Successful,Mbarara,Android,3,12,1,0
TXN009398,CUST01078,115960.11,Mobile Money,Failed,Mbale,iPhone,12,24,2,0
TXN009399,CUST01704,197388.14,Card,Successful,Jinja,iPhone,19,0,0,0
TXN009400,CUST00538,85468.39,Mobile Money,Successful,Jinja,Android,16,0,0,0
TXN009401,CUST00848,247708.35,Mobile Money,Successful,Mbale,iPhone,19,0,0,0
TXN009402,CUST00988,235948.39,Mobile Money,Successful,Mbarara,Web,11,12,1,0
TXN009403,CUST00065,478151.47,Bank Transfer,Successful,Mbale,Web,19,12,1,0
TXN009404,CUST01636,217147.08,Mobile Money,Successful,Kampala,iPhone,19,0,0,0
TXN009405,CUST00586,392920.59,Card,Successful,Jinja,iPhone,6,0,0,0
TXN009406,CUST01728,470984.32,Card,Suspicious,Kampala,Android,0,40,0,1
TXN009407,CUST00171,438555.92,Mobile Money,Successful,Jinja,Android,15,0,0,0
TXN009408,CUST01297,104729.48,Mobile Money,Successful,Kampala,iPhone,6,0,0,0
TXN009409,CUST01913,248266.93,Mobile Money,Failed,Jinja,Web,1,24,2,0
TXN009410,CUST01723,174196.02,Card,Successful,Mbarara,Android,11,0,0,0
TXN009411,CUST00535,200229.42,Bank Transfer,Failed,Gulu,Web,10,24,2,0
TXN009412,CUST01415,180723.01,Bank Transfer,Successful,Mbale,Web,7,12,1,0
TXN009413,CUST01964,413266.43,Mobile Money,Suspicious,Jinja,Web,0,40,0,1
TXN009414,CUST00693,226343.46,Bank Transfer,Successful,Mbale,Web,2,0,0,0
TXN009415,CUST01351,262085.32,Card,Successful,Jinja,Android,7,12,1,0
TXN009416,CUST00108,491232.45,Mobile Money,Successful,Gulu,iPhone,7,0,0,0
TXN009417,CUST01871,30459.65,Bank Transfer,Failed,Mbarara,iPhone,10,24,2,0
TXN009418,CUST01186,244234.84,Mobile Money,Successful,Mbarara,Android,20,12,1,0
TXN009419,CUST00814,387143.82,Mobile Money,Successful,Mbale,Web,4,0,0,0
TXN009420,CUST01005,76005.4,Card,Successful,Gulu,iPhone,7,0,0,0
TXN009421,CUST00452,305960.03,Card,Successful,Mbale,iPhone,20,0,0,0
TXN009422,CUST01230,120112.66,Bank Transfer,Failed,Mbarara,iPhone,8,24,2,0
TXN009423,CUST00590,433768.35,Card,Successful,Kampala,Web,16,0,0,0
TXN009424,CUST01040,163886.28,Mobile Money,Successful,Mbale,iPhone,4,12,1,0
TXN009425,CUST00327,164866.88,Card,Successful,Jinja,Android,18,0,0,0
TXN009426,CUST00608,299297.84,Bank Transfer,Successful,Mbarara,iPhone,18,0,0,0
TXN009427,CUST00659,92189.67,Bank Transfer,Successful,Jinja,iPhone,1,12,1,0
TXN009428,CUST00002,142801.88,Bank Transfer,Successful,Gulu,Android,18,0,0,0
TXN009429,CUST01034,208607.61,Card,Successful,Mbarara,Web,22,0,0,0
TXN009430,CUST00434,177142.11,Card,Successful,Mbarara,iPhone,14,12,1,0
TXN009431,CUST00125,262676.17,Card,Successful,Mbale,Web,7,12,1,0
TXN009432,CUST01105,300020.25,Card,Successful,Mbale,Web,23,12,1,0
TXN009433,CUST00485,283550.39,Card,Successful,Jinja,Web,7,0,0,0
TXN009434,CUST00652,327257.07,Bank Transfer,Successful,Mbale,iPhone,0,0,0,0
TXN009435,CUST01862,154220.88,Bank Transfer,Successful,Kampala,iPhone,13,12,1,0
TXN009436,CUST01174,63649.9,Card,Successful,Mbarara,Android,10,12,1,0
TXN009437,CUST00800,380523.37,Mobile Money,Successful,Gulu,Web,6,0,0,0
TXN009438,CUST00873,425464.8,Bank Transfer,Successful,Mbarara,Android,17,0,0,0
TXN009439,CUST01364,128874.61,Mobile Money,Successful,Jinja,iPhone,14,0,0,0
TXN009440,CUST00129,203842.43,Mobile Money,Successful,Mbale,iPhone,9,12,1,0
TXN009441,CUST00438,249535.32,Bank Transfer,Successful,Mbarara,Android,3,0,0,0
TXN009442,CUST00751,266896.76,Mobile Money,Failed,Mbale,Android,20,24,2,0
TXN009443,CUST00501,329915.34,Mobile Money,Successful,Jinja,Web,0,12,1,0
TXN009444,CUST01082,21280.82,Bank Transfer,Successful,Mbale,iPhone,13,12,1,0
TXN009445,CUST01222,360877.8,Bank Transfer,Successful,Gulu,Web,19,0,0,0
TXN009446,CUST00211,31454.52,Card,Successful,Jinja,Web,19,0,0,0
TXN009447,CUST01938,234410.14,Bank Transfer,Successful,Mbarara,iPhone,8,0,0,0
TXN009448,CUST00902,413921.73,Mobile Money,Successful,Mbarara,iPhone,12,0,0,0
TXN009449,CUST00045,225882.05,Bank Transfer,Successful,Gulu,Web,16,0,0,0
TXN009450,CUST01121,74970.33,Card,Suspicious,Kampala,Android,23,100,5,1
TXN009451,CUST01303,492524.41,Bank Transfer,Successful,Mbale,iPhone,19,0,0,0
TXN009452,CUST00535,444698.09,Mobile Money,Suspicious,Mbarara,Web,3,40,0,1
TXN009453,CUST01434,385771.16,Bank Transfer,Successful,Gulu,Android,4,12,1,0
TXN009454,CUST00461,206050.05,Mobile Money,Successful,Mbale,Web,17,0,0,0
TXN009455,CUST00391,92330.94,Bank Transfer,Successful,Jinja,iPhone,16,0,0,0
TXN009456,CUST01871,470734.89,Card,Successful,Gulu,Android,20,0,0,0
TXN009457,CUST01068,266409.39,Card,Successful,Jinja,Android,6,0,0,0
TXN009458,CUST00027,426251.55,Bank Transfer,Successful,Jinja,Android,9,12,1,0
TXN009459,CUST00794,171376.46,Mobile Money,Failed,Jinja,iPhone,8,24,2,0
TXN009460,CUST01121,167976.51,Card,Failed,Mbale,iPhone,12,24,2,0
TXN009461,CUST00975,492777.47,Mobile Money,Successful,Kampala,Web,17,12,1,0
TXN009462,CUST00548,261155.61,Bank Transfer,Successful,Jinja,Web,11,12,1,0
TXN009463,CUST00621,70777.36,Card,Successful,Mbarara,iPhone,7,12,1,0
TXN009464,CUST00567,110227.5,Card,Successful,Mbale,Web,22,12,1,0
TXN009465,CUST00704,241231.17,Mobile Money,Successful,Mbale,Android,17,0,0,0
TXN009466,CUST01243,21714.22,Card,Failed,Jinja,iPhone,4,24,2,0
TXN009467,CUST00185,231535.73,Mobile Money,Successful,Mbarara,iPhone,6,0,0,0
TXN009468,CUST01093,209760.95,Mobile Money,Failed,Gulu,Web,14,24,2,0
TXN009469,CUST01853,389778.46,Bank Transfer,Successful,Mbale,iPhone,2,12,1,0
TXN009470,CUST01154,177793.51,Mobile Money,Successful,Jinja,Android,17,12,1,0
TXN009471,CUST01591,491283.11,Card,Successful,Jinja,iPhone,5,0,0,0
TXN009472,CUST01914,90794.57,Mobile Money,Successful,Kampala,Android,5,12,1,0
TXN009473,CUST01633,295697.85,Card,Successful,Kampala,iPhone,19,12,1,0
TXN009474,CUST00848,45304.8,Mobile Money,Successful,Gulu,iPhone,0,0,0,0
TXN009475,CUST00599,367065.06,Bank Transfer,Successful,Gulu,iPhone,20,0,0,0
TXN009476,CUST00806,497379.47,Bank Transfer,Successful,Gulu,Web,16,0,0,0
TXN009477,CUST01655,409659.75,Mobile Money,Successful,Gulu,Web,10,0,0,0
TXN009478,CUST01744,278073.92,Mobile Money,Successful,Jinja,Android,23,0,0,0
TXN009479,CUST01358,242628.31,Mobile Money,Successful,Jinja,Web,1,12,1,0
TXN009480,CUST01949,417597.47,Bank Transfer,Successful,Jinja,iPhone,8,12,1,0
TXN009481,CUST01178,468019.06,Mobile Money,Successful,Mbarara,Web,18,0,0,0
TXN009482,CUST01571,494608.66,Mobile Money,Successful,Gulu,Web,5,0,0,0
TXN009483,CUST00079,198571.34,Card,Successful,Mbarara,Android,6,0,0,0
TXN009484,CUST00579,495463.28,Bank Transfer,Suspicious,Mbale,iPhone,3,40,0,1
TXN009485,CUST01879,78385.16,Bank Transfer,Successful,Mbale,Android,2,12,1,0
TXN009486,CUST00413,127148.11,Mobile Money,Successful,Jinja,Web,1,0,0,0
TXN009487,CUST00546,44963.55,Mobile Money,Successful,Mbale,iPhone,9,0,0,0
TXN009488,CUST01633,136233.39,Card,Successful,Jinja,Android,9,0,0,0
TXN009489,CUST00169,384084.81,Mobile Money,Successful,Gulu,Android,16,12,1,0
TXN009490,CUST00681,426535.72,Bank Transfer,Successful,Mbarara,iPhone,15,0,0,0
TXN009491,CUST01687,389556.88,Card,Successful,Jinja,Android,0,0,0,0
TXN009492,CUST00583,315717.36,Bank Transfer,Successful,Kampala,Android,11,12,1,0
TXN009493,CUST00515,257226.27,Mobile Money,Successful,Kampala,Android,19,0,0,0
TXN009494,CUST01338,354497.79,Card,Successful,Gulu,Web,19,0,0,0
TXN009495,CUST00032,195721.36,Bank Transfer,Successful,Mbarara,Android,9,12,1,0
TXN009496,CUST00287,420733.52,Bank Transfer,Suspicious,Jinja,Web,0,40,0,1
TXN009497,CUST00594,338756.45,Bank Transfer,Successful,Gulu,Android,15,12,1,0
TXN009498,CUST01067,349053.45,Mobile Money,Successful,Mbarara,Android,10,12,1,0
TXN009499,CUST01927,268200.03,Mobile Money,Successful,Kampala,Android,3,0,0,0
TXN009500,CUST00617,442671.88,Mobile Money,Suspicious,Jinja,Android,2,52,1,1
TXN009501,CUST01025,126381.36,Mobile Money,Successful,Mbarara,iPhone,12,12,1,0
TXN009502,CUST01597,190883.25,Bank Transfer,Successful,Mbale,Web,20,0,0,0
TXN009503,CUST00270,388932.46,Card,Successful,Jinja,iPhone,14,0,0,0
TXN009504,CUST01204,246628.07,Mobile Money,Successful,Mbale,iPhone,9,0,0,0
TXN009505,CUST01760,444662.4,Card,Successful,Gulu,iPhone,5,0,0,0
TXN009506,CUST00518,173526.46,Bank Transfer,Successful,Mbarara,iPhone,10,0,0,0
TXN009507,CUST01127,184980.42,Mobile Money,Successful,Mbarara,Android,0,12,1,0
TXN009508,CUST01034,444423.53,Bank Transfer,Successful,Mbarara,Android,19,12,1,0
TXN009509,CUST00583,232452.97,Mobile Money,Successful,Mbarara,iPhone,3,0,0,0
TXN009510,CUST01114,258304.23,Mobile Money,Successful,Jinja,iPhone,9,12,1,0
TXN009511,CUST00226,166715.48,Card,Successful,Mbale,Web,21,0,0,0
TXN009512,CUST00670,138696.64,Bank Transfer,Successful,Mbale,iPhone,14,12,1,0
TXN009513,CUST01764,328146.38,Bank Transfer,Successful,Gulu,Android,0,12,1,0
TXN009514,CUST00917,60360.41,Bank Transfer,Successful,Gulu,Web,20,0,0,0
TXN009515,CUST00126,439696.68,Card,Successful,Mbarara,iPhone,14,0,0,0
TXN009516,CUST00956,389711.97,Card,Failed,Kampala,Web,2,24,2,0
TXN009517,CUST01233,95778.76,Bank Transfer,Successful,Kampala,iPhone,0,0,0,0
TXN009518,CUST01121,347162.96,Bank Transfer,Successful,Mbarara,Web,5,0,0,0
TXN009519,CUST00074,301515.14,Mobile Money,Successful,Mbale,Web,18,0,0,0
TXN009520,CUST01651,92675.26,Mobile Money,Successful,Gulu,Android,3,0,0,0
TXN009521,CUST01215,136965.15,Card,Successful,Jinja,Web,11,0,0,0
TXN009522,CUST01706,204788.76,Mobile Money,Successful,Kampala,iPhone,1,0,0,0
TXN009523,CUST01843,349771.75,Bank Transfer,Successful,Gulu,Web,16,0,0,0
TXN009524,CUST01984,319542.34,Bank Transfer,Successful,Kampala,iPhone,5,12,1,0
TXN009525,CUST01740,266351.31,Mobile Money,Successful,Mbale,iPhone,11,0,0,0
TXN009526,CUST00056,384321.07,Mobile Money,Successful,Mbale,Android,14,0,0,0
TXN009527,CUST00720,379089.9,Card,Failed,Mbarara,Web,16,24,2,0
TXN009528,CUST00553,309120.65,Mobile Money,Successful,Mbarara,Android,0,0,0,0
TXN009529,CUST00032,393601.55,Card,Failed,Kampala,iPhone,13,24,2,0
TXN009530,CUST01551,167464.56,Mobile Money,Failed,Kampala,Web,22,24,2,0
TXN009531,CUST00574,440684.14,Mobile Money,Suspicious,Gulu,Web,1,40,0,1
TXN009532,CUST00667,307647.59,Mobile Money,Successful,Mbarara,iPhone,3,0,0,0
TXN009533,CUST00284,411270.58,Mobile Money,Successful,Mbale,Android,19,0,0,0
TXN009534,CUST01745,273366.41,Bank Transfer,Successful,Gulu,Android,1,0,0,0
TXN009535,CUST01856,109609.9,Bank Transfer,Successful,Gulu,Web,21,12,1,0
TXN009536,CUST01518,271433.86,Bank Transfer,Successful,Jinja,Android,13,0,0,0
TXN009537,CUST00187,185870.28,Mobile Money,Successful,Mbale,Web,17,0,0,0
TXN009538,CUST00498,348900.77,Card,Successful,Gulu,Android,7,0,0,0
TXN009539,CUST01466,238159.0,Mobile Money,Successful,Jinja,iPhone,19,12,1,0
TXN009540,CUST00130,418138.35,Bank Transfer,Suspicious,Mbarara,iPhone,0,40,0,1
TXN009541,CUST00639,339197.22,Card,Successful,Mbale,iPhone,15,0,0,0
TXN009542,CUST01316,342429.94,Card,Successful,Mbarara,Web,6,0,0,0
TXN009543,CUST00114,108969.09,Bank Transfer,Successful,Jinja,Web,5,12,1,0
TXN009544,CUST01223,492132.76,Mobile Money,Successful,Mbale,iPhone,21,0,0,0
TXN009545,CUST00013,420916.77,Card,Successful,Kampala,iPhone,18,0,0,0
TXN009546,CUST01295,394607.94,Card,Successful,Kampala,Android,9,0,0,0
TXN009547,CUST01625,165442.5,Bank Transfer,Successful,Kampala,iPhone,22,0,0,0
TXN009548,CUST01239,268048.01,Card,Successful,Gulu,iPhone,5,12,1,0
TXN009549,CUST00444,68983.04,Card,Successful,Kampala,iPhone,9,0,0,0
TXN009550,CUST01814,269468.75,Card,Successful,Gulu,Web,18,0,0,0
TXN009551,CUST01536,73371.68,Mobile Money,Successful,Gulu,Web,2,0,0,0
TXN009552,CUST00447,276742.4,Mobile Money,Successful,Jinja,iPhone,19,0,0,0
TXN009553,CUST00986,324536.58,Bank Transfer,Successful,Kampala,Android,2,0,0,0
TXN009554,CUST00993,195402.89,Mobile Money,Successful,Mbale,Android,19,0,0,0
TXN009555,CUST00715,249523.17,Card,Successful,Gulu,iPhone,5,0,0,0
TXN009556,CUST00074,437888.87,Mobile Money,Successful,Jinja,Web,16,12,1,0
TXN009557,CUST00537,54727.29,Card,Successful,Gulu,iPhone,17,0,0,0
TXN009558,CUST00101,395970.58,Card,Successful,Mbale,Android,9,0,0,0
TXN009559,CUST00176,85791.9,Mobile Money,Successful,Mbale,Web,5,12,1,0
TXN009560,CUST00427,18835.64,Mobile Money,Successful,Kampala,Web,12,0,0,0
TXN009561,CUST01141,93194.51,Mobile Money,Successful,Gulu,Web,5,0,0,0
TXN009562,CUST01190,382639.07,Mobile Money,Failed,Mbale,iPhone,11,24,2,0
TXN009563,CUST00041,202860.47,Bank Transfer,Successful,Mbarara,iPhone,13,0,0,0
TXN009564,CUST00429,436324.0,Mobile Money,Successful,Mbale,iPhone,16,12,1,0
TXN009565,CUST00344,262591.42,Bank Transfer,Successful,Mbale,Android,21,0,0,0
TXN009566,CUST01448,11614.05,Card,Failed,Gulu,Web,7,24,2,0
TXN009567,CUST00366,358498.45,Bank Transfer,Successful,Mbale,Web,4,12,1,0
TXN009568,CUST01144,55561.34,Card,Successful,Jinja,Android,3,0,0,0
TXN009569,CUST00609,394795.13,Bank Transfer,Successful,Mbale,Android,5,0,0,0
TXN009570,CUST00657,84467.22,Bank Transfer,Successful,Mbarara,Web,10,0,0,0
TXN009571,CUST00728,173050.47,Card,Failed,Mbale,Web,4,24,2,0
TXN009572,CUST00229,380755.08,Bank Transfer,Successful,Kampala,Android,21,12,1,0
TXN009573,CUST00825,477138.56,Card,Successful,Gulu,iPhone,13,0,0,0
TXN009574,CUST01154,186031.26,Mobile Money,Successful,Mbarara,iPhone,9,0,0,0
TXN009575,CUST01376,414785.41,Card,Failed,Jinja,iPhone,10,36,3,0
TXN009576,CUST00889,95800.74,Bank Transfer,Successful,Mbale,Android,2,0,0,0
TXN009577,CUST01342,403686.3,Mobile Money,Successful,Mbale,Web,22,12,1,0
TXN009578,CUST00984,328918.28,Bank Transfer,Successful,Jinja,Android,7,12,1,0
TXN009579,CUST01673,96775.38,Mobile Money,Successful,Mbale,iPhone,20,0,0,0
TXN009580,CUST00836,151600.73,Card,Successful,Kampala,iPhone,4,0,0,0
TXN009581,CUST01361,66319.56,Mobile Money,Successful,Mbarara,iPhone,19,0,0,0
TXN009582,CUST01297,191792.02,Mobile Money,Successful,Mbale,Android,20,0,0,0
TXN009583,CUST00117,102222.5,Mobile Money,Successful,Jinja,Android,9,12,1,0
TXN009584,CUST00818,322176.98,Bank Transfer,Successful,Jinja,iPhone,7,0,0,0
TXN009585,CUST00368,497255.3,Mobile Money,Successful,Mbarara,iPhone,20,12,1,0
TXN009586,CUST01118,6498.58,Card,Successful,Kampala,Web,8,0,0,0
TXN009587,CUST00168,270689.45,Card,Successful,Mbarara,Android,14,0,0,0
TXN009588,CUST00954,287046.47,Card,Successful,Mbale,Web,0,12,1,0
TXN009589,CUST01739,457147.29,Mobile Money,Successful,Kampala,iPhone,22,12,1,0
TXN009590,CUST01365,253249.66,Card,Successful,Kampala,iPhone,4,12,1,0
TXN009591,CUST00661,272078.86,Bank Transfer,Successful,Jinja,iPhone,14,12,1,0
TXN009592,CUST01938,236090.57,Card,Successful,Kampala,Web,3,12,1,0
TXN009593,CUST00695,134817.7,Mobile Money,Successful,Mbale,Android,18,12,1,0
TXN009594,CUST00925,28486.55,Card,Successful,Mbale,Android,9,0,0,0
TXN009595,CUST00152,204624.51,Mobile Money,Successful,Mbale,Web,22,0,0,0
TXN009596,CUST00586,26769.44,Mobile Money,Successful,Gulu,Android,1,0,0,0
TXN009597,CUST01901,275470.99,Card,Successful,Kampala,Web,4,12,1,0
TXN009598,CUST00913,153993.17,Bank Transfer,Successful,Kampala,Web,17,0,0,0
TXN009599,CUST00274,267034.4,Bank Transfer,Successful,Mbale,Android,22,0,0,0
TXN009600,CUST01578,67581.33,Card,Failed,Jinja,Android,5,24,2,0
TXN009601,CUST00496,466348.67,Mobile Money,Successful,Kampala,Web,9,12,1,0
TXN009602,CUST01748,447313.36,Card,Successful,Gulu,Android,14,12,1,0
TXN009603,CUST00101,95403.26,Mobile Money,Successful,Kampala,Android,22,12,1,0
TXN009604,CUST00557,172050.42,Mobile Money,Successful,Mbarara,Web,8,12,1,0
TXN009605,CUST01106,306939.64,Mobile Money,Successful,Gulu,iPhone,12,12,1,0
TXN009606,CUST01553,48295.26,Bank Transfer,Successful,Jinja,Web,17,0,0,0
TXN009607,CUST00073,177606.63,Bank Transfer,Successful,Gulu,Android,6,12,1,0
TXN009608,CUST01038,125930.59,Card,Successful,Gulu,iPhone,1,0,0,0
TXN009609,CUST01457,457800.61,Bank Transfer,Successful,Kampala,Android,15,0,0,0
TXN009610,CUST00157,426329.06,Mobile Money,Suspicious,Gulu,Web,1,40,0,1
TXN009611,CUST00735,290126.45,Mobile Money,Successful,Mbale,Web,3,0,0,0
TXN009612,CUST00132,260413.0,Card,Successful,Gulu,Web,1,12,1,0
TXN009613,CUST01362,465397.53,Mobile Money,Successful,Kampala,iPhone,16,0,0,0
TXN009614,CUST01019,466247.68,Card,Successful,Mbale,Android,5,0,0,0
TXN009615,CUST01428,484680.4,Card,Successful,Jinja,iPhone,9,0,0,0
TXN009616,CUST01400,63126.75,Mobile Money,Failed,Mbarara,Web,13,24,2,0
TXN009617,CUST01912,80698.63,Bank Transfer,Successful,Gulu,Android,14,12,1,0
TXN009618,CUST00559,338529.98,Mobile Money,Successful,Mbale,Web,20,0,0,0
TXN009619,CUST00107,270946.52,Mobile Money,Successful,Mbale,Android,11,0,0,0
TXN009620,CUST01644,9723.72,Card,Successful,Jinja,iPhone,18,0,0,0
TXN009621,CUST00265,31456.53,Bank Transfer,Successful,Jinja,iPhone,10,0,0,0
TXN009622,CUST01229,444096.15,Card,Suspicious,Mbarara,iPhone,0,52,1,1
TXN009623,CUST01103,434500.96,Mobile Money,Successful,Mbarara,iPhone,7,0,0,0
TXN009624,CUST00155,178956.83,Card,Successful,Kampala,Android,21,0,0,0
TXN009625,CUST01807,445579.78,Card,Successful,Mbarara,Android,5,12,1,0
TXN009626,CUST00988,297040.7,Mobile Money,Successful,Mbarara,iPhone,11,12,1,0
TXN009627,CUST00997,403049.87,Card,Successful,Mbale,iPhone,19,0,0,0
TXN009628,CUST00247,214001.82,Mobile Money,Successful,Gulu,Android,15,0,0,0
TXN009629,CUST00531,57142.46,Card,Successful,Gulu,Web,17,12,1,0
TXN009630,CUST00858,217146.67,Bank Transfer,Successful,Mbarara,iPhone,11,0,0,0
TXN009631,CUST01972,228921.25,Mobile Money,Successful,Kampala,Android,19,0,0,0
TXN009632,CUST00538,275696.62,Bank Transfer,Successful,Kampala,iPhone,1,0,0,0
TXN009633,CUST00729,53238.57,Card,Successful,Gulu,Android,6,12,1,0
TXN009634,CUST01178,495705.23,Bank Transfer,Successful,Jinja,iPhone,8,0,0,0
TXN009635,CUST00154,122446.34,Bank Transfer,Successful,Mbale,iPhone,17,12,1,0
TXN009636,CUST01710,99676.93,Bank Transfer,Failed,Mbarara,Web,8,24,2,0
TXN009637,CUST00092,263638.06,Card,Successful,Mbale,Web,7,12,1,0
TXN009638,CUST01457,268835.49,Mobile Money,Successful,Mbarara,Web,0,0,0,0
TXN009639,CUST00338,220190.46,Card,Successful,Mbarara,Web,4,0,0,0
TXN009640,CUST01504,386060.13,Card,Successful,Gulu,iPhone,15,12,1,0
TXN009641,CUST01717,258568.87,Card,Successful,Mbale,iPhone,13,0,0,0
TXN009642,CUST01155,305042.88,Mobile Money,Successful,Mbale,Web,12,0,0,0
TXN009643,CUST00450,362011.32,Card,Successful,Jinja,Web,10,12,1,0
TXN009644,CUST00810,13000.04,Card,Successful,Jinja,iPhone,19,0,0,0
TXN009645,CUST00787,285536.77,Mobile Money,Successful,Mbale,Android,22,0,0,0
TXN009646,CUST00273,442155.14,Mobile Money,Successful,Jinja,Web,12,0,0,0
TXN009647,CUST01953,9185.68,Mobile Money,Successful,Jinja,Android,14,0,0,0
TXN009648,CUST00588,202888.46,Bank Transfer,Successful,Mbarara,iPhone,23,0,0,0
TXN009649,CUST00177,463150.61,Mobile Money,Successful,Gulu,Android,15,0,0,0
TXN009650,CUST01720,176900.62,Bank Transfer,Successful,Mbarara,Web,12,0,0,0
TXN009651,CUST00831,229635.05,Bank Transfer,Failed,Jinja,Web,7,24,2,0
TXN009652,CUST00643,490779.93,Card,Successful,Mbarara,Web,17,0,0,0
TXN009653,CUST01899,100062.27,Bank Transfer,Successful,Mbarara,Web,18,0,0,0
TXN009654,CUST01073,33094.97,Card,Successful,Kampala,Web,14,0,0,0
TXN009655,CUST00567,429781.58,Bank Transfer,Successful,Mbarara,iPhone,9,0,0,0
TXN009656,CUST00666,434298.44,Mobile Money,Successful,Mbarara,Android,22,12,1,0
TXN009657,CUST01379,236302.88,Card,Successful,Gulu,iPhone,3,12,1,0
TXN009658,CUST01736,257346.48,Bank Transfer,Successful,Mbale,iPhone,5,0,0,0
TXN009659,CUST01332,417985.28,Card,Successful,Kampala,iPhone,7,12,1,0
TXN009660,CUST00868,369410.47,Mobile Money,Successful,Kampala,Android,23,0,0,0
TXN009661,CUST01909,132941.93,Bank Transfer,Successful,Kampala,Android,6,0,0,0
TXN009662,CUST01654,8938.23,Bank Transfer,Successful,Kampala,iPhone,11,0,0,0
TXN009663,CUST01799,240110.23,Mobile Money,Successful,Gulu,Android,17,12,1,0
TXN009664,CUST01070,429526.71,Bank Transfer,Successful,Mbale,iPhone,17,12,1,0
TXN009665,CUST00302,447969.42,Bank Transfer,Successful,Gulu,iPhone,18,0,0,0
TXN009666,CUST00868,478134.99,Card,Suspicious,Kampala,Web,3,40,0,1
TXN009667,CUST00912,439841.84,Bank Transfer,Suspicious,Mbale,Android,0,52,1,1
TXN009668,CUST00408,290231.76,Mobile Money,Successful,Gulu,Web,4,0,0,0
TXN009669,CUST01213,222580.5,Bank Transfer,Successful,Mbale,iPhone,6,12,1,0
TXN009670,CUST00822,387537.5,Card,Successful,Gulu,iPhone,10,12,1,0
TXN009671,CUST01854,370040.91,Bank Transfer,Successful,Mbale,iPhone,20,12,1,0
TXN009672,CUST01153,269302.64,Card,Successful,Gulu,Web,22,0,0,0
TXN009673,CUST00561,44120.02,Bank Transfer,Successful,Kampala,Web,20,0,0,0
TXN009674,CUST01561,463077.63,Card,Successful,Kampala,iPhone,10,0,0,0
TXN009675,CUST01290,228073.47,Card,Successful,Kampala,Web,9,0,0,0
TXN009676,CUST01142,181985.22,Bank Transfer,Failed,Gulu,iPhone,23,24,2,0
TXN009677,CUST00464,314968.91,Mobile Money,Failed,Mbale,iPhone,6,36,3,0
TXN009678,CUST00144,337082.06,Mobile Money,Successful,Mbale,Web,15,0,0,0
TXN009679,CUST00442,105738.61,Bank Transfer,Successful,Jinja,Android,0,12,1,0
TXN009680,CUST01224,418550.95,Bank Transfer,Suspicious,Mbarara,iPhone,0,40,0,1
TXN009681,CUST01181,145323.58,Bank Transfer,Successful,Kampala,iPhone,11,12,1,0
TXN009682,CUST00487,93748.62,Bank Transfer,Successful,Kampala,Web,15,0,0,0
TXN009683,CUST00860,203496.73,Bank Transfer,Successful,Kampala,Web,4,0,0,0
TXN009684,CUST01158,365414.76,Mobile Money,Successful,Jinja,Web,13,0,0,0
TXN009685,CUST01936,482746.36,Card,Successful,Jinja,iPhone,17,0,0,0
TXN009686,CUST00148,404735.99,Card,Successful,Jinja,Android,8,12,1,0
TXN009687,CUST01360,470204.01,Mobile Money,Suspicious,Kampala,Android,1,52,1,1
TXN009688,CUST01095,70732.6,Mobile Money,Successful,Mbale,Android,11,0,0,0
TXN009689,CUST01257,36052.81,Card,Successful,Kampala,iPhone,9,0,0,0
TXN009690,CUST01358,279073.53,Mobile Money,Successful,Jinja,Web,1,12,1,0
TXN009691,CUST00811,145503.59,Bank Transfer,Successful,Jinja,Android,14,12,1,0
TXN009692,CUST00666,414113.46,Mobile Money,Suspicious,Mbarara,Android,3,40,0,1
TXN009693,CUST00090,336157.94,Mobile Money,Failed,Gulu,Android,18,24,2,0
TXN009694,CUST01358,485378.72,Mobile Money,Successful,Mbarara,iPhone,21,0,0,0
TXN009695,CUST00199,127768.78,Mobile Money,Successful,Mbarara,Web,3,0,0,0
TXN009696,CUST01185,243149.17,Card,Successful,Kampala,Web,8,0,0,0
TXN009697,CUST00538,250869.62,Card,Successful,Gulu,Web,12,0,0,0
TXN009698,CUST01145,119968.81,Card,Failed,Gulu,Web,9,24,2,0
TXN009699,CUST00301,295251.65,Card,Failed,Kampala,Android,13,24,2,0
TXN009700,CUST00724,221921.35,Bank Transfer,Successful,Mbale,Web,2,0,0,0
TXN009701,CUST01599,223637.42,Bank Transfer,Successful,Kampala,Android,2,0,0,0
TXN009702,CUST00963,181686.96,Card,Failed,Mbale,iPhone,19,24,2,0
TXN009703,CUST01460,8956.21,Card,Successful,Mbale,iPhone,15,0,0,0
TXN009704,CUST00068,261286.57,Card,Successful,Gulu,iPhone,8,0,0,0
TXN009705,CUST01789,167956.29,Mobile Money,Successful,Kampala,Web,13,0,0,0
TXN009706,CUST01946,1159.27,Bank Transfer,Successful,Kampala,Web,21,0,0,0
TXN009707,CUST00459,154317.88,Bank Transfer,Successful,Gulu,Android,15,12,1,0
TXN009708,CUST01538,139674.85,Mobile Money,Successful,Mbarara,Web,8,12,1,0
TXN009709,CUST00398,197027.35,Mobile Money,Successful,Kampala,iPhone,23,0,0,0
TXN009710,CUST00620,66360.07,Mobile Money,Successful,Jinja,Web,22,0,0,0
TXN009711,CUST01310,254088.07,Bank Transfer,Successful,Jinja,Android,4,12,1,0
TXN009712,CUST01585,346373.96,Mobile Money,Successful,Kampala,iPhone,12,12,1,0
TXN009713,CUST01164,315277.69,Mobile Money,Successful,Mbale,iPhone,14,12,1,0
TXN009714,CUST00730,401975.6,Mobile Money,Suspicious,Gulu,Android,3,40,0,1
TXN009715,CUST00556,226278.14,Card,Successful,Mbale,iPhone,13,0,0,0
TXN009716,CUST01953,259786.32,Mobile Money,Successful,Jinja,Android,19,0,0,0
TXN009717,CUST00781,405295.77,Card,Successful,Jinja,Android,23,0,0,0
TXN009718,CUST01614,214136.73,Bank Transfer,Successful,Gulu,Web,19,0,0,0
TXN009719,CUST01752,350948.88,Bank Transfer,Successful,Jinja,iPhone,6,12,1,0
TXN009720,CUST00894,217583.88,Bank Transfer,Successful,Mbarara,Web,3,0,0,0
TXN009721,CUST00610,209159.23,Card,Failed,Jinja,Web,16,36,3,0
TXN009722,CUST00748,380222.71,Mobile Money,Successful,Mbale,Android,8,0,0,0
TXN009723,CUST00282,87831.04,Bank Transfer,Successful,Mbale,Android,3,0,0,0
TXN009724,CUST00661,169623.69,Mobile Money,Successful,Mbarara,Web,2,0,0,0
TXN009725,CUST00924,112474.05,Card,Successful,Mbale,Android,18,12,1,0
TXN009726,CUST01840,179875.42,Bank Transfer,Successful,Mbale,iPhone,8,12,1,0
TXN009727,CUST00996,115572.22,Mobile Money,Successful,Mbale,iPhone,7,0,0,0
TXN009728,CUST01960,289913.11,Mobile Money,Successful,Kampala,Web,6,12,1,0
TXN009729,CUST01602,399186.32,Bank Transfer,Successful,Mbarara,iPhone,6,0,0,0
TXN009730,CUST00746,393413.22,Mobile Money,Successful,Mbarara,Web,3,0,0,0
TXN009731,CUST01481,182568.23,Card,Successful,Jinja,iPhone,18,0,0,0
TXN009732,CUST00087,494385.82,Bank Transfer,Successful,Mbarara,Android,11,12,1,0
TXN009733,CUST01103,297130.26,Bank Transfer,Successful,Gulu,iPhone,19,0,0,0
TXN009734,CUST01229,200000.45,Bank Transfer,Successful,Mbarara,Android,5,12,1,0
TXN009735,CUST00791,417851.87,Bank Transfer,Successful,Gulu,Web,11,0,0,0
TXN009736,CUST01361,365072.07,Card,Successful,Mbale,iPhone,19,0,0,0
TXN009737,CUST01278,374763.03,Card,Successful,Gulu,Android,3,0,0,0
TXN009738,CUST00304,98471.61,Mobile Money,Successful,Kampala,Android,1,0,0,0
TXN009739,CUST01404,234427.99,Card,Successful,Mbale,Web,14,0,0,0
TXN009740,CUST00130,430983.15,Mobile Money,Successful,Gulu,Web,22,0,0,0
TXN009741,CUST00596,252266.98,Mobile Money,Successful,Mbale,iPhone,5,0,0,0
TXN009742,CUST01300,341884.65,Bank Transfer,Successful,Kampala,iPhone,17,0,0,0
TXN009743,CUST01723,294172.9,Mobile Money,Successful,Mbale,iPhone,20,12,1,0
TXN009744,CUST00558,421257.22,Bank Transfer,Successful,Mbale,Android,21,0,0,0
TXN009745,CUST00899,142638.14,Mobile Money,Successful,Mbarara,Web,4,12,1,0
TXN009746,CUST01207,287949.9,Card,Successful,Jinja,iPhone,3,0,0,0
TXN009747,CUST01292,62055.72,Bank Transfer,Successful,Gulu,iPhone,10,0,0,0
TXN009748,CUST01832,345260.28,Mobile Money,Successful,Jinja,Android,10,0,0,0
TXN009749,CUST01346,366117.94,Card,Successful,Kampala,iPhone,8,0,0,0
TXN009750,CUST01536,21897.24,Card,Successful,Kampala,Android,2,0,0,0
TXN009751,CUST01636,338057.59,Bank Transfer,Failed,Mbale,Android,10,24,2,0
TXN009752,CUST00078,207637.73,Bank Transfer,Successful,Jinja,Web,1,0,0,0
TXN009753,CUST00784,62486.39,Bank Transfer,Successful,Gulu,Android,8,12,1,0
TXN009754,CUST01363,210243.82,Mobile Money,Successful,Gulu,Web,23,0,0,0
TXN009755,CUST00674,97519.35,Bank Transfer,Successful,Mbale,Android,9,12,1,0
TXN009756,CUST01580,208071.99,Card,Successful,Gulu,Web,10,0,0,0
TXN009757,CUST01533,192477.34,Card,Successful,Mbarara,Android,2,12,1,0
TXN009758,CUST00238,369326.62,Bank Transfer,Successful,Jinja,iPhone,16,0,0,0
TXN009759,CUST01158,387220.67,Bank Transfer,Successful,Kampala,Web,10,0,0,0
TXN009760,CUST01997,303710.81,Card,Successful,Gulu,Web,16,0,0,0
TXN009761,CUST01216,11832.08,Mobile Money,Successful,Gulu,Android,18,12,1,0
TXN009762,CUST01380,465545.63,Card,Suspicious,Gulu,iPhone,3,40,0,1
TXN009763,CUST00278,343273.52,Card,Successful,Mbale,iPhone,1,12,1,0
TXN009764,CUST01042,17580.63,Card,Successful,Kampala,Web,23,0,0,0
TXN009765,CUST00524,409507.03,Bank Transfer,Successful,Jinja,iPhone,13,0,0,0
TXN009766,CUST00180,100532.94,Mobile Money,Successful,Gulu,iPhone,14,12,1,0
TXN009767,CUST00123,289820.98,Mobile Money,Successful,Mbarara,Android,2,12,1,0
TXN009768,CUST01270,233583.87,Bank Transfer,Successful,Mbale,iPhone,19,0,0,0
TXN009769,CUST01758,210209.47,Card,Successful,Jinja,iPhone,21,12,1,0
TXN009770,CUST01397,444912.0,Bank Transfer,Successful,Gulu,iPhone,12,12,1,0
TXN009771,CUST01075,218961.97,Bank Transfer,Successful,Jinja,iPhone,21,0,0,0
TXN009772,CUST01095,38134.39,Mobile Money,Successful,Mbale,Android,12,0,0,0
TXN009773,CUST00480,473346.04,Mobile Money,Successful,Mbarara,Android,17,12,1,0
TXN009774,CUST01584,460307.35,Bank Transfer,Successful,Gulu,iPhone,21,12,1,0
TXN009775,CUST01043,342374.13,Bank Transfer,Successful,Mbarara,Android,19,0,0,0
TXN009776,CUST01798,234212.32,Mobile Money,Successful,Mbale,Web,20,0,0,0
TXN009777,CUST00084,46883.31,Mobile Money,Successful,Mbarara,Android,6,12,1,0
TXN009778,CUST01179,395478.69,Card,Successful,Mbale,Android,22,0,0,0
TXN009779,CUST00565,38201.22,Bank Transfer,Successful,Mbarara,Android,15,0,0,0
TXN009780,CUST00619,34766.19,Card,Successful,Jinja,Web,15,12,1,0
TXN009781,CUST00357,268923.23,Card,Successful,Jinja,Web,21,12,1,0
TXN009782,CUST00816,80484.06,Card,Successful,Mbale,Web,5,0,0,0
TXN009783,CUST00647,4361.27,Mobile Money,Successful,Jinja,Android,5,0,0,0
TXN009784,CUST00443,211845.16,Card,Successful,Mbarara,Web,3,12,1,0
TXN009785,CUST01093,69040.01,Mobile Money,Successful,Mbarara,Web,2,12,1,0
TXN009786,CUST00523,80677.45,Mobile Money,Successful,Gulu,Android,0,0,0,0
TXN009787,CUST00143,38916.86,Mobile Money,Successful,Mbale,iPhone,2,0,0,0
TXN009788,CUST00192,102944.33,Bank Transfer,Successful,Jinja,Android,18,0,0,0
TXN009789,CUST01411,357884.35,Card,Successful,Mbale,Android,8,0,0,0
TXN009790,CUST00378,404559.19,Mobile Money,Successful,Jinja,Android,13,0,0,0
TXN009791,CUST00581,226540.56,Bank Transfer,Failed,Gulu,iPhone,18,24,2,0
TXN009792,CUST00535,253523.63,Bank Transfer,Successful,Mbarara,Android,23,0,0,0
TXN009793,CUST01717,16811.19,Bank Transfer,Successful,Mbarara,Android,23,0,0,0
TXN009794,CUST01317,35123.47,Mobile Money,Successful,Kampala,iPhone,18,0,0,0
TXN009795,CUST01033,129155.08,Mobile Money,Successful,Mbale,Android,12,0,0,0
TXN009796,CUST01295,272177.26,Mobile Money,Successful,Jinja,Android,21,0,0,0
TXN009797,CUST01411,369905.8,Bank Transfer,Successful,Kampala,Android,15,12,1,0
TXN009798,CUST00093,302699.03,Mobile Money,Successful,Mbale,iPhone,7,0,0,0
TXN009799,CUST01990,196367.86,Card,Successful,Jinja,Android,23,0,0,0
TXN009800,CUST00529,59602.87,Mobile Money,Successful,Gulu,iPhone,15,12,1,0
TXN009801,CUST01178,390496.23,Mobile Money,Successful,Mbale,iPhone,8,0,0,0
TXN009802,CUST00405,182211.13,Card,Successful,Jinja,Web,8,0,0,0
TXN009803,CUST00840,368158.98,Mobile Money,Successful,Mbarara,Android,23,12,1,0
TXN009804,CUST01173,256732.93,Mobile Money,Successful,Mbale,Android,22,12,1,0
TXN009805,CUST00889,369461.7,Mobile Money,Successful,Jinja,Web,2,12,1,0
TXN009806,CUST01291,453691.14,Mobile Money,Failed,Mbarara,Web,6,24,2,0
TXN009807,CUST00422,460554.24,Bank Transfer,Successful,Mbarara,Android,19,0,0,0
TXN009808,CUST01864,267785.84,Mobile Money,Successful,Kampala,Android,17,12,1,0
TXN009809,CUST01642,255998.43,Card,Successful,Jinja,Web,23,0,0,0
TXN009810,CUST00472,133206.39,Card,Successful,Kampala,Android,1,12,1,0
TXN009811,CUST00893,467932.02,Bank Transfer,Suspicious,Kampala,Android,0,40,0,1
TXN009812,CUST00547,229230.62,Mobile Money,Successful,Gulu,Android,11,12,1,0
TXN009813,CUST00631,64231.82,Card,Successful,Kampala,Web,15,12,1,0
TXN009814,CUST01550,216636.1,Bank Transfer,Successful,Kampala,Web,11,0,0,0
TXN009815,CUST01527,63963.1,Mobile Money,Successful,Gulu,iPhone,20,12,1,0
TXN009816,CUST01038,251514.58,Bank Transfer,Successful,Gulu,iPhone,9,0,0,0
TXN009817,CUST00778,280857.12,Mobile Money,Successful,Mbale,Android,8,12,1,0
TXN009818,CUST01676,169209.0,Bank Transfer,Successful,Kampala,Android,20,0,0,0
TXN009819,CUST01830,36289.48,Bank Transfer,Successful,Mbarara,iPhone,17,0,0,0
TXN009820,CUST00364,471780.02,Card,Suspicious,Gulu,iPhone,3,52,1,1
TXN009821,CUST00119,386789.88,Card,Successful,Jinja,iPhone,7,0,0,0
TXN009822,CUST01262,419521.1,Bank Transfer,Successful,Mbale,Android,22,12,1,0
TXN009823,CUST00546,183750.76,Mobile Money,Successful,Mbale,Android,20,0,0,0
TXN009824,CUST01193,380535.1,Mobile Money,Successful,Kampala,iPhone,3,0,0,0
TXN009825,CUST00522,242943.76,Mobile Money,Successful,Mbarara,Web,15,0,0,0
TXN009826,CUST00634,100941.2,Mobile Money,Successful,Gulu,iPhone,20,0,0,0
TXN009827,CUST01937,62649.48,Mobile Money,Successful,Jinja,Web,22,12,1,0
TXN009828,CUST01681,172852.91,Card,Failed,Kampala,Web,20,24,2,0
TXN009829,CUST00963,69207.28,Bank Transfer,Successful,Mbarara,Android,7,12,1,0
TXN009830,CUST00958,499135.35,Card,Successful,Kampala,Web,6,12,1,0
TXN009831,CUST01759,25069.9,Mobile Money,Successful,Kampala,Web,22,0,0,0
TXN009832,CUST00883,220851.23,Bank Transfer,Failed,Mbale,iPhone,23,24,2,0
TXN009833,CUST01793,226320.71,Mobile Money,Successful,Jinja,iPhone,12,12,1,0
TXN009834,CUST00780,150665.65,Mobile Money,Successful,Jinja,Web,7,0,0,0
TXN009835,CUST00871,285890.11,Bank Transfer,Successful,Jinja,iPhone,21,0,0,0
TXN009836,CUST00516,75413.52,Mobile Money,Successful,Jinja,iPhone,6,0,0,0
TXN009837,CUST00938,392064.23,Card,Successful,Gulu,iPhone,23,0,0,0
TXN009838,CUST01421,166557.64,Card,Successful,Gulu,iPhone,4,0,0,0
TXN009839,CUST00866,295875.62,Card,Successful,Jinja,Web,17,0,0,0
TXN009840,CUST00106,357961.8,Mobile Money,Successful,Mbarara,Web,22,0,0,0
TXN009841,CUST01109,444576.54,Card,Successful,Gulu,Web,18,12,1,0
TXN009842,CUST00214,417975.82,Mobile Money,Failed,Gulu,Web,9,24,2,0
TXN009843,CUST01145,304350.36,Mobile Money,Successful,Mbarara,Web,10,0,0,0
TXN009844,CUST01156,194502.39,Card,Successful,Jinja,Android,7,12,1,0
TXN009845,CUST00850,251850.73,Card,Successful,Kampala,iPhone,5,0,0,0
TXN009846,CUST00197,384483.03,Mobile Money,Successful,Gulu,Android,10,12,1,0
TXN009847,CUST00019,438834.0,Mobile Money,Successful,Kampala,Web,15,0,0,0
TXN009848,CUST00642,52339.07,Mobile Money,Successful,Kampala,iPhone,3,0,0,0
TXN009849,CUST01036,192735.7,Mobile Money,Successful,Mbarara,Web,1,0,0,0
TXN009850,CUST01105,388170.24,Card,Successful,Jinja,Android,12,0,0,0
TXN009851,CUST00330,216110.06,Mobile Money,Successful,Kampala,Web,6,0,0,0
TXN009852,CUST00866,166447.77,Mobile Money,Failed,Jinja,iPhone,16,36,3,0
TXN009853,CUST00774,205955.69,Mobile Money,Successful,Mbale,Web,22,0,0,0
TXN009854,CUST00392,301620.95,Mobile Money,Successful,Jinja,Web,12,0,0,0
TXN009855,CUST00637,499902.67,Mobile Money,Successful,Mbarara,iPhone,9,12,1,0
TXN009856,CUST00307,246749.72,Bank Transfer,Successful,Mbarara,Android,12,12,1,0
TXN009857,CUST01291,104642.99,Bank Transfer,Successful,Mbale,Android,9,12,1,0
TXN009858,CUST01471,81841.86,Bank Transfer,Successful,Mbarara,iPhone,6,12,1,0
TXN009859,CUST01465,21653.7,Card,Successful,Jinja,iPhone,9,0,0,0
TXN009860,CUST00895,279629.21,Mobile Money,Successful,Jinja,Android,15,0,0,0
TXN009861,CUST00652,272513.76,Card,Successful,Jinja,iPhone,2,0,0,0
TXN009862,CUST00841,103014.35,Mobile Money,Successful,Mbarara,Android,3,0,0,0
TXN009863,CUST01026,347817.04,Bank Transfer,Successful,Jinja,Web,3,0,0,0
TXN009864,CUST00520,370682.97,Mobile Money,Successful,Gulu,Android,3,12,1,0
TXN009865,CUST01786,129919.55,Card,Failed,Mbale,iPhone,15,24,2,0
TXN009866,CUST01675,172377.83,Card,Successful,Gulu,Web,8,0,0,0
TXN009867,CUST00636,495240.6,Mobile Money,Successful,Jinja,iPhone,5,0,0,0
TXN009868,CUST01333,187445.1,Card,Successful,Mbarara,Android,9,0,0,0
TXN009869,CUST00740,380520.44,Bank Transfer,Successful,Mbale,Web,3,0,0,0
TXN009870,CUST01546,226636.35,Mobile Money,Successful,Gulu,Android,22,0,0,0
TXN009871,CUST00469,396775.74,Bank Transfer,Successful,Jinja,Web,11,0,0,0
TXN009872,CUST00212,384627.11,Bank Transfer,Successful,Mbarara,iPhone,9,12,1,0
TXN009873,CUST01136,334044.13,Card,Successful,Jinja,Android,11,12,1,0
TXN009874,CUST01032,427461.78,Mobile Money,Successful,Gulu,Web,18,0,0,0
TXN009875,CUST00804,469639.64,Bank Transfer,Successful,Gulu,Web,18,0,0,0
TXN009876,CUST00477,290201.67,Bank Transfer,Failed,Mbale,Web,21,24,2,0
TXN009877,CUST00874,119115.72,Mobile Money,Successful,Mbarara,Android,23,0,0,0
TXN009878,CUST00460,199615.17,Card,Successful,Kampala,iPhone,0,12,1,0
TXN009879,CUST00253,379273.7,Bank Transfer,Successful,Jinja,iPhone,3,0,0,0
TXN009880,CUST01550,325616.3,Mobile Money,Successful,Mbarara,Web,12,0,0,0
TXN009881,CUST00752,89310.27,Mobile Money,Successful,Kampala,iPhone,7,0,0,0
TXN009882,CUST01462,26094.15,Bank Transfer,Failed,Mbarara,Android,21,24,2,0
TXN009883,CUST01778,341639.32,Bank Transfer,Successful,Jinja,iPhone,13,12,1,0
TXN009884,CUST00981,125913.97,Bank Transfer,Successful,Jinja,iPhone,15,0,0,0
TXN009885,CUST00854,250085.29,Card,Successful,Mbale,Android,1,12,1,0
TXN009886,CUST01685,373500.01,Card,Successful,Gulu,Android,7,12,1,0
TXN009887,CUST00236,281552.06,Mobile Money,Failed,Gulu,iPhone,12,24,2,0
TXN009888,CUST01330,42109.64,Mobile Money,Failed,Gulu,iPhone,0,24,2,0
TXN009889,CUST00478,93197.33,Bank Transfer,Successful,Mbale,iPhone,11,0,0,0
TXN009890,CUST00679,110054.43,Mobile Money,Successful,Gulu,Web,16,12,1,0
TXN009891,CUST01044,129303.19,Card,Successful,Mbarara,Android,6,12,1,0
TXN009892,CUST00216,282918.99,Mobile Money,Successful,Gulu,Web,15,0,0,0
TXN009893,CUST00855,252230.91,Mobile Money,Successful,Gulu,Web,13,12,1,0
TXN009894,CUST00135,101978.44,Bank Transfer,Successful,Jinja,Web,9,0,0,0
TXN009895,CUST00905,34243.64,Bank Transfer,Successful,Mbale,Web,2,0,0,0
TXN009896,CUST01153,86130.39,Card,Successful,Mbale,iPhone,11,12,1,0
TXN009897,CUST00410,492198.47,Mobile Money,Successful,Gulu,Android,7,0,0,0
TXN009898,CUST01446,234539.2,Mobile Money,Successful,Kampala,iPhone,15,12,1,0
TXN009899,CUST01318,433739.08,Mobile Money,Successful,Jinja,Android,23,0,0,0
TXN009900,CUST01270,424451.86,Bank Transfer,Suspicious,Gulu,Web,0,40,0,1
TXN009901,CUST01725,256004.02,Card,Successful,Kampala,Android,16,0,0,0
TXN009902,CUST01580,353490.51,Mobile Money,Successful,Mbarara,Android,5,12,1,0
TXN009903,CUST00086,96779.63,Mobile Money,Successful,Jinja,Android,0,0,0,0
TXN009904,CUST00556,344354.15,Mobile Money,Successful,Mbale,Android,23,0,0,0
TXN009905,CUST01866,136556.1,Mobile Money,Successful,Kampala,iPhone,14,0,0,0
TXN009906,CUST01399,416115.02,Card,Successful,Gulu,Web,12,12,1,0
TXN009907,CUST01470,42320.2,Card,Successful,Kampala,iPhone,5,0,0,0
TXN009908,CUST00378,386682.77,Card,Successful,Mbale,Web,20,0,0,0
TXN009909,CUST01414,50418.48,Bank Transfer,Successful,Mbarara,iPhone,12,0,0,0
TXN009910,CUST01681,440654.02,Mobile Money,Successful,Kampala,iPhone,21,0,0,0
TXN009911,CUST01075,152450.16,Mobile Money,Successful,Gulu,iPhone,3,12,1,0
TXN009912,CUST00242,327369.49,Mobile Money,Successful,Kampala,Android,0,0,0,0
TXN009913,CUST01318,244007.39,Mobile Money,Successful,Mbarara,Android,22,0,0,0
TXN009914,CUST00920,183468.42,Card,Successful,Kampala,Android,9,0,0,0
TXN009915,CUST01587,322898.2,Bank Transfer,Successful,Mbarara,Android,3,12,1,0
TXN009916,CUST00266,473787.73,Bank Transfer,Successful,Mbarara,iPhone,12,12,1,0
TXN009917,CUST01144,21114.24,Mobile Money,Successful,Jinja,iPhone,3,0,0,0
TXN009918,CUST00712,459467.0,Card,Successful,Jinja,Web,15,0,0,0
TXN009919,CUST01941,304736.29,Bank Transfer,Successful,Gulu,Android,8,12,1,0
TXN009920,CUST01272,403753.49,Bank Transfer,Suspicious,Gulu,Android,3,40,0,1
TXN009921,CUST00070,192245.54,Mobile Money,Successful,Gulu,Android,19,0,0,0
TXN009922,CUST01877,236185.57,Bank Transfer,Successful,Mbarara,Android,7,0,0,0
TXN009923,CUST00057,434490.95,Mobile Money,Suspicious,Mbarara,Android,3,52,1,1
TXN009924,CUST01406,207716.56,Card,Successful,Jinja,Android,8,0,0,0
TXN009925,CUST00039,267562.45,Mobile Money,Successful,Mbarara,iPhone,10,0,0,0
TXN009926,CUST00801,10587.36,Bank Transfer,Successful,Jinja,Android,23,12,1,0
TXN009927,CUST01467,79719.7,Mobile Money,Successful,Kampala,Android,4,0,0,0
TXN009928,CUST01042,321022.41,Mobile Money,Successful,Gulu,iPhone,8,12,1,0
TXN009929,CUST01976,358629.96,Mobile Money,Successful,Gulu,Web,7,0,0,0
TXN009930,CUST00732,291509.17,Mobile Money,Successful,Mbale,iPhone,3,12,1,0
TXN009931,CUST00825,72083.36,Mobile Money,Successful,Jinja,Android,19,0,0,0
TXN009932,CUST00756,222980.01,Mobile Money,Successful,Mbale,iPhone,0,0,0,0
TXN009933,CUST00352,177869.84,Bank Transfer,Successful,Gulu,Android,19,0,0,0
TXN009934,CUST01996,248082.84,Mobile Money,Failed,Mbale,iPhone,12,24,2,0
TXN009935,CUST01840,435229.35,Bank Transfer,Successful,Kampala,Web,23,12,1,0
TXN009936,CUST01322,388042.79,Mobile Money,Successful,Mbale,Android,4,0,0,0
TXN009937,CUST00283,42452.76,Card,Successful,Kampala,iPhone,21,0,0,0
TXN009938,CUST01610,445209.44,Mobile Money,Successful,Gulu,iPhone,19,12,1,0
TXN009939,CUST00110,236147.69,Bank Transfer,Successful,Mbarara,iPhone,20,0,0,0
TXN009940,CUST01017,372059.14,Bank Transfer,Successful,Jinja,Android,9,0,0,0
TXN009941,CUST01204,70449.6,Card,Successful,Mbale,iPhone,15,0,0,0
TXN009942,CUST01962,335524.4,Mobile Money,Successful,Kampala,Android,7,12,1,0
TXN009943,CUST00544,118544.85,Card,Successful,Gulu,Android,11,0,0,0
TXN009944,CUST01770,219471.26,Mobile Money,Successful,Gulu,Web,2,0,0,0
TXN009945,CUST01818,8923.0,Mobile Money,Successful,Mbarara,Web,3,12,1,0
TXN009946,CUST00025,76229.51,Bank Transfer,Successful,Gulu,iPhone,16,12,1,0
TXN009947,CUST00843,46494.21,Card,Successful,Gulu,Android,20,0,0,0
TXN009948,CUST00791,120252.21,Card,Successful,Mbarara,iPhone,19,0,0,0
TXN009949,CUST00738,50459.04,Bank Transfer,Successful,Gulu,Android,21,12,1,0
TXN009950,CUST00057,346109.06,Bank Transfer,Successful,Kampala,Android,21,12,1,0
TXN009951,CUST00180,15005.43,Card,Successful,Mbale,iPhone,12,12,1,0
TXN009952,CUST00232,309061.38,Bank Transfer,Successful,Mbale,Android,5,0,0,0
TXN009953,CUST01918,70783.56,Mobile Money,Successful,Kampala,iPhone,2,0,0,0
TXN009954,CUST00343,472608.15,Card,Successful,Mbale,Android,13,0,0,0
TXN009955,CUST00477,466580.49,Card,Successful,Gulu,iPhone,6,12,1,0
TXN009956,CUST01823,113138.8,Bank Transfer,Successful,Mbale,iPhone,2,12,1,0
TXN009957,CUST00576,307403.44,Mobile Money,Failed,Mbale,Web,5,36,3,0
TXN009958,CUST00455,14488.66,Card,Successful,Gulu,Web,12,12,1,0
TXN009959,CUST01256,465928.38,Card,Successful,Mbale,Android,13,0,0,0
TXN009960,CUST00289,261732.16,Mobile Money,Successful,Gulu,iPhone,14,12,1,0
TXN009961,CUST01237,22089.96,Bank Transfer,Successful,Mbarara,iPhone,15,0,0,0
TXN009962,CUST00258,171578.75,Bank Transfer,Failed,Mbarara,iPhone,0,24,2,0
TXN009963,CUST00530,38886.31,Bank Transfer,Successful,Mbale,iPhone,14,0,0,0
TXN009964,CUST00687,196775.75,Bank Transfer,Successful,Mbarara,iPhone,23,0,0,0
TXN009965,CUST00929,335128.21,Mobile Money,Successful,Mbale,Android,6,0,0,0
TXN009966,CUST00229,235210.01,Mobile Money,Successful,Mbarara,Web,8,12,1,0
TXN009967,CUST01250,192169.23,Card,Successful,Mbale,iPhone,14,12,1,0
TXN009968,CUST00596,60018.94,Card,Successful,Jinja,iPhone,13,12,1,0
TXN009969,CUST01827,122847.05,Mobile Money,Successful,Kampala,iPhone,18,0,0,0
TXN009970,CUST00435,50521.57,Card,Successful,Mbarara,Android,23,0,0,0
TXN009971,CUST00882,403845.62,Mobile Money,Successful,Gulu,Web,17,0,0,0
TXN009972,CUST01021,68052.29,Bank Transfer,Successful,Kampala,Web,8,0,0,0
TXN009973,CUST01782,297889.0,Mobile Money,Successful,Mbale,iPhone,0,0,0,0
TXN009974,CUST00402,171698.84,Mobile Money,Successful,Kampala,Android,11,0,0,0
TXN009975,CUST00622,113376.2,Card,Successful,Gulu,Web,9,0,0,0
TXN009976,CUST01790,319914.49,Mobile Money,Failed,Gulu,Web,6,24,2,0
TXN009977,CUST00088,228772.65,Bank Transfer,Successful,Mbale,Android,13,0,0,0
TXN009978,CUST00584,200372.66,Bank Transfer,Successful,Mbarara,Web,0,0,0,0
TXN009979,CUST01917,296629.58,Card,Successful,Mbarara,Android,14,0,0,0
TXN009980,CUST01566,245888.18,Card,Successful,Jinja,Web,21,12,1,0
TXN009981,CUST01708,152090.36,Mobile Money,Successful,Gulu,Android,0,12,1,0
TXN009982,CUST00309,279751.11,Card,Successful,Jinja,iPhone,12,0,0,0
TXN009983,CUST00906,334914.54,Bank Transfer,Successful,Gulu,Web,19,0,0,0
TXN009984,CUST00343,13833.23,Card,Successful,Jinja,Web,22,12,1,0
TXN009985,CUST00436,233202.93,Card,Failed,Mbarara,Web,1,24,2,0
TXN009986,CUST00177,29312.8,Bank Transfer,Successful,Gulu,Android,2,12,1,0
TXN009987,CUST00139,93609.5,Mobile Money,Successful,Mbarara,Web,3,12,1,0
TXN009988,CUST00194,280474.11,Mobile Money,Successful,Kampala,Web,15,0,0,0
TXN009989,CUST01210,433161.36,Card,Successful,Mbarara,Android,21,12,1,0
TXN009990,CUST01242,441461.44,Bank Transfer,Successful,Gulu,Web,11,0,0,0
TXN009991,CUST01188,35437.03,Bank Transfer,Successful,Kampala,Web,3,12,1,0
TXN009992,CUST01185,209842.99,Bank Transfer,Successful,Jinja,Android,21,0,0,0
TXN009993,CUST00943,291711.74,Mobile Money,Successful,Mbale,Android,11,0,0,0
TXN009994,CUST00525,73961.42,Bank Transfer,Successful,Gulu,Android,6,0,0,0
TXN009995,CUST01832,382833.39,Bank Transfer,Successful,Mbale,Web,19,0,0,0
TXN009996,CUST01625,372245.51,Mobile Money,Successful,Mbale,iPhone,21,12,1,0
TXN009997,CUST01860,451718.84,Bank Transfer,Suspicious,Kampala,Android,2,40,0,1
TXN009998,CUST01066,4738.76,Mobile Money,Successful,Jinja,Web,4,0,0,0
TXN009999,CUST00915,108733.78,Card,Successful,Mbarara,iPhone,11,0,0,0
TXN010000,CUST00210,413679.76,Card,Successful,Kampala,iPhone,11,0,0,0
